Actual_Demand,Predicted_Demand,Absolute_Error,Percentage_Error
13.0,5.130626984126982,7.869373015873018,60.533638583638606
12.0,11.960099516170104,0.039900483829896416,0.33250403191580347
8.0,11.630500296591306,3.630500296591306,45.38125370739132
8.0,11.62522276450273,3.6252227645027304,45.315284556284126
7.0,11.272866351887208,4.272866351887208,61.04094788410297
16.0,12.423235449735449,3.576764550264551,22.354778439153446
16.0,11.602156593406596,4.397843406593404,27.486521291208778
8.0,10.458079282065729,2.4580792820657287,30.725991025821607
14.0,11.131968588054018,2.8680314119459815,20.48593865675701
5.0,10.179554231750213,5.179554231750213,103.59108463500426
10.0,8.786017669172933,1.2139823308270667,12.139823308270667
6.0,8.912753469483732,2.9127534694837323,48.545891158062204
9.0,12.914225376475375,3.9142253764753754,43.491393071948615
14.0,13.774729021426605,0.22527097857339484,1.6090784183813915
10.0,11.217700292992612,1.2177002929926122,12.177002929926122
12.0,11.664726476830925,0.3352735231690751,2.7939460264089595
10.0,10.957352650841138,0.9573526508411376,9.573526508411376
14.0,10.942344680509517,3.0576553194904825,21.840395139217733
12.0,9.830282674475262,2.169717325524738,18.08097771270615
13.0,12.771038418446954,0.2289615815530457,1.7612429350234284
11.0,12.945338772338774,1.9453387723387738,17.684897930352488
14.0,9.307237524433763,4.692762475566237,33.51973196833026
10.0,10.143090534177961,0.14309053417796136,1.4309053417796136
11.0,9.74457780790259,1.2554221920974094,11.412929019067358
12.0,11.012845429595897,0.9871545704041029,8.226288086700857
11.0,10.720099631293925,0.27990036870607504,2.544548806418864
11.0,14.279140461890465,3.2791404618904654,29.810367835367867
14.0,14.334265512765514,0.33426551276551386,2.3876108054679563
12.0,11.345896895295052,0.6541031047049479,5.450859205874567
8.0,11.637774286005673,3.6377742860056728,45.47217857507091
11.0,10.487949267501335,0.5120507324986647,4.65500665907877
10.0,11.36688963985227,1.3668896398522694,13.668896398522696
12.0,11.370576977969266,0.6294230220307337,5.245191850256115
15.0,14.53219252453208,0.4678074754679198,3.1187165031194652
8.0,14.509237387076949,6.509237387076949,81.36546733846185
10.0,11.178193812371237,1.1781938123712372,11.781938123712372
15.0,10.727110803443722,4.272889196556278,28.485927977041854
8.0,10.387884184462166,2.387884184462166,29.848552305777076
8.0,10.842135226490509,2.842135226490509,35.52669033113136
12.0,10.681196647769198,1.3188033522308018,10.99002793525668
11.0,13.501440951530514,2.5014409515305136,22.740372286641033
13.0,13.305148629148633,0.3051486291486327,2.3472971472971746
13.0,10.510274464955407,2.4897255350445935,19.15173488495841
11.0,10.941648340674117,0.05835165932588282,0.5304696302352984
12.0,10.62277339241648,1.3772266075835198,11.476888396529333
12.0,10.904193465220448,1.0958065347795518,9.131721123162933
6.0,10.611459719492899,4.611459719492899,76.85766199154833
12.0,13.724943129907684,1.7249431299076843,14.374526082564035
6.0,13.759948837163396,7.759948837163396,129.33248061938994
5.0,10.540433247758093,5.540433247758093,110.80866495516186
7.0,10.632002373031382,3.6320023730313817,51.885748186162594
14.0,9.937018607436476,4.062981392563524,29.02129566116803
16.0,10.95683858148535,5.04316141851465,31.51975886571656
12.0,10.286792544510455,1.7132074554895453,14.27672879574621
25.0,13.924927724017282,11.075072275982718,44.30028910393087
15.0,14.536560846560851,0.46343915343914865,3.089594356260991
15.0,10.48990641159145,4.51009358840855,30.067290589390332
9.0,10.234528393245595,1.2345283932455953,13.716982147173281
10.0,10.19437391520455,0.19437391520454916,1.9437391520454916
10.0,11.028514943700849,1.0285149437008485,10.285149437008485
15.0,11.086863159525429,3.9131368404745714,26.08757893649714
13.0,16.236071428571424,3.2360714285714245,24.89285714285711
19.0,16.101363585936166,2.8986364140638337,15.255981126651754
10.0,11.027172277418666,1.027172277418666,10.27172277418666
13.0,11.235498079388172,1.7645019206118278,13.573091697014059
15.0,11.356392770406753,3.643607229593247,24.290714863954978
17.0,11.41071659855949,5.589283401440509,32.878137655532406
17.0,11.433487057412883,5.566512942587117,32.74419377992422
15.0,16.098175530111117,1.0981755301111171,7.321170200740782
14.0,17.644169552669556,3.644169552669556,26.029782519068256
12.0,11.557664889469883,0.44233511053011654,3.6861259210843045
26.0,12.05558465875498,13.94441534124502,53.632366697096224
14.0,11.553534589190537,2.446465410809463,17.474752934353305
12.0,11.637827748258436,0.36217225174156376,3.0181020978463646
16.0,12.03314570252471,3.9668542974752903,24.792839359220565
18.0,16.765103317603312,1.2348966823966876,6.860537124426042
12.0,17.063312735412726,5.063312735412726,42.19427279510605
11.0,11.702489936644543,0.7024899366445432,6.386272151314029
13.0,12.717131909522346,0.2828680904776544,2.175908388289649
11.0,13.173671235717126,2.1736712357171264,19.76064759742842
15.0,12.766704556705324,2.2332954432946757,14.88863628863117
15.0,12.669568102071537,2.330431897928463,15.53621265285642
28.0,19.366288546606214,8.633711453393786,30.83468376212067
22.0,17.50987499999999,4.49012500000001,20.409659090909134
15.0,14.383322062814683,0.616677937185317,4.111186247902113
13.0,13.83702394888123,0.8370239488812299,6.438645760624845
16.0,14.48975771865564,1.5102422813443592,9.439014258402246
12.0,13.965868357069864,1.9658683570698638,16.38223630891553
13.0,13.992249054620334,0.9922490546203342,7.632685035541033
17.0,16.021816046341915,0.9781839536580854,5.754023256812267
9.0,15.745088624338623,6.7450886243386226,74.94542915931804
9.0,14.646545963017259,5.6465459630172585,62.73939958908065
7.0,14.910594279433871,7.910594279433871,113.00848970619816
12.0,16.3764941035766,4.376494103576601,36.47078419647167
17.0,16.01940561472688,0.9805943852731183,5.768202266312461
7.0,16.116128438268987,9.116128438268987,130.23040626098552
13.0,17.71056128589228,4.710561285892279,36.23508681455599
13.0,17.953175062803567,4.953175062803567,38.10134663695051
14.0,15.368078339617771,1.368078339617771,9.771988140126934
13.0,14.58304795878265,1.5830479587826503,12.177291990635771
12.0,13.822353288232325,1.8223532882323248,15.18627740193604
12.0,13.707316264213702,1.707316264213702,14.227635535114183
12.0,14.238011010352905,2.2380110103529045,18.65009175294087
20.0,16.05659149195031,3.9434085080496892,19.717042540248446
16.0,15.951051443110261,0.04894855688973898,0.30592848056086863
14.0,13.511949829624008,0.48805017037599185,3.486072645542799
12.0,13.187585873417303,1.1875858734173033,9.896548945144195
4.0,13.040933966190973,9.040933966190973,226.02334915477434
8.0,13.090916108852003,5.090916108852003,63.636451360650035
7.0,13.219061589730849,6.219061589730849,88.84373699615499
15.0,15.52690808978628,0.5269080897862803,3.512720598575202
13.0,16.29574934326375,3.2957493432637506,25.351918025105775
12.0,13.058994755964942,1.0589947559649424,8.824956299707853
18.0,13.026923739822564,4.973076260177436,27.6282014454302
13.0,12.281736656987153,0.7182633430128469,5.5251026385603605
12.0,12.858574123221537,0.8585741232215369,7.154784360179474
14.0,12.805215177604476,1.1947848223955244,8.534177302825174
15.0,14.257150793650789,0.7428492063492111,4.952328042328074
14.0,14.328108465608457,0.32810846560845697,2.343631897203264
16.0,12.102088461067433,3.8979115389325667,24.36194711832854
12.0,12.033668479839008,0.033668479839008114,0.2805706653250676
15.0,11.529676797042084,3.470323202957916,23.13548801971944
18.0,11.760873230723778,6.239126769276222,34.6618153848679
12.0,11.260857208126167,0.7391427918738334,6.159523265615277
14.0,13.947588701766641,0.052411298233359105,0.37436641595256503
14.0,14.864322507691238,0.864322507691238,6.173732197794557
10.0,11.79630878453352,1.7963087845335206,17.963087845335206
10.0,11.852770967008318,1.8527709670083183,18.527709670083183
14.0,11.633069432210885,2.3669305677891153,16.906646912779394
11.0,11.928266067837026,0.9282660678370256,8.438782434882052
11.0,12.6298516990649,1.6298516990649006,14.816833627862733
12.0,15.77921097425321,3.7792109742532105,31.49342478544342
10.0,15.826962297004542,5.826962297004542,58.26962297004542
9.0,12.039835790561819,3.0398357905618187,33.77595322846465
10.0,12.47413918726308,2.4741391872630807,24.741391872630807
10.0,11.979365718693947,1.9793657186939466,19.793657186939466
12.0,12.28488753109211,0.2848875310921102,2.3740627591009185
13.0,11.90477173633414,1.0952282636658595,8.424832797429687
15.0,14.462660971497813,0.5373390285021866,3.582260190014577
10.0,14.085612161974014,4.085612161974014,40.85612161974014
15.0,11.39430510788544,3.6056948921145597,24.037965947430397
13.0,11.606355394189205,1.3936446058107954,10.720343121621504
16.0,11.144954452485553,4.855045547514447,30.344034671965293
10.0,11.272106531726045,1.2721065317260454,12.721065317260456
10.0,12.038935944907639,2.0389359449076387,20.389359449076387
11.0,14.61785185914141,3.6178518591414104,32.889562355831
25.0,14.258830117919672,10.741169882080328,42.96467952832131
13.0,11.732964624739012,1.2670353752609884,9.746425963546065
14.0,11.272477205042996,2.727522794957004,19.482305678264314
7.0,11.113251625459775,4.113251625459775,58.760737506568205
9.0,11.650130043107229,2.6501300431072288,29.445889367858097
11.0,11.837822141388148,0.8378221413881484,7.616564921710439
19.0,16.04073513849985,2.9592648615001487,15.575078218421833
16.0,16.834676406926395,0.8346764069263948,5.216727543289967
9.0,11.924320285125114,2.9243202851251144,32.49244761250127
10.0,11.873467436814739,1.8734674368147388,18.734674368147388
8.0,11.62522035846796,3.62522035846796,45.3152544808495
9.0,11.831922203295626,2.831922203295626,31.46580225884029
15.0,11.902382179004908,3.097617820995092,20.650785473300612
19.0,16.249883996081564,2.7501160039184356,14.47429475746545
20.0,17.216925352425346,2.7830746475746544,13.915373237873272
12.0,11.77755601147439,0.22244398852560998,1.8536999043800833
14.0,11.963159486117789,2.036840513882211,14.548860813444367
15.0,11.283175281001757,3.716824718998243,24.778831459988286
8.0,11.635007262843171,3.635007262843171,45.43759078553964
7.0,11.39273245512977,4.392732455129771,62.75332078756816
20.0,16.52822193591951,3.471778064080489,17.358890320402445
13.0,16.525973013209853,3.5259730132098532,27.122869332383488
8.0,12.397993375926427,4.397993375926427,54.974917199080345
15.0,12.241599548127013,2.758400451872987,18.389336345819913
7.0,12.773363662812043,5.773363662812043,82.47662375445776
10.0,11.902655043310611,1.9026550433106113,19.026550433106113
14.0,11.109961386268935,2.8900386137310647,20.64313295522189
14.0,16.38602405906134,2.3860240590613415,17.043028993295298
20.0,17.074076496960878,2.9259235030391224,14.629617515195612
8.0,11.707102299339914,3.7071022993399136,46.33877874174892
13.0,11.801426667666744,1.1985733323332557,9.219794864101967
9.0,11.950556804268416,2.950556804268416,32.78396449187129
2.0,11.885767565731195,9.885767565731195,494.28837828655975
12.0,11.37324010467338,0.6267598953266198,5.222999127721831
10.0,15.295603831711903,5.295603831711903,52.956038317119024
8.0,14.815105820105824,6.815105820105824,85.1888227513228
8.0,12.017239454533597,4.0172394545335965,50.215493181669956
9.0,12.274445509295548,3.274445509295548,36.38272788106164
7.0,11.784588197081332,4.784588197081332,68.35125995830474
5.0,10.762329402620836,5.762329402620836,115.24658805241673
10.0,12.132193855798851,2.1321938557988513,21.321938557988513
12.0,13.944777176527177,1.944777176527177,16.20647647105981
12.0,13.233676992760328,1.2336769927603282,10.280641606336067
8.0,10.627328178780278,2.627328178780278,32.84160223475347
6.0,10.537396655385377,4.537396655385377,75.62327758975628
7.0,10.94811025195235,3.9481102519523503,56.401575027890715
9.0,11.104425600939953,2.104425600939953,23.382506677110587
14.0,11.183198148148144,2.8168018518518565,20.12001322751326
11.0,12.951350358422934,1.9513503584229337,17.73954871293576
15.0,12.61551322751322,2.3844867724867793,15.896578483245197
13.0,9.128947512746295,3.8710524872537047,29.7773268250285
8.0,9.005356112783943,1.005356112783943,12.566951409799287
9.0,9.087986772486774,0.087986772486774,0.9776308054086
3.0,9.294535010694586,6.294535010694586,209.81783368981954
10.0,9.2884736906734,0.7115263093266009,7.115263093266008
10.0,11.427785714285713,1.4277857142857133,14.277857142857133
13.0,12.634415494944912,0.36558450505508766,2.8121885004237512
13.0,8.979394094532847,4.0206059054671535,30.92773773436272
11.0,8.564696566505388,2.435303433494612,22.13912212267829
11.0,8.784446140595941,2.215553859404059,20.14139872185508
10.0,8.969042320570942,1.0309576794290578,10.309576794290578
7.0,7.9616524881524935,0.9616524881524935,13.737892687892764
8.0,11.967783068783072,3.9677830687830724,49.59728835978841
11.0,12.052627344877346,1.0526273448773455,9.56933949888496
8.0,8.405293278763555,0.4052932787635548,5.066165984544435
15.0,8.542853687788169,6.457146312211831,43.04764208141221
10.0,8.570867591490483,1.429132408509517,14.29132408509517
10.0,8.051289952751219,1.948710047248781,19.48710047248781
9.0,7.855328234299247,1.1446717657007532,12.718575174452814
9.0,10.859007028205033,1.859007028205033,20.655633646722592
10.0,11.699690047190046,1.699690047190046,16.99690047190046
7.0,7.63762789555591,0.6376278955559096,9.108969936512993
9.0,8.889595822688923,0.11040417731107688,1.2267130812341875
8.0,9.253267309739153,1.2532673097391527,15.665841371739408
7.0,9.474292201578448,2.4742922015784483,35.34703145112069
16.0,8.974926473842489,7.025073526157511,43.90670953848444
17.0,11.537422438672444,5.4625775613275565,32.13280918427974
7.0,11.637403016811554,4.637403016811554,66.24861452587935
12.0,8.586915612299673,3.4130843877003265,28.442369897502722
3.0,8.927158662325327,5.927158662325327,197.57195541084425
8.0,9.312898420017984,1.3128984200179836,16.411230250224797
9.0,9.57371289512956,0.5737128951295603,6.37458772366178
13.0,9.248242292010023,3.7517577079899773,28.85967467684598
6.0,12.685039682539685,6.685039682539685,111.4173280423281
16.0,12.229995602745603,3.7700043972543966,23.56252748283998
11.0,8.746159716846174,2.253840283153826,20.489457119580237
8.0,8.478881498374541,0.4788814983745411,5.9860187296817635
8.0,7.81678657255993,0.1832134274400703,2.2901678430008787
14.0,9.46369826872707,4.53630173127293,32.402155223378074
14.0,9.624131433381436,4.375868566618564,31.25620404727546
10.0,12.250315234223764,2.2503152342237644,22.503152342237644
12.0,12.325302968711508,0.3253029687115081,2.710858072595901
9.0,9.193581076546193,0.1935810765461934,2.15090085051326
9.0,8.162673902031381,0.837326097968619,9.303623310762434
5.0,8.036682883556836,3.0366828835568356,60.73365767113671
13.0,8.812189083714488,4.187810916285512,32.21393012527317
6.0,9.205574230273031,3.2055742302730312,53.42623717121718
15.0,12.165567460317463,2.8344325396825365,18.896216931216912
6.0,14.170443121693122,8.170443121693122,136.1740520282187
12.0,8.595453750978308,3.404546249021692,28.371218741847432
12.0,8.895789759548228,3.1042102404517724,25.86841867043144
10.0,8.952925775500852,1.0470742244991484,10.470742244991484
5.0,8.848462329637094,3.848462329637094,76.96924659274188
5.0,9.084503050845152,4.084503050845152,81.69006101690303
11.0,13.943734126984127,2.9437341269841273,26.761219336219337
11.0,12.85374386724387,1.8537438672438693,16.852216974944266
12.0,9.652516005164804,2.347483994835196,19.562366623626634
6.0,9.804211749100709,3.804211749100709,63.403529151678484
11.0,9.255789494321517,1.744210505678483,15.856459142531662
11.0,9.778128513184816,1.2218714868151839,11.107922607410762
12.0,8.740198107018461,3.259801892981539,27.165015774846157
10.0,12.22365964785701,2.2236596478570103,22.236596478570103
12.0,12.622074074074073,0.6220740740740727,5.183950617283939
8.0,7.915126353227362,0.08487364677263809,1.0609205846579761
13.0,8.744471539791881,4.255528460208119,32.73483430929322
6.0,9.291564466621969,3.2915644666219688,54.85940777703281
10.0,9.310786807640792,0.6892131923592082,6.892131923592082
12.0,8.933075585445149,3.066924414554851,25.55770345462376
10.0,12.540898487677902,2.540898487677902,25.408984876779016
3.0,13.881880570409981,10.881880570409981,362.7293523469994
4.0,8.425709299997896,4.425709299997896,110.6427324999474
10.0,8.496431594769211,1.503568405230789,15.035684052307891
6.0,9.092978814106395,3.092978814106395,51.54964690177325
6.0,8.437542491578785,2.4375424915787853,40.62570819297975
10.0,8.295782617926044,1.7042173820739563,17.042173820739563
13.0,11.400640211640216,1.5993597883597843,12.30276760276757
13.0,9.851076682130406,3.1489233178695937,24.222487060535336
14.0,7.770648411952049,6.229351588047951,44.49536848605679
14.0,8.24027178860184,5.75972821139816,41.14091579570115
13.0,7.836970608643222,5.163029391356778,39.71561070274445
7.0,7.44525935473926,0.44525935473926026,6.360847924846576
7.0,7.452619828665543,0.45261982866554273,6.465997552364897
11.0,11.405929356506027,0.4059293565060269,3.690266877327517
16.0,11.134461823836821,4.865538176163179,30.40961360101987
10.0,8.594233185494055,1.4057668145059452,14.057668145059452
11.0,8.960013347763349,2.039986652236651,18.545333202151372
9.0,8.45940656402422,0.5405934359757794,6.006593733064215
6.0,8.871372896159135,2.8713728961591354,47.85621493598559
12.0,8.51494855372777,3.48505144627223,29.042095385601918
7.0,12.133577867559929,5.133577867559929,73.33682667942755
8.0,13.375922377080915,5.375922377080915,67.19902971351144
4.0,9.204197141187095,5.204197141187095,130.10492852967735
6.0,9.63734552621815,3.6373455262181498,60.622425436969166
8.0,9.74466168806551,1.7446616880655093,21.808271100818864
13.0,9.375186660310506,3.624813339689494,27.883179536073033
6.0,8.597718228801677,2.5977182288016767,43.29530381336128
12.0,12.441764048043458,0.44176404804345815,3.681367067028818
14.0,11.664035714285717,2.335964285714283,16.68545918367345
12.0,8.525878929703703,3.474121070296297,28.951008919135806
9.0,7.7363580454776075,1.2636419545223925,14.040466161359916
7.0,7.488109095659294,0.4881090956592944,6.972987080847062
8.0,8.385005044040025,0.38500504404002456,4.812563050500307
5.0,7.0106602908014795,2.0106602908014795,40.21320581602959
17.0,10.920958399248915,6.079041600751085,35.75906823971226
8.0,11.727793650793647,3.7277936507936467,46.59742063492058
11.0,9.382739974030892,1.6172600259691077,14.702363872446433
7.0,9.11032727561819,2.1103272756181894,30.147532508831276
13.0,9.34975921405013,3.6502407859498707,28.078775276537467
9.0,9.829658128908127,0.8296581289081271,9.218423654534744
9.0,8.445885974967448,0.5541140250325522,6.156822500361692
14.0,13.276341269841268,0.723658730158732,5.168990929705229
12.0,12.219071428571429,0.21907142857142858,1.8255952380952383
8.0,8.901876022050844,0.9018760220508444,11.273450275635554
10.0,9.107067649723707,0.8929323502762934,8.929323502762934
11.0,9.246730701469817,1.7532692985301832,15.938811804819847
6.0,9.304928245879651,3.304928245879651,55.08213743132752
3.0,8.736624114654797,5.736624114654797,191.22080382182656
14.0,12.189557575781969,1.8104424242180315,12.931731601557367
13.0,11.940647727272726,1.0593522727272742,8.148863636363647
1.0,8.538125584755335,7.538125584755335,753.8125584755335
10.0,8.543661866562825,1.4563381334371748,14.563381334371748
9.0,8.405909889201448,0.5940901107985521,6.601001231095023
9.0,8.656635873023129,0.343364126976871,3.815156966409678
6.0,7.864272908340842,1.8642729083408422,31.071215139014036
12.0,11.625599218319804,0.37440078168019575,3.1200065140016315
15.0,11.739342253062842,3.2606577469371576,21.737718312914385
6.0,9.355693677540758,3.355693677540758,55.92822795901263
9.0,8.459577495740096,0.5404225042599045,6.004694491776716
7.0,8.563913592434934,1.5639135924349343,22.341622749070492
8.0,8.764522133964824,0.7645221339648245,9.556526674560306
7.0,8.669271990023919,1.669271990023919,23.846742714627414
20.0,10.99811372263462,9.00188627736538,45.0094313868269
9.0,11.88108766233766,2.8810876623376593,32.01208513708511
11.0,8.434619469329583,2.565380530670417,23.321641187912885
8.0,8.256642589393735,0.25664258939373497,3.208032367421687
10.0,8.326051412665416,1.6739485873345838,16.73948587334584
12.0,8.500431135946203,3.4995688640537974,29.16307386711498
11.0,8.48837340030952,2.51162659969048,22.832969088095272
12.0,10.827615079365087,1.1723849206349133,9.769874338624279
11.0,11.50322619047619,0.5032261904761892,4.574783549783539
8.0,9.226168350168352,1.2261683501683525,15.327104377104405
7.0,9.396398605780194,2.3963986057801936,34.23426579685991
8.0,9.196445375075813,1.1964453750758128,14.95556718844766
5.0,9.650880325927426,4.650880325927426,93.01760651854852
8.0,9.36492946678304,1.3649294667830407,17.061618334788008
10.0,11.775091269841267,1.7750912698412673,17.750912698412673
8.0,11.624866830065358,3.6248668300653577,45.31083537581697
9.0,8.627526583720604,0.3724734162793961,4.138593514215513
8.0,8.835958556366,0.8359585563660001,10.449481954575003
8.0,8.229069793901187,0.22906979390118742,2.863372423764843
10.0,8.604442596191156,1.3955574038088443,13.955574038088441
17.0,8.735387352458035,8.264612647541965,48.615368514952735
15.0,10.297556935028634,4.702443064971366,31.349620433142437
12.0,9.986779757034993,2.013220242965007,16.776835358041723
7.0,8.079991354226557,1.0799913542265571,15.428447917522245
15.0,8.132299580049578,6.867700419950422,45.78466946633615
8.0,7.932335814110558,0.06766418588944223,0.8458023236180279
9.0,8.578809418082061,0.4211905819179389,4.679895354643766
11.0,8.458388374931848,2.5416116250681515,23.105560227892287
16.0,12.179630952380949,3.8203690476190513,23.87730654761907
14.0,12.52241407982262,1.4775859201773809,10.55418514412415
9.0,8.616199007482603,0.3838009925173971,4.264455472415523
10.0,9.516760236843314,0.4832397631566856,4.832397631566856
9.0,9.965985577006027,0.9659855770060268,10.733173077844743
5.0,9.744569978144655,4.744569978144655,94.89139956289311
10.0,9.40350495216564,0.5964950478343596,5.964950478343596
14.0,12.774936507936511,1.225063492063489,8.750453514739208
17.0,13.13787698412698,3.8621230158730206,22.718370681606004
14.0,9.502427022082662,4.497572977917338,32.12552127083813
7.0,10.253846390752978,3.2538463907529778,46.48351986789968
12.0,10.408559172426283,1.5914408275737166,13.26200689644764
14.0,10.601466662436364,3.398533337563636,24.275238125454543
14.0,9.69779074108216,4.30220925891784,30.730066135127426
17.0,12.272067821067818,4.727932178932182,27.8113657584246
20.0,12.922956589706587,7.077043410293413,35.385217051467066
10.0,11.031261690627353,1.0312616906273533,10.312616906273533
7.0,11.093274723651346,4.093274723651346,58.47535319501923
10.0,11.659402885704276,1.6594028857042762,16.594028857042762
6.0,11.59109315284019,5.591093152840189,93.18488588066982
11.0,11.487280662045382,0.48728066204538223,4.429824200412566
17.0,14.160700962652284,2.8392990373477165,16.701759043221863
13.0,15.362419047619044,2.362419047619044,18.172454212454184
8.0,12.4239788510784,4.423978851078401,55.29973563848001
13.0,11.992489037705882,1.007510962294118,7.75008432533937
9.0,13.03273329031897,4.032733290318969,44.808147670210765
9.0,12.242001742507997,3.2420017425079966,36.02224158342218
11.0,12.282571140966645,1.2825711409666454,11.659737645151322
12.0,15.721898518596095,3.7218985185960953,31.015820988300796
10.0,15.714696248196251,5.714696248196251,57.14696248196252
10.0,11.154237856736389,1.1542378567363887,11.542378567363887
13.0,11.785698623847601,1.2143013761523989,9.340779816556914
10.0,11.160816523035852,1.1608165230358516,11.608165230358516
7.0,11.138653449008725,4.138653449008725,59.12362070012465
12.0,11.242893035893916,0.7571069641060841,6.309224700884035
15.0,15.059953953953954,0.0599539539539542,0.39969302635969467
13.0,15.271793290543291,2.2717932905432914,17.475333004179163
13.0,10.54963759527512,2.4503624047248795,18.848941574806766
8.0,11.162989325324572,3.162989325324572,39.537366566557154
10.0,11.023968436433695,1.0239684364336945,10.239684364336945
19.0,10.841193379530962,8.158806620469038,42.94108747615283
8.0,10.932304252478865,2.9323042524788647,36.65380315598581
9.0,14.012581196581202,5.012581196581202,55.69534662868002
10.0,13.898605084879286,3.8986050848792857,38.98605084879286
19.0,11.17985663968916,7.820143360310841,41.158649264793894
13.0,10.610888510767577,2.3891114892324232,18.377780686403256
6.0,10.41223137652949,4.4122313765294905,73.53718960882483
11.0,11.611200976385597,0.6112009763855966,5.556372512596332
6.0,11.222506133764641,5.222506133764641,87.04176889607736
11.0,13.26564493839494,2.2656449383949404,20.59677216722673
10.0,13.698151071151072,3.698151071151072,36.981510711510715
16.0,11.27590812830633,4.72409187169367,29.525574198085437
15.0,11.484937822063232,3.515062177936768,23.433747852911786
15.0,11.118339013762355,3.8816609862376446,25.877739908250962
10.0,11.706420675224525,1.7064206752245248,17.064206752245248
12.0,11.066068681754295,0.9339313182457047,7.782760985380873
11.0,14.192185842383418,3.1921858423834184,29.01987129439471
17.0,14.137015984463563,2.862984015536437,16.84108244433198
13.0,11.5605602392738,1.4394397607262004,11.072613544047694
15.0,11.554536577329356,3.4454634226706435,22.969756151137624
11.0,10.8314850856155,0.1685149143845006,1.5319537671318237
22.0,10.851644363859707,11.148355636140293,50.6743438006377
7.0,11.456857539489386,4.456857539489386,63.66939342127694
16.0,14.525807400396952,1.4741925996030485,9.213703747519054
15.0,14.527886141636142,0.47211385836385844,3.147425722425723
13.0,12.161427189185831,0.8385728108141688,6.450560083185914
7.0,12.104124122474472,5.104124122474472,72.91605889249246
12.0,11.832570253781643,0.1674297462183567,1.3952478851529726
18.0,12.701738640440894,5.298261359559106,29.434785330883923
8.0,13.797304588421703,5.797304588421703,72.46630735527128
26.0,16.573401761980705,9.426598238019295,36.25614706930499
17.0,16.935661616161603,0.06433838383839685,0.3784610814023344
15.0,12.106110377030214,2.8938896229697857,19.292597486465237
13.0,12.231966348838741,0.7680336511612591,5.907951162778916
10.0,12.496687114198078,2.496687114198078,24.966871141980782
15.0,12.217505950391388,2.782494049608612,18.54996033072408
10.0,12.11952539923673,2.1195253992367302,21.195253992367302
18.0,16.780399592293872,1.2196004077061282,6.775557820589601
20.0,18.92458171050231,1.0754182894976907,5.3770914474884535
13.0,12.12457457696839,0.8754254230316096,6.734041715627767
6.0,12.440190898135068,6.440190898135068,107.33651496891781
11.0,12.583215644693583,1.583215644693583,14.392869497214392
9.0,12.499424186437718,3.499424186437718,38.88249096041909
22.0,13.009052929772395,8.990947070227605,40.867941228307295
13.0,17.83650029364457,4.836500293644569,37.20384841265053
16.0,18.744213029252045,2.7442130292520446,17.15133143282528
13.0,14.11697224468064,1.1169722446806407,8.592094189851082
16.0,12.808369360977684,3.191630639022316,19.947691493889476
15.0,12.553357605308314,2.446642394691686,16.310949297944575
13.0,12.95125108031222,0.048748919687779946,0.3749916899059996
12.0,13.78398366129914,1.7839836612991409,14.866530510826173
18.0,19.361057915057916,1.3610579150579163,7.561432861432868
18.0,18.659543484670362,0.6595434846703618,3.6641304703908992
11.0,14.333492028615641,3.333492028615641,30.304472987414922
17.0,14.398039196463202,2.601960803536798,15.305651785510577
17.0,13.823729812844622,3.176270187155378,18.683942277384578
13.0,13.065432766464113,0.065432766464113,0.5033289728008692
14.0,14.262821053289967,0.26282105328996686,1.8772932377854774
9.0,16.519490349927857,7.519490349927857,83.5498927769762
12.0,16.994890812890812,4.994890812890812,41.624090107423434
9.0,13.559891290983938,4.559891290983938,50.66545878871042
16.0,13.811311165818411,2.1886888341815887,13.67930521363493
16.0,13.786051809460432,2.2139481905395684,13.837176190872302
20.0,14.230031727585168,5.7699682724148325,28.849841362074162
16.0,14.286889143805789,1.713110856194211,10.70694285121382
8.0,16.1675112614847,8.167511261484702,102.09389076855877
11.0,16.35204901697577,5.352049016975769,48.654991063416084
16.0,12.873400616226201,3.126599383773799,19.541246148586243
13.0,12.799569010610709,0.20043098938929127,1.5417768414560866
11.0,13.86767034488584,2.8676703448858394,26.069730408053086
10.0,13.696236073558905,3.6962360735589055,36.96236073558906
13.0,13.711403766914767,0.711403766914767,5.472336668575132
15.0,17.353030995125263,2.3530309951252626,15.686873300835083
13.0,15.456591105997413,2.456591105997413,18.89685466151856
12.0,13.009626363274668,1.009626363274668,8.4135530272889
14.0,13.42050418533905,0.5794958146609499,4.139255819006785
15.0,13.417410279324335,1.5825897206756654,10.550598137837769
9.0,13.486851208861692,4.486851208861692,49.853902320685464
11.0,13.075615278697686,2.0756152786976863,18.869229806342602
18.0,16.505437129426266,1.4945628705737342,8.303127058742968
18.0,16.563040089190846,1.4369599108091542,7.983110615606412
12.0,12.653716577227641,0.653716577227641,5.447638143563674
11.0,12.606517657633324,1.606517657633324,14.604705978484764
16.0,12.538197402392536,3.4618025976074644,21.63626623504665
19.0,12.108252000568035,6.891747999431965,36.272357891747184
10.0,12.601244534181985,2.601244534181985,26.012445341819852
15.0,16.81026999608578,1.810269996085779,12.068466640571861
16.0,17.4628550986051,1.4628550986051003,9.142844366281878
8.0,12.365561743560452,4.365561743560452,54.56952179450565
5.0,12.775259015729908,7.775259015729908,155.50518031459816
11.0,12.086775395013351,1.0867753950133512,9.879776318303191
8.0,13.170254087526844,5.170254087526844,64.62817609408556
8.0,13.38818904019169,5.3881890401916905,67.35236300239613
15.0,16.27360463374353,1.2736046337435312,8.490697558290208
12.0,16.41400728696515,4.414007286965148,36.7833940580429
15.0,12.532154505654105,2.4678454943458945,16.452303295639297
9.0,12.039489631144113,3.0394896311441126,33.77210701271236
13.0,12.109389310023884,0.8906106899761159,6.850851461354737
11.0,12.469289408013974,1.4692894080139745,13.357176436490677
12.0,12.023740066690056,0.02374006669005624,0.19783388908380198
13.0,14.685320393114512,1.6853203931145124,12.964003023957787
16.0,14.307910481878807,1.6920895181211932,10.575559488257458
10.0,11.788910606570672,1.7889106065706724,17.889106065706724
10.0,11.937002457241734,1.937002457241734,19.37002457241734
15.0,12.180142214419927,2.819857785580073,18.799051903867152
9.0,12.219875585193702,3.2198755851937015,35.77639539104113
14.0,11.936055009679501,2.0639449903204987,14.74246421657499
10.0,13.602480479070628,3.6024804790706284,36.024804790706284
11.0,13.588115269930828,2.588115269930828,23.5283206357348
6.0,11.748539125348609,5.748539125348609,95.80898542247681
10.0,11.729713828369611,1.7297138283696114,17.297138283696114
11.0,11.771308538921806,0.7713085389218062,7.011895808380056
12.0,11.546589420486944,0.4534105795130561,3.778421495942134
9.0,11.771107706389353,2.771107706389353,30.79008562654837
14.0,13.823688456516914,0.1763115434830862,1.25936816773633
19.0,14.112644390748656,4.887355609251344,25.7229242592176
10.0,10.359125074156578,0.35912507415657835,3.591250741565784
14.0,10.411714545039503,3.588285454960497,25.630610392574976
12.0,11.306093140998879,0.693906859001121,5.782557158342675
12.0,11.316353512423104,0.6836464875768957,5.697054063140797
8.0,10.656735169602559,2.656735169602559,33.209189620031985
23.0,13.38425710809666,9.61574289190334,41.80757779088409
14.0,15.745408912607191,1.745408912607191,12.467206518622794
6.0,10.38444131734738,4.384441317347379,73.07402195578966
14.0,10.764199018901396,3.2358009810986044,23.11286415070432
16.0,10.157753776622611,5.842246223377389,36.51403889610868
9.0,11.001939506731647,2.001939506731647,22.2437722970183
22.0,10.818479303993202,11.181520696006798,50.82509407275817
16.0,16.368771223620108,0.36877122362010795,2.3048201476256747
15.0,16.50835215426355,1.5083521542635516,10.055681028423678
15.0,10.984978483546707,4.015021516453293,26.76681010968862
4.0,12.002875403823166,8.002875403823166,200.07188509557915
7.0,11.70491864893265,4.704918648932651,67.21312355618073
10.0,12.087428309885162,2.087428309885162,20.87428309885162
8.0,10.88615079170846,2.8861507917084595,36.07688489635574
22.0,16.936397574647565,5.063602425352435,23.016374660692886
12.0,16.35625579975579,4.35625579975579,36.30213166463158
11.0,11.470596433829334,0.4705964338293338,4.278149398448489
13.0,10.558159429191946,2.441840570808054,18.7833890062158
12.0,11.268313721562278,0.7316862784377225,6.097385653647688
7.0,11.50209296130033,4.502092961300329,64.31561373286185
4.0,11.803940079321801,7.8039400793218014,195.09850198304503
9.0,15.185665991902843,6.185665991902843,68.72962213225381
16.0,15.653926308827629,0.3460736911723714,2.1629605698273213
14.0,11.481412969385381,2.5185870306146185,17.98990736153299
11.0,11.699136050538911,0.699136050538911,6.355782277626464
7.0,11.466671890037276,4.466671890037276,63.80959842910394
12.0,11.706556332174179,0.2934436678258212,2.4453638985485098
7.0,10.766597638952558,3.7665976389525575,53.808537699322244
16.0,13.236376984126984,2.7636230158730157,17.272643849206347
12.0,13.601915343915348,1.6019153439153477,13.349294532627898
12.0,12.209863723291427,0.2098637232914271,1.7488643607618926
6.0,12.21311196488491,6.213111964884909,103.55186608141516
10.0,12.34839519146631,2.3483951914663095,23.483951914663095
7.0,12.160902742990125,5.160902742990125,73.72718204271607
10.0,12.12176242059585,2.12176242059585,21.2176242059585
18.0,12.995901394901397,5.004098605098603,27.80054780610335
10.0,13.887611625302801,3.8876116253028012,38.876116253028016
9.0,11.613339404551633,2.613339404551633,29.037104495018145
21.0,10.68987724443718,10.31012275556282,49.09582264553723
10.0,10.56091055790145,0.5609105579014493,5.609105579014493
13.0,10.462106210642345,2.537893789357655,19.52225991813581
12.0,10.01744644264647,1.9825535573535298,16.52127964461275
13.0,12.857956955529541,0.14204304447045857,1.092638803618912
15.0,13.186956626706632,1.8130433732933682,12.086955821955787
9.0,9.330627803423145,0.3306278034231447,3.673642260257163
11.0,10.937057718964725,0.06294228103527466,0.5722025548661333
5.0,10.614088343364541,5.614088343364541,112.28176686729081
9.0,10.533109711465684,1.5331097114656842,17.034552349618714
11.0,10.498262029244295,0.5017379707557055,4.561254279597322
12.0,13.051643401968398,1.0516434019683985,8.763695016403322
12.0,13.833029742764083,1.833029742764083,15.275247856367358
9.0,10.60527194146932,1.6052719414693204,17.836354905214673
11.0,11.012599008875517,0.012599008875517015,0.11453644432288196
13.0,10.304752891667048,2.6952471083329517,20.73267006409963
7.0,10.364856270875228,3.3648562708752277,48.06937529821754
5.0,10.473086646550541,5.4730866465505414,109.46173293101083
10.0,14.211414719283212,4.211414719283212,42.11414719283212
8.0,13.3616612405008,5.3616612405007995,67.02076550625999
12.0,10.721924986393972,1.2780750136060277,10.650625113383565
10.0,9.950058452483947,0.04994154751605251,0.4994154751605251
11.0,10.172241498293864,0.8277585017061355,7.525077288237596
15.0,9.907575175208356,5.092424824791644,33.9494988319443
9.0,9.713075208217475,0.7130752082174752,7.923057869083057
11.0,12.343812588721125,1.343812588721125,12.216478079282954
4.0,12.725462346133398,8.725462346133398,218.13655865333493
16.0,9.159394043734219,6.840605956265781,42.75378722666113
10.0,9.69419197049695,0.30580802950304964,3.0580802950304964
9.0,10.523029831983509,1.523029831983509,16.922553688705655
14.0,9.500819054663902,4.499180945336098,32.1370067524007
7.0,10.157308024862038,3.157308024862038,45.104400355171975
11.0,12.642585278993813,1.6425852789938133,14.932593445398304
14.0,12.256116560821154,1.7438834391788465,12.456310279848903
12.0,9.942607565892827,2.0573924341071734,17.14493695089311
12.0,9.661874453765398,2.3381255462346022,19.48437955195502
19.0,9.388696910265919,9.611303089734081,50.585805735442534
6.0,9.751665585665668,3.751665585665668,62.52775976109447
7.0,9.525849342292734,2.5258493422927337,36.08356203275334
5.0,12.558118927368929,7.558118927368929,151.16237854737858
5.0,12.62033201058201,7.620332010582009,152.4066402116402
11.0,9.009284964711584,1.9907150352884155,18.09740941171287
12.0,8.928975537398417,3.0710244626015832,25.59187052167986
9.0,10.600818458877871,1.600818458877871,17.786871765309677
7.0,9.598420253415537,2.5984202534155365,37.12028933450767
12.0,9.564640928717777,2.435359071282223,20.294658927351858
19.0,13.189505765676818,5.810494234323182,30.581548601700952
10.0,13.805575396825397,3.8055753968253967,38.05575396825397
10.0,8.665028668886524,1.3349713311134757,13.349713311134757
10.0,8.916352083810574,1.0836479161894257,10.836479161894257
5.0,9.083777811414773,4.083777811414773,81.67555622829546
9.0,9.16315174767135,0.16315174767134977,1.8127971963483307
3.0,9.561145175014564,6.561145175014564,218.70483916715213
17.0,13.56282855107855,3.4371714489214504,20.218655581890886
18.0,14.413720899470903,3.5862791005290973,19.923772780717208
4.0,9.720131347408923,5.720131347408923,143.0032836852231
6.0,9.661842359832002,3.6618423598320025,61.030705997200045
13.0,9.699502635862189,3.3004973641378115,25.388441262598548
9.0,9.840030296622885,0.840030296622885,9.3336699624765
7.0,9.433386944950614,2.4333869449506143,34.76267064215163
11.0,14.427484126984133,3.427484126984133,31.158946608946664
8.0,15.220042328042327,7.220042328042327,90.25052910052909
10.0,9.955266478360535,0.04473352163946487,0.4473352163946486
9.0,9.645449735449736,0.6454497354497359,7.171663727219288
7.0,9.953625503594559,2.9536255035945587,42.19465005135084
6.0,9.49910052910053,3.499100529100531,58.318342151675516
8.0,9.532796296296295,1.5327962962962953,19.159953703703692
13.0,13.182766835016835,0.18276683501683522,1.4058987308987323
13.0,13.069922514619874,0.06992251461987387,0.5378654970759529
8.0,8.189533094120057,0.1895330941200566,2.3691636765007074
3.0,8.142880161261738,5.142880161261738,171.4293387087246
12.0,7.507161007136965,4.492838992863035,37.440324940525294
8.0,7.6172266254655,0.38277337453449967,4.784667181681246
6.0,8.152330259374798,2.152330259374798,35.87217098957997
12.0,11.928485449735444,0.07151455026455622,0.5959545855379684
13.0,11.89507671957672,1.1049232804232805,8.499409849409851
8.0,7.9852613139678335,0.014738686032166548,0.18423357540208185
9.0,8.190573504021193,0.8094264959788067,8.993627733097851
12.0,8.389484955274964,3.6105150447250356,30.087625372708633
6.0,8.498760057692277,2.4987600576922766,41.64600096153794
13.0,8.525696847628971,4.474303152371029,34.41771655670022
12.0,11.22995955165692,0.7700404483430798,6.417003736192332
7.0,10.937994708994706,3.9379947089947063,56.257067271352945
4.0,7.023416340163641,3.0234163401636414,75.58540850409103
10.0,7.1320386498495205,2.8679613501504795,28.679613501504797
10.0,8.10766104762954,1.8923389523704603,18.923389523704603
7.0,7.346172665418897,0.346172665418897,4.945323791698529
4.0,8.7031800000671,4.7031800000671,117.5795000016775
10.0,11.632790282323818,1.6327902823238176,16.327902823238176
9.0,10.970036077841842,1.9700360778418418,21.88928975379824
13.0,8.127229357735734,4.872770642264266,37.48285109434051
9.0,8.707533154217582,0.29246684578241755,3.2496316198046395
5.0,7.181556011136124,2.1815560111361236,43.63112022272247
8.0,7.284959557384605,0.7150404426153951,8.93800553269244
11.0,7.972663119094488,3.027336880905512,27.521244371868292
6.0,10.630896014624357,4.630896014624357,77.18160024373928
10.0,10.428817241935054,0.4288172419350538,4.288172419350538
7.0,7.363568936435629,0.3635689364356294,5.1938419490804195
7.0,6.933952758358714,0.06604724164128584,0.9435320234469404
7.0,7.29643808322531,0.2964380832253104,4.234829760361577
12.0,7.64727839533417,4.35272160466583,36.272680038881916
8.0,7.453786643953111,0.5462133560468887,6.827666950586108
2.0,10.206310216855675,8.206310216855675,410.31551084278374
9.0,10.262534603151312,1.2625346031513125,14.028162257236806
7.0,7.472960969964912,0.47296096996491244,6.756585285213035
6.0,7.494072508855036,1.4940725088550364,24.901208480917273
3.0,6.935256750012971,3.9352567500129707,131.17522500043236
10.0,7.8795631631348355,2.1204368368651645,21.204368368651643
12.0,7.581673086026561,4.418326913973439,36.81939094977866
18.0,10.252572573038961,7.747427426961039,43.04126348311688
11.0,10.615710715535851,0.384289284464149,3.493538949674082
6.0,6.773552554582579,0.7735525545825794,12.892542576376323
9.0,7.02322636432431,1.9767736356756904,21.96415150750767
8.0,7.362920611838357,0.6370793881616432,7.96349235202054
16.0,7.359175809858417,8.640824190141583,54.00515118838489
4.0,7.416469304200531,3.4164693042005307,85.41173260501327
19.0,11.350940905190905,7.649059094809095,40.25820576215313
17.0,10.124627397845309,6.875372602154691,40.44336824796877
8.0,7.646132198647805,0.3538678013521954,4.423347516902442
5.0,7.924567921537054,2.9245679215370544,58.491358430741094
12.0,7.808965959690784,4.191034040309216,34.92528366924346
6.0,7.794128941234206,1.7941289412342059,29.902149020570096
13.0,8.01189659892868,4.988103401071321,38.370026162087086
10.0,11.484640211640205,1.4846402116402047,14.846402116402047
11.0,12.000505291005291,1.0005052910052914,9.09550264550265
8.0,7.851098788082951,0.14890121191704875,1.8612651489631094
2.0,7.813051635742759,5.813051635742759,290.65258178713793
12.0,8.043554899182299,3.9564451008177013,32.97037584014751
6.0,7.44956345889814,1.4495634588981403,24.159390981635674
5.0,8.08043956990469,3.0804395699046907,61.60879139809381
6.0,11.18735582010582,5.18735582010582,86.455930335097
13.0,11.40492328042328,1.5950767195767206,12.269820919820926
8.0,8.946521663878928,0.9465216638789276,11.831520798486594
17.0,8.198565844222825,8.801434155777175,51.773142092806914
9.0,8.48301509951825,0.5169849004817504,5.744276672019448
7.0,7.682980058695211,0.6829800586952111,9.756857981360158
13.0,7.730400391971298,5.269599608028702,40.53538160022079
13.0,10.637800925925921,2.362199074074079,18.170762108262146
16.0,11.26913293650793,4.73086706349207,29.56791914682544
11.0,8.866819343411326,2.1331806565886744,19.3925514235334
9.0,9.18645151144155,0.18645151144155037,2.0716834604616707
14.0,9.916588701059286,4.083411298940714,29.167223563862244
8.0,9.837984086900757,1.8379840869007573,22.97480108625947
13.0,9.570501322751321,3.429498677248679,26.380759055759068
12.0,11.6661455026455,0.33385449735449946,2.7821208112874958
11.0,11.822472222222222,0.8224722222222223,7.477020202020203
7.0,10.123091165871092,3.1230911658710916,44.61558808387274
7.0,9.928978202831257,2.9289782028312565,41.842545754732235
10.0,10.146759600750048,0.14675960075004824,1.4675960075004824
7.0,10.11300909465682,3.113009094656819,44.47155849509742
9.0,10.169641622480196,1.1696416224801958,12.996018027557732
11.0,14.0590689033189,3.0590689033189005,27.809717302899095
15.0,13.006420634920628,1.9935793650793716,13.290529100529143
14.0,9.402431189327169,4.597568810672831,32.83977721909165
7.0,9.765965285783214,2.7659652857832135,39.51378979690305
7.0,9.56718518091623,2.56718518091623,36.674074013089
7.0,9.390761472590116,2.390761472590116,34.15373532271594
11.0,8.538054234027868,2.461945765972132,22.3813251452012
11.0,12.480507936507937,1.4805079365079372,13.459163059163066
14.0,12.645661375661374,1.3543386243386255,9.673847316704467
5.0,10.005161179336993,5.005161179336993,100.10322358673984
17.0,9.845703615428336,7.154296384571664,42.08409637983332
9.0,10.048682354525406,1.0486823545254058,11.652026161393398
12.0,9.92594158740468,2.0740584125953205,17.283820104961002
10.0,10.094652092357848,0.09465209235784755,0.9465209235784755
14.0,14.21527341493195,0.21527341493194996,1.5376672495139283
3.0,13.827946186604729,10.827946186604729,360.93153955349095
9.0,10.32176943784285,1.3217694378428497,14.686327087142775
11.0,11.225948899393325,0.22594889939332496,2.0540809035756813
5.0,10.963151336231913,5.963151336231913,119.26302672463827
19.0,22.649358253418445,3.6493582534184448,19.20714870220234
23.0,21.76663822973479,1.2333617702652084,5.362442479413949
24.0,22.5703917110483,1.4296082889517017,5.956701203965423
17.0,22.150432024729756,5.150432024729756,30.296658968998567
24.0,22.42414409548161,1.5758559045183915,6.566066268826631
21.0,24.320361689584107,3.3203616895841073,15.811246140876701
29.0,25.674925061653315,3.3250749383466847,11.465775649471327
18.0,22.673958626272775,4.673958626272775,25.966436812626526
22.0,23.041769102187338,1.041769102187338,4.735314100851537
21.0,22.844197746373794,1.8441977463737942,8.7818940303514
13.0,22.16962252391853,9.16962252391853,70.53555787629638
16.0,22.355956946581408,6.355956946581408,39.7247309161338
25.0,24.703105371817003,0.29689462818299717,1.1875785127319887
21.0,24.535536860311893,3.5355368603118933,16.835889811009018
24.0,21.85954260686597,2.1404573931340316,8.9185724713918
20.0,22.587017286304295,2.5870172863042953,12.935086431521475
20.0,21.945654058133165,1.9456540581331652,9.728270290665826
30.0,21.93470538637603,8.06529461362397,26.884315378746564
20.0,20.868476004034694,0.8684760040346937,4.342380020173469
20.0,23.590697143824407,3.590697143824407,17.953485719122035
21.0,25.15479050809152,4.154790508091519,19.78471670519771
20.0,21.95339531264986,1.9533953126498602,9.766976563249301
19.0,22.45765176343774,3.4576517634377417,18.198167175988115
16.0,21.370703379698313,5.370703379698313,33.566896123114454
27.0,21.66704689904224,5.332953100957759,19.751678151695405
17.0,22.645618268159424,5.645618268159424,33.2095192244672
28.0,25.978891076222283,2.0211089237777173,7.218246156348991
30.0,25.90483574044275,4.095164259557251,13.650547531857502
25.0,22.938665823336457,2.061334176663543,8.245336706654172
25.0,22.56277788003064,2.437222119969359,9.748888479877436
18.0,21.875665570484163,3.8756655704841627,21.53147539157868
22.0,21.030956614051473,0.9690433859485275,4.404742663402398
20.0,21.962534531585383,1.9625345315853835,9.812672657926917
28.0,24.229336273355464,3.7706637266445355,13.466656166587626
27.0,25.77978450323558,1.2202154967644212,4.519316654683041
16.0,22.990907752297876,6.9909077522978755,43.693173451861725
21.0,23.1128613873896,2.1128613873896,10.06124470185524
29.0,21.733167909372643,7.266832090627357,25.058041691818474
17.0,22.400764241280964,5.400764241280964,31.769201419299787
18.0,20.951427921858556,2.9514279218585564,16.396821788103093
20.0,24.62070994434839,4.620709944348391,23.103549721741956
27.0,25.780889405101323,1.2191105948986767,4.515224425550654
27.0,21.58939467694106,5.410605323058942,20.039278974292376
15.0,22.58290522963952,7.582905229639518,50.55270153093012
24.0,22.268186479973,1.731813520027,7.215889666779167
25.0,21.58164335199024,3.418356648009759,13.673426592039037
20.0,22.049562331852552,2.0495623318525524,10.247811659262762
29.0,25.973373874927667,3.026626125072333,10.436641810594253
22.0,25.143415469845994,3.143415469845994,14.28825213566361
32.0,22.685136152399593,9.314863847600407,29.10894952375127
18.0,22.850785475591138,4.850785475591138,26.948808197728546
24.0,22.09982975841013,1.9001702415898691,7.917376006624455
22.0,22.246524494178356,0.24652449417835598,1.1205658826288907
36.0,22.22232375614198,13.777676243858021,38.271322899605615
30.0,28.173836954336966,1.8261630456630336,6.087210152210112
46.0,28.785459677404923,17.214540322595077,37.422913744771904
22.0,23.322182394846315,1.3221823948463154,6.009919976574161
27.0,23.067644312137297,3.932355687862703,14.56428032541742
21.0,23.066528004326223,2.066528004326223,9.840609544410585
15.0,23.465622914230863,8.465622914230863,56.437486094872426
27.0,22.886396219288596,4.113603780711404,15.235569558190388
36.0,35.249711640211636,0.7502883597883638,2.0841343327454553
34.0,35.92669729344729,1.9266972934472903,5.666756745433207
27.0,25.479478802062125,1.5205211979378745,5.631559992362498
16.0,25.12708959951575,9.127089599515749,57.04430999697343
28.0,24.732580086353753,3.267419913646247,11.669356834450882
26.0,24.8177033274372,1.1822966725627992,4.547294894472305
19.0,25.455484126984143,6.4554841269841425,33.97623224728496
35.0,36.91943915343914,1.9194391534391428,5.48411186696898
30.0,35.21435638435637,5.214356384356371,17.38118794785457
25.0,24.792469073652487,0.2075309263475127,0.8301237053900506
20.0,24.133561601997858,4.133561601997858,20.66780800998929
33.0,24.391963478948803,8.608036521051197,26.0849591547006
19.0,25.593060902441547,6.593060902441547,34.700320539166036
31.0,25.018932172900865,5.981067827099135,19.29376718419076
32.0,34.970548055974504,2.970548055974504,9.282962674920325
29.0,34.44999999999998,5.4499999999999815,18.7931034482758
22.0,26.340812286909532,4.340812286909532,19.730964940497874
35.0,25.509257361426112,9.490742638573888,27.11640753878254
17.0,25.449122222287517,8.449122222287517,49.70071895463246
31.0,27.091608600704337,3.908391399295663,12.607714191276335
18.0,25.10948553089272,7.109485530892719,39.49714183829289
41.0,34.856316905954834,6.143683094045166,14.984592912305283
32.0,32.68241576515664,0.6824157651566409,2.132549266114503
26.0,26.452052163209114,0.4520521632091139,1.7386621661888997
32.0,25.71866091380392,6.2813390861960805,19.629184644362752
26.0,26.01696778950263,0.01696778950262967,0.06526072885626796
25.0,25.299809539333793,0.2998095393337934,1.1992381573351736
24.0,26.283943706272154,2.2839437062721544,9.51643210946731
24.0,32.54036175257916,8.540361752579159,35.584840635746495
36.0,33.18894335616075,2.811056643839251,7.808490677331253
31.0,26.279880465405657,4.7201195345943425,15.226192047078523
26.0,26.711256745501515,0.7112567455015153,2.7356028673135206
34.0,26.66703365383375,7.332966346166248,21.567548076959554
24.0,27.08363793054964,3.0836379305496386,12.848491377290161
25.0,26.506009353938964,1.506009353938964,6.024037415755856
31.0,31.623141767818247,0.6231417678182467,2.01013473489757
23.0,31.804692110177413,8.804692110177413,38.281270044249624
21.0,26.893175473923087,5.893175473923087,28.062740352014696
25.0,26.626278863366554,1.6262788633665544,6.5051154534662174
27.0,26.912734013012102,0.087265986987898,0.32320735921443705
20.0,27.6044508115638,7.604450811563801,38.022254057819005
24.0,26.56439219108823,2.5643921910882312,10.684967462867629
22.0,32.56109835045131,10.56109835045131,48.00499250205141
24.0,31.303493619670103,7.303493619670103,30.431223415292095
30.0,26.72362235763636,3.2763776423636415,10.921258807878804
25.0,26.175253071106837,1.1752530711068374,4.70101228442735
26.0,27.536968448195747,1.536968448195747,5.911417108445181
28.0,27.16446579466542,0.8355342053345787,2.984050733337781
32.0,26.978137982794937,5.021862017205063,15.693318803765822
29.0,30.014742605433785,1.014742605433785,3.4991124325302927
29.0,30.300548951048956,1.300548951048956,4.484651555341228
23.0,26.82541112374356,3.82541112374356,16.632222277145914
28.0,25.901219481181652,2.098780518818348,7.495644710065529
25.0,26.82141155327427,1.8214115532742703,7.285646213097081
28.0,26.421160189886002,1.5788398101139975,5.638713607549991
35.0,26.758691655309367,8.241308344690633,23.546595270544667
28.0,31.21947222222223,3.2194722222222296,11.498115079365105
34.0,30.673686868686868,3.3263131313131318,9.783273915626859
22.0,25.77591736952743,3.7759173695274306,17.16326077057923
15.0,25.38501714407647,10.385017144076471,69.23344762717647
27.0,26.614661930335394,0.3853380696646056,1.4271780357948356
28.0,26.732676517787727,1.267323482212273,4.52615529361526
17.0,28.204206741952323,11.204206741952323,65.90709848207248
32.0,29.888432539682533,2.111567460317467,6.598648313492084
25.0,30.674616402116403,5.674616402116403,22.69846560846561
21.0,25.49146838555623,4.491468385556232,21.387944693124915
20.0,25.90746779026572,5.90746779026572,29.5373389513286
23.0,24.95155545371187,1.951555453711869,8.485023711790735
26.0,25.968707498951872,0.031292501048127974,0.12035577326203067
31.0,25.23898548847296,5.761014511527041,18.583917779119485
29.0,30.220590867607964,1.2205908676079638,4.208934026234358
41.0,29.042666757365126,11.957333242634874,29.16422742106067
32.0,24.789711190031607,7.210288809968393,22.53215253115123
23.0,24.409532150193957,1.4095321501939573,6.128400653017206
21.0,24.103243283488645,3.103243283488645,14.777348968993548
24.0,25.218942049825408,1.218942049825408,5.078925207605867
29.0,25.736473950228742,3.263526049771258,11.25353810265951
15.0,30.089438905895193,15.089438905895193,100.5962593726346
28.0,32.173144457213105,4.173144457213105,14.904087347189662
22.0,26.50235332613379,4.50235332613379,20.465242391517226
25.0,26.034242493069776,1.034242493069776,4.136969972279104
25.0,26.831887724113123,1.8318877241131233,7.327550896452493
31.0,27.24757153225392,3.7524284677460784,12.10460796047122
31.0,27.26412895266495,3.735871047335049,12.051196926887256
45.0,33.826390211640216,11.173609788359784,24.830243974132852
33.0,32.3560438898792,0.6439561101207971,1.9513821518812036
20.0,23.586999531466358,3.5869995314663576,17.934997657331788
15.0,23.728881294422408,8.728881294422408,58.192541962816044
17.0,23.63719431281931,6.637194312819311,39.04231948717241
16.0,24.67594623243151,8.67594623243151,54.224663952696936
26.0,25.078832872248736,0.9211671277512643,3.5429504913510166
31.0,36.22042875964617,5.220428759646168,16.840092773052156
33.0,37.77749985199986,4.777499851999863,14.477272278787465
22.0,24.39459095459209,2.39459095459209,10.884504339054955
25.0,25.394935564366413,0.3949355643664134,1.5797422574656537
18.0,25.46538446457371,7.4653844645737095,41.47435813652061
25.0,24.586513084573973,0.4134869154260272,1.653947661704109
29.0,24.13463970767232,4.865360292327679,16.777104456302343
47.0,33.24721153846154,13.752788461538458,29.26125204582651
29.0,34.26157692307694,5.261576923076937,18.1433687002653
21.0,22.889388758148066,1.8893887581480655,8.997089324514599
33.0,23.849398693063364,9.150601306936636,27.729094869504955
25.0,24.032304022826164,0.967695977173836,3.8707839086953437
16.0,24.43154475961741,8.43154475961741,52.697154747608806
22.0,24.504266646232498,2.504266646232498,11.383030210147718
35.0,35.86453174603176,0.8645317460317585,2.4700907029478816
32.0,35.28184343434342,3.281843434343422,10.255760732323193
18.0,25.209706414874383,7.209706414874383,40.05392452707991
20.0,23.880129835542853,3.880129835542853,19.400649177714264
20.0,24.071546546043667,4.071546546043667,20.357732730218334
25.0,24.491626313101104,0.5083736868988957,2.033494747595583
23.0,24.637586117733186,1.6375861177331856,7.119939642318199
23.0,33.807126913344305,10.807126913344305,46.98750831888828
30.0,33.836462309429685,3.8364623094296846,12.78820769809895
17.0,23.04255495911667,6.042554959116671,35.54444093598042
24.0,22.982849380028576,1.0171506199714244,4.238127583214268
19.0,23.08040292106488,4.080402921064881,21.4758048477099
22.0,23.52675712767436,1.5267571276743617,6.939805125792553
14.0,23.592641128749538,9.592641128749538,68.51886520535385
24.0,25.304607864357877,1.3046078643578767,5.435866101491152
22.0,23.81578133903134,1.8157813390313393,8.253551541051541
18.0,19.86843619284811,1.8684361928481117,10.380201071378398
13.0,20.354874644122635,7.354874644122635,56.57595880094335
23.0,21.179722179350055,1.8202778206499453,7.914251394130196
17.0,21.37268386630351,4.372683866303511,25.721669801785357
25.0,21.072005793668545,3.927994206331455,15.711976825325822
24.0,23.724424855171367,0.27557514482863255,1.1482297701193023
25.0,22.30746173496711,2.6925382650328906,10.770153060131562
18.0,21.162734244513594,3.1627342445135938,17.5707458028533
23.0,21.521807518864275,1.478192481135725,6.426923831024892
17.0,21.59265857536464,4.592658575364641,27.015638678615538
18.0,20.76850397389442,2.7685039738944184,15.38057763274677
16.0,20.58263373902445,4.582633739024448,28.6414608689028
30.0,22.649120533880843,7.3508794661191565,24.502931553730523
25.0,21.838427671368734,3.161572328631266,12.646289314525063
23.0,22.01272468541304,0.9872753145869595,4.292501367769389
24.0,20.85134938176184,3.148650618238161,13.119377575992338
18.0,20.84134216273382,2.8413421627338202,15.785234237410112
19.0,20.152383217843397,1.152383217843397,6.065174830754722
23.0,19.663193174578417,3.336806825421583,14.507855762702535
29.0,21.461411112022017,7.538588887977983,25.9951340964758
22.0,23.605080846013777,1.6050808460137773,7.295822027335351
18.0,20.32142647101648,2.32142647101648,12.896813727869333
20.0,19.789232492495696,0.21076750750430406,1.0538375375215203
13.0,19.35905404516433,6.359054045164331,48.91580034741793
20.0,19.12036331887747,0.8796366811225305,4.398183405612652
18.0,19.653097335798407,1.6530973357984067,9.183874087768926
35.0,23.698770514978854,11.301229485021146,32.28922710006042
19.0,25.121720288970298,6.121720288970298,32.21958046826472
24.0,19.05102472152201,4.948975278477992,20.620730326991634
21.0,19.028615987718613,1.971384012281387,9.387542915625653
11.0,19.307718964437854,8.307718964437854,75.52471785852593
23.0,19.33547659023139,3.6645234097686092,15.932710477254822
15.0,19.141899797380624,4.141899797380624,27.612665315870828
23.0,23.575765203255056,0.575765203255056,2.5033269706741565
22.0,23.593620256229283,1.5936202562292827,7.243728437405831
19.0,19.493328055254842,0.49332805525484247,2.596463448709697
14.0,19.440457980895843,5.440457980895843,38.86041414925602
25.0,18.632060790427815,6.367939209572185,25.47175683828874
19.0,18.997823650957415,0.002176349042585457,0.011454468645186615
21.0,19.344149167723177,1.6558508322768226,7.885003963222966
22.0,21.40627784127643,0.593722158723569,2.698737085107132
21.0,20.76926406561627,0.23073593438373052,1.098742544684431
20.0,19.371260156773555,0.6287398432264446,3.143699216132223
11.0,19.28890215278782,8.28890215278782,75.35365593443473
18.0,18.872414559797893,0.8724145597978925,4.846747554432737
21.0,19.11004193528524,1.8899580647147616,8.999800308165531
20.0,18.25073787773318,1.7492621222668205,8.746310611334103
25.0,21.211712100623387,3.7882878993766127,15.15315159750645
11.0,21.91248084542307,10.912480845423069,99.2043713220279
15.0,20.32847807608971,5.328478076089709,35.5231871739314
20.0,17.4779366128533,2.5220633871467015,12.610316935733506
17.0,17.61812284721169,0.6181228472116906,3.636016748304063
24.0,17.191370817916415,6.808629182083585,28.369288258681607
14.0,17.64312434112841,3.6431243411284093,26.022316722345778
23.0,21.43219307179322,1.5678069282067817,6.816551861768616
34.0,22.316630290929012,11.683369709070988,34.3628520855029
14.0,17.606137535055808,3.606137535055808,25.758125250398628
24.0,18.033978752836084,5.966021247163916,24.85842186318298
16.0,17.371315450034455,1.371315450034455,8.570721562715345
26.0,18.12906606022967,7.870933939770332,30.272822845270507
20.0,17.870828719492224,2.1291712805077765,10.645856402538882
24.0,22.846635336885335,1.1533646631146652,4.8056860963111045
23.0,26.92381948334889,3.9238194833488897,17.060084710212564
19.0,18.204540204078604,0.7954597959213956,4.18663050484945
22.0,17.88128281465002,4.118717185349979,18.721441751590813
18.0,18.06649776731558,0.06649776731558177,0.36943204064212093
14.0,18.101760485131205,4.101760485131205,29.298289179508608
10.0,18.413449973094373,8.413449973094373,84.13449973094373
24.0,24.358577280562578,0.358577280562578,1.4940720023440748
19.0,25.13649515466378,6.1364951546637805,32.297342919283054
17.0,17.471152752575122,0.47115275257512224,2.77148677985366
16.0,17.770954079668225,1.7709540796682255,11.06846299792641
17.0,18.44721472218431,1.4472147221843095,8.513027777554761
20.0,17.41098676367871,2.589013236321289,12.945066181606446
21.0,17.808406943653203,3.1915930563467967,15.198062173079984
28.0,23.315505078598118,4.684494921401882,16.73033900500672
28.0,23.47657271264885,4.523427287351151,16.155097454825537
11.0,17.232936034760673,6.232936034760673,56.66305486146066
19.0,17.1952129877275,1.8047870122724987,9.498879011960518
17.0,17.581573816531687,0.5815738165316873,3.421022450186396
13.0,17.133765920955494,4.1337659209554936,31.798199391965337
19.0,17.788848837356674,1.2111511626433256,6.374479803385924
28.0,25.2264154012654,2.773584598734601,9.905659281195003
26.0,26.139280763412348,0.13928076341234785,0.5356952438936455
12.0,17.12413111498375,5.124131114983751,42.701092624864586
18.0,17.931893591423542,0.06810640857645822,0.378368936535879
17.0,17.263223603873936,0.26322360387393573,1.548374140434916
21.0,17.583737257317363,3.416262742682637,16.26791782229827
17.0,17.180338722406535,0.18033872240653537,1.0608160141560903
16.0,20.491456349206356,4.491456349206356,28.071602182539724
19.0,20.202085978835985,1.202085978835985,6.32676830966308
17.0,18.224465851875024,1.2244658518750242,7.202740305147201
18.0,17.90334220186687,0.0966577981331298,0.5369877674062767
20.0,18.09746619019043,1.9025338098095688,9.512669049047844
7.0,18.915484810252362,11.915484810252362,170.22121157503375
12.0,18.411736007292006,6.411736007292006,53.43113339410005
25.0,21.5615986006952,3.4384013993048015,13.753605597219206
26.0,19.34548480676086,6.654515193239138,25.594289204765918
27.0,16.610140307590967,10.389859692409033,38.48096182373716
21.0,16.322435059129504,4.6775649408704965,22.274118766049984
14.0,15.991778000127589,1.9917780001275887,14.226985715197063
13.0,15.991851244523817,2.991851244523817,23.0142403424909
14.0,17.758152225900663,3.7581522259006626,26.843944470719016
22.0,18.385179224660334,3.614820775339666,16.43100352427121
20.0,18.24754791325922,1.7524520867407816,8.762260433703908
11.0,17.598817321448063,6.598817321448063,59.989248376800575
15.0,17.755617360488234,2.755617360488234,18.370782403254893
23.0,17.101794135649314,5.898205864350686,25.644373323263853
13.0,17.560183615972424,4.560183615972424,35.078335507480176
18.0,17.500861267084492,0.49913873291550814,2.772992960641712
15.0,18.799559780036528,3.799559780036528,25.330398533576854
19.0,20.005217620562732,1.005217620562732,5.290619055593326
21.0,16.130738131528325,4.869261868471675,23.186961278436545
18.0,16.625143993665834,1.3748560063341664,7.638088924078702
15.0,17.094065450902235,2.094065450902235,13.960436339348234
13.0,16.731964521059467,3.731964521059467,28.707419392765132
16.0,16.66144928218699,0.6614492821869895,4.134058013668684
31.0,20.54600394601345,10.45399605398655,33.722567916085644
22.0,20.37693703734019,1.6230629626598088,7.377558921180949
11.0,16.472143616402427,5.472143616402427,49.74676014911297
22.0,16.76894855214114,5.23105144785886,23.777506581176635
15.0,15.853327389619796,0.8533273896197962,5.688849264131974
12.0,16.876422835743504,4.876422835743504,40.63685696452921
17.0,16.87621717343096,0.12378282656904105,0.7281342739355356
26.0,23.88583812792797,2.1141618720720317,8.131391815661662
18.0,23.53733024773149,5.537330247731489,30.762945820730497
16.0,16.02546321991174,0.025463219911738832,0.1591451244483677
15.0,16.81161910109804,1.8116191010980387,12.077460673986923
21.0,15.89460468592826,5.105395314071741,24.31140625748448
24.0,16.692717051877317,7.307282948122683,30.447012283844515
18.0,17.088874829179623,0.9111251708203767,5.061806504557649
31.0,27.35792603731551,3.6420739626844885,11.748625686078995
23.0,24.934418091168098,1.934418091168098,8.410513439861296
19.0,16.363789247764167,2.636210752235833,13.874793432820173
12.0,15.93733025366688,3.9373302536668806,32.811085447224
18.0,16.709369601916162,1.290630398083838,7.170168878243545
14.0,17.29832449836097,3.2983244983609694,23.559460702578352
20.0,16.927150233344648,3.0728497666553523,15.364248833276761
23.0,25.379127138358733,2.379127138358733,10.344031036342317
32.0,24.88573680500787,7.11426319499213,22.232072484350407
15.0,17.43724348496008,2.4372434849600815,16.248289899733876
20.0,17.424721947016938,2.5752780529830623,12.87639026491531
19.0,17.573312440846127,1.4266875591538728,7.508881890283541
12.0,16.884729370763054,4.884729370763054,40.70607808969211
18.0,17.45961618273445,0.5403838172655497,3.002132318141943
28.0,25.02353562798172,2.976464372018281,10.63022990006529
21.0,23.359499518999513,2.359499518999513,11.235711995235777
16.0,17.709585919111927,1.7095859191119267,10.684911994449543
25.0,19.204877023001295,5.795122976998705,23.18049190799482
17.0,18.963985340984994,1.963985340984994,11.552854946970553
20.0,19.38233410395121,0.6176658960487913,3.0883294802439565
29.0,18.859354698536478,10.140645301463522,34.967742418839734
28.0,21.673174603174612,6.326825396825388,22.5958049886621
24.0,23.646342424649504,0.35365757535049624,1.4735732306270677
21.0,18.595730668228775,2.404269331771225,11.448901579862977
18.0,19.307775004894577,1.3077750048945767,7.265416693858759
16.0,19.121301615135465,3.121301615135465,19.508135094596657
13.0,19.458258343952743,6.458258343952743,49.67891033809802
20.0,19.32445627261129,0.6755437273887104,3.377718636943552
25.0,23.149225340745364,1.8507746592546361,7.4030986370185445
19.0,23.606502503506228,4.606502503506228,24.244750018453832
20.0,22.04178127542883,2.0417812754288285,10.208906377144142
14.0,22.278554198617016,8.278554198617016,59.13252999012154
19.0,22.351589154553608,3.351589154553608,17.6399429187032
14.0,19.97203758034081,5.97203758034081,42.657411288148644
9.0,19.89736095667131,10.89736095667131,121.081788407459
22.0,22.759357924850285,0.7593579248502849,3.4516269311376586
24.0,23.51662235242831,0.48337764757168955,2.014073531548706
21.0,18.720030693286397,2.2799693067136033,10.856996698636207
19.0,18.685035785415952,0.3149642145840481,1.6577063925476216
21.0,19.315634800629315,1.684365199370685,8.020786663669927
18.0,18.74371131308735,0.7437113130873492,4.13172951715194
28.0,18.55769435802146,9.442305641978539,33.722520149923355
24.0,20.970487793337462,3.029512206662538,12.622967527760576
27.0,21.38839492457304,5.6116050754269615,20.78372250158134
19.0,18.497521008068155,0.5024789919318451,2.6446262733255
14.0,19.49408822214918,5.4940882221491805,39.24348730106558
13.0,18.996122654058983,5.996122654058983,46.12402041583833
34.0,19.352157831702844,14.647842168297156,43.081888730285755
23.0,19.539513044726878,3.4604869552731223,15.045595457709226
31.0,23.5061315136793,7.4938684863207,24.173769310711936
23.0,24.291232774341964,1.2912327743419638,5.614055540617234
21.0,21.14817331251844,0.14817331251844124,0.7055872024687677
18.0,20.79990403914392,2.7999040391439216,15.555022439688454
13.0,19.78305401412638,6.783054014126382,52.177338570202934
26.0,21.26229903114887,4.737700968851129,18.221926803273576
14.0,18.87503131526843,4.87503131526843,34.82165225191736
24.0,22.643411278981137,1.3565887210188627,5.652453004245261
21.0,23.60574591216512,2.605745912165119,12.408313867452948
19.0,20.30694167542145,1.3069416754214487,6.878640396954994
25.0,20.28824974102342,4.711750258976579,18.847001035906317
22.0,19.68948850216559,2.3105114978344083,10.502324990156401
20.0,21.593892965055677,1.5938929650556766,7.969464825278383
22.0,20.774657680024728,1.2253423199752724,5.56973781806942
20.0,22.461065417332982,2.461065417332982,12.30532708666491
27.0,22.96462313890839,4.03537686109161,14.945840226265222
30.0,21.78106206185238,8.218937938147619,27.396459793825397
17.0,21.858268555918013,4.858268555918013,28.57805032892949
20.0,21.680897686870782,1.6808976868707823,8.404488434353912
21.0,20.647161154045264,0.3528388459547358,1.680184980736837
11.0,21.483172009122622,10.483172009122622,95.30156371929657
20.0,22.11000356649632,2.110003566496321,10.550017832481604
30.0,22.833392536764563,7.166607463235437,23.88869154411812
23.0,22.6210206609164,0.3789793390835996,1.6477362568852154
25.0,22.775674476868712,2.224325523131288,8.897302092525152
16.0,22.38206496395446,6.382064963954459,39.88790602471537
15.0,22.285201013988686,7.2852010139886865,48.56800675992458
20.0,23.087171670813127,3.0871716708131274,15.435858354065637
32.0,25.13314124785262,6.86685875214738,21.45893360046056
31.0,26.337320989397075,4.6626790106029254,15.040900034202986
16.0,21.891571574514398,5.891571574514398,36.82232234071498
15.0,23.65895978467041,8.658959784670412,57.726398564469406
22.0,22.991874018025133,0.9918740180251326,4.508518263750603
18.0,23.06437659421456,5.064376594214561,28.13542552341423
32.0,22.548968856231117,9.451031143768883,29.53447232427776
23.0,24.675608336608327,1.6756083366083274,7.285253637427511
25.0,26.46002069536402,1.460020695364019,5.840082781456076
22.0,22.087948975672557,0.08794897567255688,0.3997680712388949
28.0,22.903428177860725,5.096571822139275,18.202042221925982
27.0,22.133919654686938,4.866080345313062,18.022519797455786
33.0,23.337094117582943,9.662905882417057,29.281532977021385
26.0,23.236146435497986,2.763853564502014,10.63020601731544
20.0,26.365493870636744,6.365493870636744,31.82746935318372
23.0,25.83753504205089,2.8375350420508916,12.337108878482137
24.0,23.01489490985693,0.9851050901430689,4.104604542262788
16.0,23.14943336880034,7.1494333688003415,44.683958555002135
26.0,22.92057739519083,3.079422604809171,11.843933095419889
23.0,23.445559338178725,0.4455593381787253,1.9372145138205448
26.0,23.72414381452524,2.2758561854747583,8.753293021056763
20.0,27.075440819389392,7.075440819389392,35.37720409694696
30.0,27.320464819612347,2.679535180387653,8.931783934625509
27.0,23.16210653509836,3.83789346490164,14.214420240376443
25.0,21.831931369253763,3.1680686307462373,12.67227452298495
25.0,22.789424606024067,2.210575393975933,8.842301575903733
24.0,22.90790714442602,1.0920928555739806,4.55038689822492
17.0,22.704318360472843,5.704318360472843,33.55481388513437
25.0,29.247942611138434,4.247942611138434,16.991770444553737
32.0,30.14275093769684,1.8572490623031612,5.803903319697379
29.0,23.593827639735135,5.406172360264865,18.641973656085742
29.0,23.397541138845952,5.602458861154048,19.31882365915189
22.0,23.436933105526553,1.4369331055265526,6.531514116029785
18.0,23.09680991358577,5.096809913585769,28.31561063103205
23.0,23.64690465930748,0.6469046593074808,2.812628953510786
34.0,33.53449206349205,0.4655079365079473,1.3691409897292568
38.0,35.62606746031746,2.373932539682542,6.2471908939014265
24.0,24.75571018535752,0.7557101853575183,3.1487924389896595
25.0,24.94111413070768,0.05888586929232176,0.23554347716928703
13.0,24.612110684099033,11.612110684099033,89.32392833922333
29.0,25.043494443442984,3.9565055565570155,13.643122608817295
32.0,24.5447896251962,7.455210374803801,23.29753242126188
39.0,38.515029479779486,0.48497052022051435,1.2435141544115753
32.0,36.85368434343433,4.853684343434331,15.167763573232286
20.0,25.491694982939272,5.491694982939272,27.458474914696364
21.0,24.87955087596266,3.8795508759626607,18.474051790298386
22.0,25.13967744659404,3.139677446594039,14.271261120881995
24.0,24.192954670329673,0.19295467032967295,0.8039777930403039
23.0,25.333474073588658,2.3334740735886577,10.145539450385469
31.0,36.679041914204966,5.679041914204966,18.31949004582247
41.0,36.09595744070743,4.90404255929257,11.961079412908708
19.0,27.07947687479597,8.079476874795969,42.52356249892615
27.0,25.223277567848395,1.7767224321516046,6.58045345241335
22.0,25.909335848897438,3.909335848897438,17.769708404079264
25.0,25.293224557711763,0.29322455771176337,1.1728982308470535
22.0,25.469503538082584,3.4695035380825843,15.77047062764811
29.0,34.81358323158324,5.813583231583237,20.046838729597372
39.0,34.93172574044313,4.068274259556873,10.431472460402237
21.0,27.053988574982593,6.0539885749825935,28.828517023726636
30.0,25.632626331584113,4.367373668415887,14.557912228052954
34.0,25.44201553058153,8.557984469418471,25.17054255711315
25.0,25.660758990945542,0.660758990945542,2.643035963782168
25.0,25.235920851261284,0.23592085126128381,0.9436834050451353
32.0,28.69179792429793,3.30820207570207,10.338131486568969
34.0,29.56861226132966,4.431387738670342,13.033493349030417
27.0,26.845355158368303,0.154644841631697,0.5727586727099889
24.0,25.954954593882402,1.9549545938824018,8.145644141176673
26.0,26.67965122050676,0.6796512205067593,2.614043155795228
21.0,25.926364100021562,4.926364100021562,23.458876666769342
15.0,26.12963377144862,11.12963377144862,74.19755847632413
29.0,33.08772169170699,4.087721691706989,14.095592040368926
26.0,32.505530525660575,6.505530525660575,25.02127125254067
24.0,27.02100260065102,3.0210026006510198,12.587510836045915
26.0,26.463161171646796,0.4631611716467958,1.7813891217184457
32.0,26.92294661765972,5.0770533823402815,15.86579181981338
24.0,26.26586808160002,2.2658680816000185,9.441117006666744
21.0,27.353108662601766,6.353108662601766,30.25289839334174
19.0,31.42468334234279,12.424683342342789,65.39307022285679
28.0,29.63237416589187,1.6323741658918713,5.829907735328112
19.0,25.310273102537668,6.310273102537668,33.211963697566674
30.0,25.17859745598203,4.821402544017971,16.071341813393236
25.0,26.27719538337665,1.2771953833766503,5.108781533506601
18.0,26.333406370156016,8.333406370156016,46.29670205642231
25.0,26.207898440371807,1.2078984403718067,4.831593761487227
29.0,28.734600433721873,0.265399566278127,0.9151709182004379
34.0,29.03816073786656,4.9618392621334415,14.593644888627768
28.0,23.486303829146674,4.513696170853326,16.120343467333306
27.0,24.07439970752516,2.92560029247484,10.835556638795705
20.0,24.278136940054175,4.278136940054175,21.390684700270874
33.0,23.768035414712667,9.231964585287333,27.97565025844646
25.0,25.209636986105377,0.20963698610537662,0.8385479444215065
27.0,30.561909843678738,3.5619098436787375,13.192258680291621
34.0,30.348030576746837,3.6519694232531634,10.741086538979893
28.0,25.204642467232595,2.7953575327674045,9.983419759883587
23.0,25.187190894269825,2.1871908942698255,9.50952562726011
34.0,24.252606640231555,9.747393359768445,28.668803999318953
26.0,25.319114925483273,0.680885074516727,2.6187887481412577
25.0,24.89616206928376,0.1038379307162387,0.4153517228649548
24.0,28.73561258569649,4.73561258569649,19.73171910706871
32.0,29.147249854775335,2.8527501452246646,8.914844203827077
28.0,23.98834089351208,4.011659106487919,14.327353951742566
28.0,23.99130190416648,4.00869809583352,14.316778913691142
27.0,25.369273587059403,1.6307264129405965,6.039727455335543
26.0,25.20591625483202,0.7940837451679812,3.0541682506460814
31.0,25.011112131494226,5.988887868505774,19.318993124212174
32.0,30.814033204362307,1.1859667956376931,3.706146236367791
30.0,31.766929669008764,1.7669296690087641,5.889765563362547
24.0,26.0374152200568,2.0374152200568005,8.489230083570003
29.0,25.660269303807013,3.339730696192987,11.51631274549306
24.0,25.830826297403174,1.8308262974031742,7.628442905846559
27.0,26.25156530276306,0.7484346972369416,2.7719803601368205
15.0,27.719512617390066,12.719512617390066,84.79675078260044
26.0,31.745689153439148,5.745689153439148,22.098804436304416
35.0,32.79476455026457,2.205235449735433,6.300672713529809
22.0,26.619508588715327,4.619508588715327,20.997766312342396
30.0,26.714823505160034,3.285176494839966,10.95058831613322
23.0,26.634002109745182,3.6340021097451825,15.80000917280514
17.0,27.22247146591488,10.222471465914879,60.13218509361693
26.0,26.679830117426047,0.6798301174260466,2.61473122086941
26.0,33.084736171236166,7.084736171236166,27.248985273985255
28.0,35.18253439153438,7.182534391534382,25.651908541194224
25.0,24.818718960574536,0.18128103942546403,0.7251241577018561
33.0,25.318094419406815,7.681905580593185,23.278501759373288
27.0,24.653061733014,2.346938266986001,8.692363951800004
25.0,25.80872747557979,0.80872747557979,3.23490990231916
29.0,25.823105565620555,3.176894434379445,10.95480839441188
30.0,34.117477513227506,4.117477513227506,13.724925044091687
30.0,36.167573491323495,6.167573491323495,20.558578304411647
27.0,24.17438252908739,2.8256174709126114,10.46524989226893
18.0,24.090253533186537,6.090253533186537,33.83474185103632
25.0,24.129525738158687,0.8704742618413128,3.4818970473652513
28.0,24.98404986077808,3.0159501392219212,10.771250497221148
26.0,24.667658676876798,1.3323413231232024,5.124389704320009
35.0,34.789491360491354,0.21050863950864596,0.6014532557389884
22.0,35.04280423280422,13.042804232804222,59.28547378547374
21.0,25.149340449156057,4.149340449156057,19.758764043600273
25.0,23.674755369050143,1.3252446309498573,5.300978523799429
26.0,24.147998846636494,1.8520011533635063,7.123081359090409
21.0,24.636907568525878,3.636907568525878,17.318607469170846
21.0,25.150809077490035,4.150809077490035,19.765757511857306
25.0,35.3901082898583,10.390108289858297,41.56043315943319
40.0,32.51765644540644,7.482343554593562,18.705858886483906
32.0,23.18478771189328,8.815212288106721,27.547538400333504
26.0,23.362852156460242,2.6371478435397577,10.142876321306762
29.0,23.79596783940626,5.204032160593741,17.944938484806002
20.0,23.171347908931022,3.171347908931022,15.85673954465511
18.0,23.79073092955253,5.790730929552531,32.170727386402945
38.0,35.832627465127494,2.1673725348725057,5.703611933875015
34.0,37.56863227513227,3.5686322751322734,10.495977279800805
24.0,23.245527638540793,0.7544723614592073,3.1436348394133637
18.0,22.34130803042921,4.341308030429211,24.11837794682895
24.0,22.94854700470383,1.0514529952961702,4.381054147067376
27.0,23.142503615007026,3.8574963849929738,14.287023648122124
16.0,23.178928888472612,7.178928888472612,44.86830555295383
26.0,25.349317460317465,0.6506825396825349,2.502625152625134
28.0,25.9982791005291,2.0017208994709,7.149003212396073
31.0,21.8197997758946,9.180200224105398,29.613549110017413
26.0,23.505559972574655,2.4944400274253447,9.594000105482095
15.0,22.793002109410235,7.793002109410235,51.95334739606824
24.0,23.524975025718412,0.4750249742815882,1.979270726173284
18.0,23.233047026082215,5.233047026082215,29.072483478234524
22.0,27.061475822652294,5.0614758226522945,23.006708284783155
22.0,26.168501057251465,4.168501057251465,18.94773207841575
23.0,23.29093798880103,0.29093798880102995,1.2649477773957825
25.0,21.790742918943412,3.209257081056588,12.837028324226353
20.0,22.922257065634376,2.9222570656343763,14.61128532817188
31.0,22.463978192465312,8.536021807534688,27.53555421785383
19.0,20.599525480070678,1.5995254800706782,8.418555158266727
22.0,24.383233852945292,2.383233852945292,10.832881149751326
21.0,24.185427224562478,3.1854272245624777,15.168701069345131
22.0,22.141516770332945,0.14151677033294519,0.6432580469679327
26.0,21.264939887207444,4.7350601127925565,18.211769664586754
28.0,21.258044034123348,6.741955965876652,24.07841416384519
16.0,23.23637721980468,7.23637721980468,45.227357623779255
19.0,21.97779419711586,2.977794197115859,15.672601037451889
23.0,24.357898779184893,1.357898779184893,5.9039077355864915
23.0,24.3985971390824,1.3985971390824012,6.080857126445223
25.0,21.888476471753293,3.111523528246707,12.446094112986827
29.0,21.943922256710298,7.056077743289702,24.33130256306794
20.0,21.314816233264217,1.3148162332642173,6.574081166321085
30.0,21.56355893471574,8.43644106528426,28.121470217614203
14.0,21.886818349058775,7.886818349058775,56.33441677899125
25.0,25.350441563082786,0.35044156308278573,1.401766252331143
24.0,24.794150464915678,0.7941504649156776,3.30896027048199
17.0,19.45431873981326,2.45431873981326,14.437169057725061
25.0,20.593992638161502,4.406007361838498,17.62402944735399
16.0,19.507429686028143,3.507429686028143,21.921435537675894
14.0,20.0237345614456,6.0237345614456,43.02667543889714
23.0,20.64184666324559,2.358153336754409,10.252840594584386
16.0,24.16293169014205,8.162931690142049,51.018323063387804
30.0,25.181772425553007,4.818227574446993,16.060758581489978
16.0,21.304365479985194,5.304365479985194,33.15228424990746
15.0,20.851499933456612,5.851499933456612,39.00999955637741
27.0,21.646584723486544,5.353415276513456,19.827463987086873
14.0,20.50422043746914,6.50422043746914,46.45871741049386
21.0,20.08857585472726,0.9114241452727398,4.340114977489237
28.0,23.471381754089236,4.528618245910764,16.17363659253844
21.0,23.854320111888686,2.8543201118886863,13.592000532803267
17.0,20.155634247359366,3.155634247359366,18.562554396231565
19.0,20.351211338412025,1.3512113384120248,7.111638623221184
18.0,19.815157953652914,1.815157953652914,10.084210853627301
25.0,19.30610397163074,5.6938960283692595,22.775584113477038
23.0,19.22001982827778,3.779980171722219,16.434696398792255
31.0,21.987391089157295,9.012608910842705,29.072931970460335
21.0,22.311939895882485,1.3119398958824853,6.2473328375356445
28.0,19.669287850119055,8.330712149880945,29.752543392431946
22.0,19.304767139046724,2.6952328609532756,12.251058458878527
23.0,19.11608112996049,3.8839188700395084,16.886603782780472
19.0,19.488676496609962,0.48867649660996193,2.5719815611050625
28.0,20.185159865734843,7.8148401342651574,27.910143336661275
21.0,23.834017913132755,2.8340179131327545,13.49532339587026
21.0,24.85734061207442,3.8573406120744202,18.36828862892581
22.0,19.863426061075923,2.1365739389240765,9.711699722382166
17.0,20.073498225789596,3.0734982257895958,18.079401328174093
23.0,19.88096710651835,3.1190328934816485,13.561012580354994
17.0,20.368171888509917,3.3681718885099166,19.812775814764215
21.0,19.228477451243837,1.7715225487561632,8.435821660743633
29.0,24.958383091759273,4.0416169082407265,13.936610028416299
17.0,26.107656901283082,9.107656901283082,53.57445236048872
20.0,19.56567045414707,0.43432954585292904,2.171647729264645
15.0,19.412820907112362,4.412820907112362,29.418806047415746
24.0,18.522613782350128,5.477386217649872,22.822442573541135
20.0,18.997618253359963,1.0023817466400367,5.011908733200183
17.0,18.68355576754666,1.683555767546661,9.903269220862713
31.0,28.188157073555104,2.8118429264448963,9.070461053048053
22.0,25.422009117244414,3.4220091172444143,15.55458689656552
26.0,19.44080533266222,6.559194667337781,25.227671797453006
13.0,19.089835147910446,6.089835147910446,46.84488575315727
22.0,19.085532353662046,2.914467646337954,13.247580210627063
26.0,19.672017134620987,6.327982865379013,24.33839563607313
18.0,19.279774000368768,1.2797740003687679,7.109855557604266
29.0,27.980783489658492,1.0192165103415078,3.514539690832786
35.0,27.04185855756443,7.9581414424355685,22.73754697838734
11.0,20.602705843597597,9.602705843597597,87.29732585088725
24.0,21.4841686030482,2.5158313969518,10.4826308206325
13.0,20.216778198821252,7.2167781988212525,55.51367845247117
14.0,20.07554427809095,6.075544278090948,43.396744843506774
11.0,20.68495129687149,9.684951296871489,88.04501178974081
29.0,26.77748532172726,2.2225146782727414,7.663843718181868
21.0,27.377845719095713,6.377845719095713,30.37069390045578
21.0,20.185525650501692,0.8144743494983082,3.878449283325277
17.0,19.535717500924715,2.535717500924715,14.915985299557146
17.0,19.822496285260023,2.822496285260023,16.602919325058956
15.0,19.333649016047513,4.333649016047513,28.890993440316752
23.0,19.651580177361012,3.348419822638988,14.55834705495212
20.0,23.041182539682552,3.041182539682552,15.20591269841276
19.0,21.835685496420798,2.8356854964207976,14.924660507477883
20.0,18.7397985528904,1.2602014471096012,6.301007235548006
16.0,18.69541783669982,2.6954178366998214,16.846361479373883
26.0,19.43091970146683,6.569080298533169,25.265693455896805
20.0,19.334138442482057,0.6658615575179425,3.329307787589712
20.0,19.18839702975165,0.8116029702483516,4.058014851241758
15.0,21.733458936922897,6.733458936922897,44.88972624615265
20.0,19.882740909090902,0.11725909090909781,0.586295454545489
21.0,18.909723475376815,2.090276524623185,9.953697736300882
22.0,18.429876917342035,3.5701230826579646,16.22783219389984
16.0,19.3354101899924,3.3354101899923982,20.84631368745249
20.0,19.98113006813096,0.018869931869041068,0.09434965934520534
22.0,19.656434294534094,2.343565705465906,10.652571388481391
21.0,22.00409555906445,1.0040955590644494,4.781407424116425
16.0,21.90457562177745,5.90457562177745,36.90359763610906
13.0,18.752333631108463,5.752333631108463,44.24872023929588
17.0,18.185012071895255,1.1850120718952546,6.970659246442675
15.0,17.675081074298124,2.6750810742981237,17.83387382865416
18.0,18.652798147495307,0.6527981474953073,3.6266563749739293
13.0,18.457672480872546,5.457672480872546,41.98209600671189
18.0,21.337992082536203,3.3379920825362035,18.54440045853446
23.0,22.835841052868226,0.16415894713177437,0.713734552746845
18.0,17.34366611578027,0.6563338842197304,3.64629935677628
21.0,17.367310899378374,3.6326891006216258,17.298519526769645
11.0,17.280809012060786,6.280809012060786,57.09826374600714
17.0,18.152277841293984,1.1522778412939836,6.778104948788139
17.0,17.4701941510888,0.47019415108880125,2.7658479475811837
26.0,21.175262781880424,4.8247372181195765,18.556681608152218
24.0,22.185442918192916,1.8145570818070844,7.560654507529518
21.0,17.46517519662897,3.5348248033710306,16.832499063671573
15.0,17.80552528970492,2.8055252897049208,18.703501931366137
19.0,16.631952058468023,2.3680479415319766,12.46341021858935
23.0,17.72190251339464,5.278097486605361,22.948249941762437
14.0,18.201946017199106,4.201946017199106,30.013900122850757
31.0,22.4853024431995,8.514697556800499,27.466766312259672
18.0,23.153268051665123,5.153268051665123,28.629266953695126
17.0,17.216108921754547,0.21610892175454666,1.2712289514973334
14.0,16.54229983202879,2.542299832028789,18.15928451449135
12.0,16.9773096806422,4.9773096806422,41.47758067201834
16.0,17.185636569418318,1.1856365694183175,7.4102285588644845
15.0,16.858130096080654,1.8581300960806537,12.387533973871024
24.0,25.63623351923352,1.636233519233521,6.817639663473003
34.0,25.530221064655173,8.469778935344827,24.91111451572008
18.0,17.04404029563899,0.9559597043610104,5.310887246450058
14.0,17.398030489319453,3.398030489319453,24.271646352281806
15.0,16.11113168843986,1.1111316884398583,7.407544589599055
14.0,16.26644312918498,2.2664431291849816,16.18887949417844
16.0,16.964109890360557,0.9641098903605574,6.025686814753484
27.0,25.047387062959583,1.952612937040417,7.231899766816359
20.0,25.6290238095238,5.629023809523801,28.145119047619005
14.0,17.13127537936032,3.1312753793603214,22.36625270971658
22.0,17.303766806219656,4.696233193780344,21.346514517183383
19.0,17.905042792221334,1.0949572077786662,5.762932672519296
18.0,17.561042071786538,0.4389579282134619,2.438655156741455
22.0,17.757834745027324,4.242165254972676,19.282569340784892
28.0,23.551929148629156,4.448070851370844,15.88596732632444
19.0,24.247040171556847,5.247040171556847,27.616000902930775
21.0,17.058803562376795,3.941196437623205,18.767602083920025
19.0,17.624039273784874,1.3759607262151263,7.241898559026981
25.0,18.07417238656201,6.925827613437988,27.703310453751957
18.0,18.37529920095903,0.3752992009590308,2.0849955608835047
29.0,19.198472512768408,9.801527487231592,33.79837064562618
27.0,21.926281541482567,5.073718458517433,18.791549846360862
17.0,22.462320479681352,5.4623204796813525,32.131296939302075
18.0,19.301014040838062,1.3010140408380622,7.227855782433679
22.0,19.20541966358031,2.7945803364196884,12.702637892816766
16.0,19.621003841420425,3.621003841420425,22.631274008877654
18.0,18.655350007063024,0.6553500070630243,3.640833372572357
14.0,19.309842969543556,5.309842969543556,37.92744978245398
21.0,22.82401422674333,1.82401422674333,8.685782032111094
16.0,23.495953368996403,7.495953368996403,46.84970855622752
21.0,19.401008367462474,1.5989916325375262,7.614245869226314
25.0,19.440523275966218,5.559476724033782,22.23790689613513
18.0,20.138843952713504,2.138843952713504,11.882466403963912
21.0,20.07486109525317,0.9251389047468308,4.405423355937289
23.0,19.50611678374577,3.493883216254229,15.190796592409692
31.0,22.55374525761283,8.446254742387168,27.24598303995861
34.0,22.443100924716582,11.556899075283418,33.99087963318652
17.0,19.25483251229501,2.2548325122950104,13.263720660558883
20.0,19.243300551022756,0.7566994489772441,3.7834972448862207
24.0,18.72513581136732,5.27486418863268,21.9786007859695
21.0,18.83696612761294,2.163033872387061,10.300161297081242
26.0,20.724018879268886,5.275981120731114,20.29223507973505
17.0,22.44322018534747,5.443220185347471,32.018942266749825
23.0,23.553885565585524,0.5538855655855244,2.4081981112414104
21.0,20.919118851639585,0.08088114836041527,0.385148325525787
19.0,22.13876207804134,3.1387620780413386,16.519800410743887
17.0,21.33392616801504,4.33392616801504,25.49368334126494
16.0,22.237589437609177,6.237589437609177,38.98493398505736
19.0,22.116483607067018,3.1164836070670177,16.402545300352724
30.0,22.423445053463155,7.576554946536845,25.25518315512282
21.0,21.52643908745106,0.5264390874510596,2.5068527973859984
13.0,21.319823139732257,8.319823139732257,63.99863953640198
21.0,22.533735365012326,1.5337353650123262,7.303501738153935
21.0,24.93006249241081,3.9300624924108085,18.714583297194327
17.0,21.453106918742776,4.453106918742776,26.194746580839862
18.0,22.34553313049661,4.345533130496609,24.141850724981158
23.0,21.494125611119074,1.505874388880926,6.5472799516562
22.0,22.1189573286608,0.11895732866080166,0.5407151302763712
20.0,21.959207989396642,1.959207989396642,9.79603994698321
21.0,22.185614854078025,1.1856148540780254,5.645785019419168
19.0,22.973685627610532,3.973685627610532,20.914134882160695
22.0,21.184271989160493,0.8157280108395071,3.7078545947250325
21.0,21.82780591297887,0.8278059129788709,3.941932918947004
19.0,20.28167182974289,1.2816718297428906,6.745641209173109
29.0,20.779153186566838,8.220846813433162,28.347747632528147
22.0,20.687841173755622,1.312158826244378,5.964358301110809
30.0,22.724648006281665,7.275351993718335,24.25117331239445
23.0,22.65285544069866,0.34714455930134136,1.5093241708753973
23.0,21.446574827957548,1.5534251720424521,6.754022487141096
20.0,21.91545455933729,1.9154545593372916,9.577272796686458
26.0,21.024200034135514,4.975799965864486,19.13769217640187
29.0,20.575966472232828,8.424033527767172,29.048391475059216
20.0,20.36325944694513,0.3632594469451291,1.8162972347256456
23.0,23.554876672891382,0.5548766728913819,2.4125072734407906
32.0,25.423927829325077,6.576072170674923,20.550225533359136
23.0,21.302138408962776,1.6978615910372241,7.382006917553148
30.0,21.98579360369351,8.014206396306491,26.714021321021637
26.0,21.226680600869432,4.773319399130568,18.3589207658868
16.0,21.876239639066732,5.876239639066732,36.72649774416708
28.0,21.466986591468746,6.533013408531254,23.332190744754477
32.0,26.70303091389735,5.296969086102649,16.55302839407078
22.0,26.846770682765275,4.846770682765275,22.03077583075125
20.0,21.490114947480098,1.490114947480098,7.4505747374004905
18.0,23.106923051298313,5.106923051298313,28.371794729435074
19.0,23.606417514772623,4.606417514772623,24.244302709329595
28.0,22.254162552665274,5.745837447334726,20.52084802619545
18.0,22.680442104305598,4.680442104305598,26.0024561350311
28.0,27.76853404062272,0.23146595937728165,0.8266641406331487
21.0,27.190129097161478,6.190129097161478,29.476805224578467
24.0,23.915388696894514,0.08461130310548626,0.3525470962728594
21.0,24.159911001090503,3.159911001090503,15.047195243288108
19.0,25.073681825490826,6.0736818254908265,31.966746449951717
23.0,25.059433034681227,2.059433034681227,8.954056672527075
25.0,23.27698171392335,1.7230182860766483,6.892073144306593
29.0,26.980031339168622,2.0199686608313776,6.965409175280612
27.0,28.963474997388765,1.963474997388765,7.27212961995839
24.0,24.430723091566,0.4307230915660014,1.7946795481916726
17.0,24.335457911979457,7.335457911979457,43.14975242340857
23.0,24.733752444563077,1.733752444563077,7.538054106795987
18.0,23.62014445384577,5.620144453845771,31.22302474358762
24.0,24.155023354403937,0.15502335440393722,0.6459306433497385
31.0,27.42997891922892,3.570021080771081,11.516197034745423
45.0,27.625934796140676,17.374065203859324,38.609033786354054
17.0,23.413790831510912,6.413790831510912,37.728181361828895
31.0,23.935765742112288,7.064234257887712,22.78785244479907
22.0,24.59000710079241,2.590007100792409,11.772759549056405
18.0,24.892976276408792,6.892976276408792,38.29431264671551
23.0,22.49124252805973,0.508757471940271,2.211989008435961
37.0,32.73668638768639,4.26331361231361,11.522469222469216
27.0,32.869355820105824,5.869355820105824,21.738354889280828
29.0,23.326137131573276,5.673862868426724,19.565044373885254
19.0,24.213772713583857,5.213772713583857,27.44090901886241
17.0,23.560155428470875,6.560155428470875,38.58914957924044
26.0,23.22091999139332,2.7790800086066803,10.688769263871848
27.0,21.772774608997924,5.227225391002076,19.36009404074843
30.0,33.04923015873016,3.049230158730161,10.164100529100537
27.0,32.00941666666666,5.0094166666666595,18.55339506172837
24.0,23.580290857269887,0.41970914273011317,1.7487880947088048
16.0,24.626603682089396,8.626603682089396,53.91627301305873
23.0,23.72990905018649,0.7299090501864889,3.173517609506473
26.0,24.273374807616037,1.7266251923839633,6.640866124553704
21.0,23.56181096140836,2.5618109614083586,12.199099816230278
39.0,32.33834379268077,6.661656207319233,17.081169762357007
22.0,33.9034908054908,11.903490805490797,54.10677638859453
25.0,23.06023903622031,1.9397609637796904,7.759043855118762
19.0,23.010630745744862,4.010630745744862,21.10858287234138
16.0,22.812654272917467,6.812654272917467,42.579089205734164
27.0,22.811762572257976,4.188237427742024,15.511990473118608
19.0,22.865464036736586,3.8654640367365865,20.34454756177151
38.0,33.19679497354497,4.803205026455032,12.640013227513242
33.0,32.10544444444442,0.8945555555555771,2.710774410774476
23.0,23.24944151643591,0.24944151643590828,1.0845283323300359
24.0,23.788287220590693,0.21171277940930722,0.8821365808721134
23.0,23.175180650766634,0.17518065076663447,0.7616550033331934
21.0,22.91766028502067,1.9176602850206699,9.131715642955571
21.0,23.890740998240197,2.8907409982401973,13.76543332495332
33.0,27.402802910052916,5.597197089947084,16.96120330286995
27.0,27.10284992784993,0.10284992784993108,0.38092565870344847
34.0,23.8949093804429,10.1050906195571,29.72085476340323
18.0,24.07419564927916,6.074195649279162,33.74553138488423
19.0,24.25840225328106,5.258402253281059,27.675801333058203
19.0,23.15065637952255,4.150656379522552,21.845559892223957
25.0,23.850274770736558,1.1497252292634421,4.5989009170537685
22.0,26.818186995265933,4.818186995265933,21.900849978481514
33.0,27.35255223719636,5.64744776280364,17.11347806910194
26.0,23.20787202319937,2.7921279768006286,10.738953756925493
24.0,24.772738255421654,0.772738255421654,3.2197427309235582
29.0,24.53481068824222,4.465189311757779,15.397204523302687
19.0,23.452693624576764,4.452693624576764,23.435229603035598
26.0,23.403282841735713,2.596717158264287,9.987373685631873
33.0,26.51813579539559,6.48186420460441,19.642012741225486
30.0,25.715175796406704,4.2848242035932955,14.282747345310984
30.0,22.710805629654917,7.289194370345083,24.297314567816944
25.0,22.731029490595756,2.2689705094042445,9.075882037616978
23.0,22.67546128579836,0.3245387142016405,1.4110378878332195
23.0,22.210243024331216,0.7897569756687837,3.433725981168625
33.0,22.677085541918906,10.322914458081094,31.2815589638821
27.0,29.25054642287536,2.2505464228753596,8.335357121760591
31.0,27.689676724218884,3.3103232757811156,10.678462179939082
24.0,24.083993334938953,0.08399333493895256,0.3499722289123023
20.0,23.67694433533055,3.6769443353305498,18.38472167665275
24.0,23.41915769568931,0.5808423043106892,2.420176267961205
22.0,23.523046214852258,1.5230462148522577,6.922937340237535
27.0,24.924311961276466,2.075688038723534,7.68773347675383
28.0,30.696863166339348,2.696863166339348,9.631654165497672
29.0,30.809673202614363,1.8096732026143627,6.2402524228081475
19.0,24.375550114815493,5.375550114815493,28.292369025344698
26.0,23.498326337514296,2.501673662485704,9.621821778791169
23.0,23.094916606713596,0.09491660671359625,0.4126808987547663
24.0,23.53533765160349,0.46466234839650866,1.9360931183187862
26.0,23.690608717856062,2.309391282143938,8.88227416209207
32.0,29.40535859665274,2.5946414033472607,8.108254385460189
29.0,28.963708151416498,0.03629184858350243,0.1251443054603532
20.0,22.567987686297226,2.5679876862972257,12.839938431486129
19.0,23.501905447522315,4.501905447522315,23.69423919748587
29.0,23.428405217662807,5.571594782337193,19.212395801162735
31.0,23.683306734111163,7.316693265888837,23.602236341576894
20.0,23.449452629042742,3.4494526290427423,17.24726314521371
29.0,29.50110839804714,0.5011083980471405,1.7279599932660015
33.0,29.1500893422119,3.849910657788101,11.666395932691215
23.0,23.175137784179604,0.17513778417960424,0.7614686268678444
17.0,22.463599230309313,5.463599230309313,32.13881900181949
28.0,23.82627596055858,4.173724039441421,14.90615728371936
36.0,24.219968785367783,11.780031214632217,32.72230892953394
19.0,24.03636380306858,5.0363638030685784,26.507177910887254
31.0,29.43838439955107,1.5616156004489312,5.03746967886752
24.0,30.193764826780242,6.193764826780242,25.807353444917673
26.0,24.736476157228747,1.263523842771253,4.859707087581742
26.0,24.907290364477863,1.0927096355221373,4.202729367392836
20.0,23.927547230085935,3.927547230085935,19.637736150429674
23.0,24.61875386834918,1.618753868349181,7.038060297170352
21.0,24.776655014447517,3.776655014447517,17.98407149736913
33.0,32.59364316239317,0.40635683760682895,1.23138435638433
42.0,32.071624867724886,9.928375132275114,23.638988410178843
26.0,23.409940860108676,2.5900591398913235,9.961765922658937
13.0,22.49991818351109,9.499918183511092,73.07629371931608
13.0,23.784757729349703,10.784757729349703,82.95967484115157
23.0,22.88941721894664,0.11058278105335972,0.4807947002319988
24.0,22.92241865088895,1.0775813491110497,4.489922287962708
29.0,33.3715638990639,4.371563899063901,15.074358272634141
41.0,32.86516931216931,8.134830687830693,19.84105045812364
29.0,21.93240695296073,7.067593047039271,24.37101050703197
20.0,23.46305273445175,3.4630527344517503,17.31526367225875
18.0,23.419251464604404,5.419251464604404,30.106952581135577
25.0,22.049036996701197,2.950963003298803,11.803852013195211
21.0,21.93749275341916,0.9374927534191606,4.464251206757908
26.0,32.37681762866762,6.376817628667617,24.526221648721602
40.0,32.32176671476674,7.6782332852332615,19.195583213083154
19.0,23.38638954912043,4.38638954912043,23.08626078484437
20.0,24.83115735877577,4.831157358775769,24.155786793878846
17.0,23.246148278918287,6.246148278918287,36.74204869951934
24.0,23.733085121666925,0.2669148783330755,1.1121453263878145
25.0,23.43921587868326,1.5607841213167397,6.243136485266959
32.0,31.89937133237133,0.10062866762866918,0.3144645863395912
32.0,31.489941798941818,0.5100582010581824,1.5939318783068201
23.0,21.559943025360365,1.440056974639635,6.261117281041892
24.0,22.4470195364878,1.552980463512199,6.470751931300829
21.0,22.262637753802807,1.2626377538028066,6.012560732394317
19.0,22.748568935462284,3.748568935462284,19.729310186643602
23.0,22.633163305993452,0.3668366940065475,1.5949421478545545
27.0,31.70973101898103,4.7097310189810315,17.443448218448264
35.0,31.021192640692636,3.978807359307364,11.36802102659247
12.0,21.562805625250874,9.562805625250874,79.69004687709061
17.0,20.865077281497957,3.865077281497957,22.735748714693862
24.0,21.46396917017455,2.5360308298254495,10.566795124272705
15.0,21.6160357444982,6.616035744498198,44.10690496332132
21.0,21.33175399113895,0.33175399113894954,1.5797809101854738
30.0,23.858612026862023,6.141387973137977,20.471293243793255
17.0,24.017777777777773,7.0177777777777735,41.28104575163396
25.0,19.74049964218917,5.259500357810829,21.038001431243316
18.0,19.752401899428758,1.752401899428758,9.735566107937546
15.0,20.149360313177322,5.149360313177322,34.32906875451548
27.0,20.380857095499653,6.619142904500347,24.515344090742026
20.0,20.374498645412103,0.3744986454121033,1.8724932270605166
34.0,26.108149570500665,7.8918504294993355,23.211324792645105
33.0,23.876680978028197,9.123319021971803,27.646421278702434
25.0,18.767768964576415,6.232231035423585,24.92892414169434
14.0,19.308052240053396,5.308052240053396,37.91465885752426
19.0,19.838493293216303,0.8384932932163025,4.413122595875276
17.0,19.595746775982732,2.5957467759827324,15.269098682251366
15.0,20.012057055359662,5.012057055359662,33.41371370239774
26.0,23.840482723566563,2.159517276433437,8.305835678590142
25.0,23.29876305498045,1.7012369450195486,6.8049477800781935
17.0,20.53095346713356,3.5309534671335605,20.770314512550357
25.0,19.564238858692796,5.435761141307204,21.743044565228814
22.0,20.28774210918656,1.71225789081344,7.782990412788364
25.0,20.062420847308623,4.937579152691377,19.75031661076551
28.0,20.02336497733666,7.976635022663341,28.487982223797648
22.0,23.414805597818194,1.4148055978181944,6.430934535537247
21.0,24.404966686993365,3.4049666869933652,16.214127080920786
26.0,19.510298746420474,6.4897012535795255,24.96038943684433
27.0,19.20824849414394,7.791751505856059,28.858338910577995
17.0,19.285186287363572,2.2851862873635724,13.442272278609249
16.0,19.64541467403455,3.6454146740345514,22.783841712715947
36.0,18.943108267186666,17.056891732813334,47.38025481337037
22.0,23.16030479187239,1.1603047918723917,5.274112690329053
16.0,20.125123586870636,4.125123586870636,25.782022417941477
12.0,20.719741916441176,8.719741916441176,72.66451597034313
12.0,20.248330007933774,8.248330007933774,68.7360833994481
22.0,20.044958587657327,1.9550414123426734,8.886551874284878
18.0,20.141404254223243,2.141404254223243,11.896690301240238
15.0,20.390290073178686,5.3902900731786865,35.935267154524574
20.0,26.53551233282844,6.535512332828439,32.677561664142196
24.0,24.832892267630655,0.8328922676306547,3.4703844484610613
20.0,19.788474210965447,0.2115257890345532,1.057628945172766
17.0,19.599329234746783,2.599329234746783,15.290171969098724
23.0,19.378292470797202,3.621707529202798,15.746554474794774
12.0,18.868389760567673,6.868389760567673,57.23658133806394
22.0,19.018989953783077,2.981010046216923,13.55004566462238
22.0,20.763533420127946,1.2364665798720544,5.620302635782066
20.0,20.698659041394343,0.6986590413943432,3.493295206971716
20.0,19.293314522617468,0.706685477382532,3.53342738691266
12.0,19.18464687399836,7.184646873998361,59.87205728331967
15.0,18.217284604185657,3.2172846041856573,21.448564027904382
23.0,18.5995199806045,4.4004800193954985,19.13252182345869
17.0,18.935162520266992,1.9351625202669922,11.383308942747012
15.0,20.56656933615856,5.566569336158562,37.11046224105708
21.0,21.400996636731573,0.4009966367315734,1.909507793959873
15.0,19.71166865307389,4.71166865307389,31.41112435382593
21.0,18.071010583790695,2.928989416209305,13.947568648615738
17.0,17.497409622849695,0.4974096228496947,2.9259389579393806
14.0,18.018723513825,4.018723513825002,28.70516795589287
24.0,17.375818773125072,6.624181226874928,27.600755111978863
19.0,21.539513589791643,2.5395135897916425,13.365860998903381
30.0,21.488815326279315,8.511184673720685,28.370615579068946
22.0,17.023979215642726,4.976020784357274,22.618276292533064
21.0,17.20579666511536,3.7942033348846387,18.067634928022088
23.0,16.55505452274749,6.44494547725251,28.02150207501091
13.0,16.219177066614865,3.219177066614865,24.762900512422036
19.0,18.256964378534793,0.7430356214652072,3.9107137971853008
24.0,20.483369219932687,3.516630780067313,14.652628250280472
26.0,25.2740226305498,0.7259773694501988,2.792220651731534
14.0,17.140068650753015,3.1400686507530153,22.429061791092966
13.0,17.86821286954245,4.86821286954245,37.447791304172696
16.0,18.077815145171773,2.0778151451717726,12.986344657323578
11.0,17.414502677710626,6.414502677710626,58.31366070646023
16.0,18.03630223873418,2.03630223873418,12.726888992088625
23.0,25.37360882940999,2.3736088294099886,10.32003838873908
31.0,27.289613374591536,3.7103866254084643,11.968989114220854
25.0,17.611082955403056,7.388917044596944,29.55566817838778
12.0,17.000563057381928,5.000563057381928,41.67135881151607
13.0,16.394475196315618,3.394475196315618,26.11134766396629
16.0,16.333878655925645,0.3338786559256448,2.08674159953528
20.0,16.853589547541056,3.1464104524589445,15.73205226229472
24.0,24.146428137564925,0.146428137564925,0.6101172398538541
26.0,25.49799191187234,0.5020080881276598,1.9308003389525379
19.0,18.05707392117513,0.9429260788248683,4.962768835920359
20.0,18.31745033709367,1.6825496629063288,8.412748314531644
21.0,17.826929060969952,3.1730709390300476,15.109861614428798
19.0,17.65092081621752,1.3490791837824787,7.100416756749888
16.0,18.052448735214657,2.052448735214657,12.827804595091607
24.0,24.827094500948398,0.8270945009483981,3.446227087284992
21.0,25.51592752454516,4.515927524545159,21.504416783548375
20.0,17.434254150152167,2.5657458498478327,12.828729249239162
24.0,17.50627895355723,6.493721046442769,27.057171026844866
13.0,17.371090055157286,4.3710900551572855,33.62376965505604
26.0,17.520918926166075,8.479081073833925,32.611850283976636
11.0,16.793389862636914,5.793389862636914,52.6671805694265
20.0,20.50082823443348,0.5008282344334809,2.5041411721674045
16.0,20.53580218645232,4.535802186452319,28.34876366532699
19.0,16.788594753991394,2.2114052460086064,11.638974978992666
14.0,18.08188528345081,4.081885283450809,29.156323453220068
13.0,18.183514288734298,5.1835142887342975,39.87318683641767
16.0,17.66833766603818,1.6683376660381803,10.427110412738628
17.0,18.42160910174678,1.4216091017467782,8.362406480863402
12.0,20.90329936113611,8.90329936113611,74.19416134280091
22.0,21.082348186582266,0.9176518134177343,4.171144606444247
18.0,17.00606981888753,0.9939301811124714,5.52183433951373
27.0,16.71636828339732,10.283631716602681,38.087524876306226
8.0,17.025691792536943,9.025691792536943,112.82114740671179
19.0,17.68613110523014,1.3138688947698611,6.915099446157163
14.0,18.75582611026766,4.755826110267659,33.97018650191185
16.0,18.072843359601706,2.0728433596017055,12.95527099751066
19.0,17.940432777794026,1.059567222205974,5.576669590557757
24.0,16.769042200030526,7.230957799969474,30.128990833206142
16.0,18.139527503746468,2.139527503746468,13.372046898415423
22.0,16.262017403587407,5.737982596412593,26.081739074602694
25.0,17.960945541747094,7.039054458252906,28.156217833011628
19.0,17.073117366714623,1.926882633285377,10.141487543607248
8.0,19.151405483324282,11.151405483324282,139.39256854155354
18.0,19.314875320485026,1.3148753204850259,7.304862891583477
14.0,17.425375477859067,3.425375477859067,24.466967698993333
15.0,16.377018461890383,1.3770184618903833,9.180123079269222
12.0,17.08944256440315,5.08944256440315,42.412021370026245
23.0,16.884455302004415,6.115544697995585,26.589324773893846
18.0,17.26209711631665,0.7379028836833506,4.099460464907503
30.0,22.377974181135475,7.622025818864525,25.406752729548415
18.0,20.408559983133042,2.408559983133042,13.380888795183566
26.0,16.16234351126233,9.837656488737672,37.837140341298735
10.0,15.200311129885154,5.200311129885154,52.00311129885154
15.0,14.786684717418,0.21331528258200017,1.422101883880001
17.0,15.998930955252224,1.0010690447477764,5.888641439692802
15.0,15.728070423034168,0.7280704230341684,4.85380282022779
25.0,25.879161272141694,0.8791612721416939,3.5166450885667757
20.0,25.523376618886452,5.523376618886452,27.61688309443226
18.0,17.28771799939094,0.7122820006090613,3.957122225605896
14.0,16.565051605239184,2.5650516052391836,18.321797180279884
25.0,17.4982814474672,7.5017185525328,30.0068742101312
12.0,16.249437587581074,4.249437587581074,35.41197989650895
28.0,16.466694928679242,11.533305071320758,41.19037525471699
15.0,25.81084552933123,10.810845529331232,72.07230352887488
28.0,24.323553894494445,3.676446105505555,13.130164662519839
17.0,15.854042295656027,1.1459577043439726,6.740927672611603
15.0,16.285313728482702,1.285313728482702,8.56875818988468
18.0,16.91746248468879,1.0825375153112091,6.014097307284495
23.0,16.40057575450298,6.599424245497019,28.6931488934653
21.0,17.634932995734054,3.3650670042659456,16.0241285917426
19.0,23.95757553380596,4.9575755338059615,26.092502809505056
29.0,24.734377674258116,4.265622325741884,14.70904250255822
20.0,17.14280682699635,2.857193173003651,14.285965865018255
18.0,17.535525740387587,0.4644742596124125,2.5804125534022915
25.0,16.128841964521307,8.871158035478693,35.48463214191477
11.0,17.9977530393111,6.9977530393111,63.615936721009994
13.0,16.503340500446154,3.5033405004461535,26.948773080355025
22.0,25.20779337709699,3.2077933770969906,14.580878986804501
18.0,24.33285286613548,6.332852866135479,35.182515922974886
21.0,17.424036381174265,3.5759636188257353,17.028398184884455
17.0,18.36117948523135,1.3611794852313501,8.006938148419707
21.0,17.950151892690556,3.049848107309444,14.523086225283066
25.0,17.749335313961602,7.250664686038398,29.002658744153592
22.0,18.355215912595597,3.6447840874044033,16.56720039729274
20.0,21.752268759018754,1.7522687590187545,8.761343795093772
21.0,22.820137130939397,1.820137130939397,8.667319671139987
22.0,17.071056062398963,4.928943937601037,22.404290625459257
14.0,18.563491031411218,4.563491031411218,32.59636451008013
20.0,18.46799648155164,1.5320035184483594,7.660017592241797
18.0,19.23757255012801,1.2375725501280108,6.875403056266727
10.0,19.048985231414292,9.048985231414292,90.48985231414292
24.0,22.245866435122064,1.754133564877936,7.308889853658067
25.0,21.589956287121986,3.4100437128780143,13.640174851512057
25.0,18.356011598219933,6.643988401780067,26.57595360712027
15.0,19.682873612808915,4.6828736128089155,31.219157418726102
20.0,19.640125244974588,0.35987475502541244,1.7993737751270622
19.0,19.089715642184906,0.08971564218490613,0.4721875904468743
21.0,18.300971627242077,2.6990283727579225,12.852516060752011
16.0,19.958257239014525,3.958257239014525,24.739107743840783
17.0,21.048347102222365,4.048347102222365,23.813806483660972
14.0,19.06208763319411,5.0620876331941105,36.15776880852936
25.0,20.102977463173556,4.897022536826444,19.588090147305778
21.0,19.29807647581117,1.7019235241888317,8.104397734232533
15.0,18.912024114527547,3.912024114527547,26.08016076351698
20.0,19.39363399408647,0.6063660059135287,3.0318300295676437
18.0,21.47659641512106,3.4765964151210618,19.314424528450346
18.0,21.59452834556467,3.594528345564669,19.969601919803715
27.0,17.180866676982752,9.819133323017248,36.367160455619434
21.0,18.41243609810166,2.5875639018983385,12.321732866182563
21.0,17.620254691258832,3.3797453087411675,16.094025279719844
27.0,17.810968159026814,9.189031840973186,34.03345126286365
24.0,17.671908017933507,6.328091982066493,26.36704992527705
21.0,23.293766973346933,2.2937669733469335,10.922699873080635
28.0,23.59601539630936,4.403984603690638,15.72851644175228
24.0,19.306558749514107,4.693441250485893,19.55600521035789
24.0,19.079294131250027,4.920705868749973,20.502941119791554
23.0,20.31780254275227,2.6821974572477316,11.661728074990139
23.0,19.641235044380036,3.3587649556199644,14.603325893999845
27.0,18.523089512989547,8.476910487010453,31.39596476670538
19.0,23.558664488172067,4.558664488172067,23.9929709903793
26.0,22.722936028921357,3.2770639710786433,12.604092196456321
25.0,19.78517293046676,5.214827069533239,20.859308278132957
25.0,20.84435599386173,4.155644006138271,16.622576024553084
15.0,20.884628518135223,5.884628518135223,39.23085678756815
25.0,20.302948575844013,4.697051424155987,18.788205696623947
22.0,20.44795501983575,1.5520449801642506,7.054749909837503
22.0,25.016713000963005,3.016713000963005,13.712331822559113
23.0,25.48009315515767,2.4800931551576717,10.783013718076834
18.0,20.523271973350077,2.5232719733500772,14.01817762972265
18.0,20.69978256634752,2.699782566347519,14.998792035263994
23.0,21.25379052651185,1.7462094734881504,7.592215102122394
28.0,21.46865487601412,6.531345123985879,23.326232585663856
19.0,21.412024445924427,2.412024445924427,12.694865504865405
26.0,26.112977494445268,0.11297749444526772,0.43452882478949123
23.0,26.32697964817484,3.3269796481748415,14.465128905108008
24.0,22.034282726571444,1.965717273428556,8.190488639285649
17.0,23.306341653888662,6.306341653888662,37.096127375815655
21.0,22.748517479679936,1.7485174796799363,8.326273712761601
19.0,21.81405999277522,2.8140599927752206,14.810842067238003
23.0,22.25558156113519,0.744418438864809,3.236601908107865
30.0,26.12839149605091,3.8716085039490906,12.905361679830301
27.0,26.541162304401666,0.45883769559833354,1.6993988725864204
22.0,22.398067713710468,0.3980677137104678,1.8093986986839445
19.0,23.158860801810853,4.158860801810853,21.888741062162385
26.0,22.938861394870948,3.0611386051290523,11.773610019727125
27.0,21.862575516896293,5.1374244831037075,19.027498085569285
34.0,21.911459203425185,12.088540796574815,35.55453175463181
31.0,25.512467725377142,5.487532274622858,17.701717014912443
32.0,27.40859674552621,4.591403254473789,14.348135170230591
16.0,22.439562059988983,6.439562059988983,40.247262874931145
28.0,23.725103347277095,4.274896652722905,15.267488045438945
22.0,22.937781830604514,0.9377818306045143,4.2626446845659745
13.0,22.566353991788976,9.566353991788976,73.58733839837673
27.0,22.524209277880438,4.475790722119562,16.577002674516898
36.0,27.09637646336644,8.90362353663356,24.73228760175989
26.0,27.602391402116403,1.6023914021164032,6.163043854293859
18.0,23.08478756374345,5.0847875637434505,28.248819798574726
20.0,24.965192582020684,4.965192582020684,24.82596291010342
23.0,24.028691335900216,1.0286913359002163,4.472571025653115
19.0,23.567906503422368,4.567906503422368,24.041613175907198
24.0,24.220106672871502,0.22010667287150198,0.9171111369645916
23.0,28.234966291878056,5.234966291878056,22.76072300816546
26.0,27.427675232719356,1.4276752327193556,5.4910585873821365
36.0,24.245372808497585,11.754627191502415,32.65174219861782
23.0,24.980029671395876,1.9800296713958758,8.60882465824294
27.0,24.670819869916237,2.3291801300837633,8.626593074384308
21.0,24.473363693207624,3.4733636932076237,16.539827110512494
23.0,23.66689888138126,0.6668988813812611,2.89956035383157
26.0,31.105756253006263,5.105756253006263,19.637524050024087
37.0,29.442492266992268,7.557507733007732,20.425696575696573
23.0,24.048447446068757,1.0484474460687565,4.55846715682068
19.0,24.3877112582847,5.3877112582847,28.35637504360368
26.0,24.15027298625543,1.8497270137445696,7.114334668248344
20.0,23.86524433934696,3.8652443393469618,19.32622169673481
22.0,24.327730936997078,2.327730936997078,10.580595168168538
37.0,35.261437830687825,1.7385621693121749,4.6988166738166885
39.0,35.8441001683502,3.1558998316497977,8.092050850384098
26.0,24.180599633054452,1.8194003669455476,6.9976937190213375
25.0,24.373859738280064,0.6261402617199359,2.5045610468797435
25.0,24.637843465306016,0.3621565346939839,1.4486261387759356
26.0,25.21193326477884,0.788066735221161,3.031025904696773
22.0,24.23530136993389,2.2353013699338895,10.16046077242677
25.0,34.407482804232814,9.407482804232814,37.629931216931254
35.0,35.54217989417988,0.5421798941798812,1.549085411942518
34.0,22.665392721095174,11.334607278904826,33.33708023207302
15.0,23.544664432655384,8.544664432655384,56.9644295510359
24.0,23.121946510384294,0.8780534896157057,3.6585562067321074
19.0,24.692741395515778,5.692741395515778,29.961796818504094
35.0,24.324786645101653,10.675213354898347,30.50060958542385
28.0,34.26057067505364,6.260570675053643,22.35918098233444
36.0,35.62276322751324,0.3772367724867607,1.0478799235743352
25.0,25.364483278398446,0.3644832783984455,1.457933113593782
21.0,25.546501902283012,4.546501902283012,21.650009058490532
22.0,24.037068121538237,2.037068121538237,9.25940055244653
30.0,24.389949605681018,5.610050394318982,18.700167981063274
18.0,23.994813656394044,5.994813656394044,33.304520313300245
37.0,34.21360166793989,2.7863983320601093,7.530806302865161
47.0,34.97956168831169,12.02043831168831,25.575400663166615
25.0,26.088675432909156,1.088675432909156,4.354701731636624
28.0,24.78988548973745,3.2101145102625495,11.464694679509105
30.0,24.844481083730496,5.155518916269504,17.185063054231676
19.0,24.15765601109188,5.1576560110918805,27.145557953115162
25.0,25.265074306842262,0.2650743068422621,1.0602972273690483
31.0,31.552422799422796,0.5524227994227964,1.7820090303961171
30.0,32.93079100529102,2.93079100529102,9.769303350970066
25.0,26.18071345207113,1.1807134520711315,4.722853808284526
22.0,26.249449814719142,4.249449814719142,19.3156809759961
24.0,25.853822764338236,1.8538227643382363,7.724261518075985
25.0,26.80836155504728,1.8083615550472807,7.233446220189123
24.0,26.01691129057345,2.01691129057345,8.403797044056043
27.0,31.93533645983647,4.935336459836471,18.279023925320264
29.0,32.50979545454543,3.509795454545433,12.10274294670839
19.0,26.43110245444851,7.43110245444851,39.111065549729
24.0,26.2139767339301,2.2139767339300995,9.224903058042083
41.0,27.787856208921895,13.212143791078105,32.22474095384904
11.0,27.858457883931163,16.858457883931163,153.25870803573784
23.0,26.818838470548922,3.818838470548922,16.60364552412575
29.0,32.86727899877899,3.8672789987789926,13.335444823375836
37.0,28.11870095645096,8.881299043549038,24.003510928510917
20.0,24.2249626215907,4.224962621590699,21.124813107953493
17.0,24.877247243448473,7.877247243448473,46.33674849087337
36.0,25.10314320708683,10.89685679291317,30.269046646981025
21.0,26.473325850971285,5.473325850971285,26.063456433196595
28.0,25.038621164528664,2.9613788354713364,10.576352983826201
31.0,28.34345374770297,2.65654625229703,8.569504039667839
23.0,28.403210463209682,5.403210463209682,23.492219405259487
27.0,25.817557982593076,1.182442017406924,4.379414879284903
21.0,25.176228198248683,4.176228198248683,19.88680094404135
27.0,26.116979285649563,0.8830207143504367,3.2704470901868024
22.0,25.616546529835492,3.6165465298354924,16.438847862888604
23.0,24.73727982104515,1.7372798210451492,7.553390526283257
34.0,30.642841340884182,3.357158659115818,9.873996056222994
25.0,29.37043078403079,4.370430784030791,17.481723136123165
21.0,24.684483769675477,3.6844837696754773,17.545160807978462
17.0,24.77972618935528,7.77972618935528,45.76309523150165
32.0,23.411371607226023,8.588628392773977,26.83946372741868
25.0,23.559476724418417,1.440523275581583,5.762093102326332
24.0,22.778709774040646,1.221290225959354,5.0887092748306415
23.0,29.165923691938907,6.165923691938907,26.80836387799525
23.0,26.975491095505802,3.9754910955058023,17.28474389350349
24.0,22.785604076700306,1.2143959232996941,5.059983013748726
21.0,23.098822731425404,2.098822731425404,9.99439395916859
23.0,23.48888619458108,0.48888619458108096,2.125592150352526
28.0,24.909005467901775,3.0909945320982253,11.03926618606509
23.0,24.44286037804149,1.442860378041491,6.273305991484744
24.0,26.52392709839022,2.523927098390221,10.516362909959254
27.0,26.887927384700035,0.11207261529996515,0.4150837603702413
17.0,23.05547553388538,6.055475533885382,35.62044431697283
26.0,22.08185382419314,3.9181461758068608,15.06979298387254
24.0,22.44918271010714,1.5508172898928585,6.46173870788691
28.0,22.029341166365157,5.970658833634843,21.32378154869587
27.0,21.76170951418507,5.238290485814929,19.401075873388628
26.0,29.89522755770918,3.8952275577091804,14.981644452727616
36.0,28.883025248527197,7.116974751472803,19.769374309646675
22.0,21.802777441883986,0.19722255811601386,0.8964661732546085
23.0,21.73771825284381,1.262281747156191,5.488181509374743
24.0,21.953343858888246,2.046656141111754,8.527733921298974
19.0,22.00803501470056,3.0080350147005603,15.831763235266108
34.0,21.72987316987068,12.270126830129321,36.08860832390977
32.0,30.16368508942039,1.8363149105796097,5.73848409556128
38.0,31.81952910052912,6.18047089947088,16.26439710387074
22.0,21.67109082491822,0.32890917508177964,1.49504170491718
20.0,22.326562829528797,2.326562829528797,11.632814147643984
26.0,22.397488545247942,3.602511454752058,13.855813287507916
20.0,21.936012881822553,1.9360128818225526,9.680064409112763
25.0,23.673135949566632,1.3268640504333682,5.307456201733473
32.0,31.799989417989437,0.2000105820105631,0.6250330687830097
49.0,33.91772222222223,15.082277777777769,30.780158730158714
22.0,21.405784047897324,0.594215952102676,2.700981600466709
20.0,21.13287122287373,1.1328712228737317,5.664356114368658
19.0,21.78531191114481,2.7853119111448095,14.659536374446366
25.0,22.195623346856394,2.8043766531436063,11.217506612574425
22.0,22.1221923395209,0.12219233952090036,0.5554197250950016
36.0,32.17747089947092,3.8225291005290813,10.61813639035856
34.0,35.270052910052925,1.2700529100529252,3.7354497354497798
18.0,23.322644620183063,5.322644620183063,29.570247889905904
24.0,23.818444620302827,0.18155537969717273,0.7564807487382197
24.0,24.276201205799676,0.27620120579967633,1.1508383574986514
25.0,24.58641763864969,0.41358236135031134,1.6543294454012454
21.0,24.07227707055488,3.072277070554879,14.62989081216609
36.0,34.00382936507936,1.996170634920638,5.544918430335106
32.0,32.42316883116882,0.4231688311688231,1.3224025974025722
21.0,22.819401983684592,1.8194019836845925,8.663818969926632
35.0,22.88875581790531,12.11124418209469,34.603554805984835
21.0,23.234734068248382,2.2347340682483825,10.641590801182774
23.0,23.541859396751573,0.5418593967515726,2.355910420659011
17.0,23.42996869339061,6.4299686933906095,37.82334525523888
29.0,33.40396947496947,4.403969474969472,15.186101637825763
33.0,32.42310978835979,0.5768902116402117,1.7481521564854898
22.0,22.228800800986946,0.22880080098694577,1.0400036408497535
17.0,22.808915430730437,5.808915430730437,34.17009076900257
23.0,22.21449183720818,0.785508162791821,3.41525288170357
23.0,22.147398926166485,0.8526010738335152,3.706961190580501
20.0,22.44151027477953,2.4415102747795316,12.207551373897658
28.0,25.332305555555543,2.6676944444444572,9.527480158730205
22.0,25.468658730158722,3.4686587301587224,15.766630591630557
34.0,20.907610271744954,13.092389728255046,38.507028612514844
16.0,21.63999069789859,5.63999069789859,35.24994186186618
27.0,22.292061498834716,4.707938501165284,17.436809263575125
19.0,22.632234520098365,3.632234520098365,19.117023789991393
19.0,21.55102434482183,2.5510243448218297,13.426443920114895
18.0,24.49320712661282,6.49320712661282,36.07337292562678
28.0,26.83372623711223,1.1662737628877693,4.165263438884891
23.0,21.701623118247248,1.298376881752752,5.645116877185878
21.0,22.31016459015448,1.3101645901544785,6.238879000735612
38.0,21.40999534843185,16.59000465156815,43.657906977810924
17.0,21.517808846568833,4.517808846568833,26.575346156287257
26.0,21.04002873298094,4.9599712670190605,19.076812565457928
15.0,25.10904381537472,10.109043815374719,67.39362543583147
21.0,25.37353507487639,4.37353507487639,20.82635749941138
17.0,21.58236052806623,4.5823605280662285,26.955061929801342
20.0,21.226548604632125,1.226548604632125,6.132743023160625
19.0,21.461208888779684,2.4612088887796837,12.953730993577285
19.0,20.456731671539035,1.4567316715390355,7.667008797573871
15.0,20.428862029266774,5.428862029266774,36.19241352844516
24.0,24.97622978119024,0.9762297811902414,4.067624088292673
18.0,24.75096176471494,6.7509617647149405,37.505343137305225
20.0,21.076020042627494,1.0760200426274942,5.380100213137471
27.0,20.47067901822876,6.529320981771239,24.18267030285644
21.0,20.240799873222148,0.7592001267778521,3.6152386989421528
24.0,19.67085958876056,4.32914041123944,18.038085046831
13.0,20.352736082011113,7.352736082011113,56.55950832316241
19.0,23.22516786775317,4.225167867753171,22.237725619753533
25.0,20.41696955439181,4.583030445608191,18.332121782432765
15.0,18.661462963995767,3.661462963995767,24.409753093305113
23.0,19.856036595025767,3.143963404974233,13.669406108583622
21.0,21.929412727909938,0.9294127279099378,4.425774894809228
22.0,20.348577524065476,1.651422475934524,7.506465799702382
21.0,20.33104874556955,0.6689512544304499,3.1854821639545237
30.0,21.44480380026456,8.555196199735441,28.5173206657848
24.0,21.65212696301133,2.34787303698867,9.782804320786125
27.0,19.09382378249813,7.906176217501869,29.28213413889581
22.0,18.117844780794574,3.8821552192054263,17.646160087297392
28.0,19.469354539332787,8.530645460667213,30.46659093095433
20.0,18.91437796846077,1.0856220315392306,5.428110157696153
18.0,19.58103265289799,1.5810326528979886,8.783514738322157
15.0,21.719319087876663,6.719319087876663,44.795460585844424
12.0,24.545141305600822,12.545141305600822,104.54284421334019
13.0,19.97463239157565,6.97463239157565,53.65101839673577
19.0,19.539735078915484,0.5397350789154842,2.840710941660443
21.0,19.079813938012,1.9201860619880016,9.143743152323818
14.0,19.040492963380828,5.040492963380828,36.003521167005914
14.0,19.336536277092307,5.336536277092307,38.11811626494505
20.0,22.945493096396675,2.9454930963966746,14.727465481983373
29.0,22.187698156331933,6.812301843668067,23.490696012648506
21.0,19.179614461649475,1.820385538350525,8.668502563573927
17.0,18.92320967110243,1.9232096711024305,11.312998065308415
21.0,18.075610146902232,2.924389853097768,13.925665967132229
19.0,18.013443239706003,0.9865567602939969,5.192404001547351
16.0,18.381433934679656,2.381433934679656,14.883962091747849
20.0,20.7063082198036,0.7063082198035993,3.5315410990179963
25.0,22.722974979667498,2.277025020332502,9.108100081330008
19.0,19.791545597418956,0.7915455974189562,4.16602946009977
14.0,18.50714537358939,4.507145373589388,32.19389552563849
22.0,17.677302436320158,4.322697563679842,19.64862528945383
13.0,18.038206554457098,5.038206554457098,38.75543503428537
21.0,17.62290196289069,3.3770980371093096,16.081419224330045
14.0,21.368649293919123,7.368649293919123,52.633209242279456
30.0,22.597214015831664,7.402785984168336,24.67595328056112
13.0,17.957256784800855,4.957256784800855,38.132744498468114
17.0,17.647145920774,0.6471459207740011,3.806740710435301
18.0,17.749503557960658,0.25049644203934207,1.3916469002185672
17.0,17.56990891878394,0.5699089187839412,3.352405404611419
25.0,18.10150785943296,6.89849214056704,27.593968562268163
27.0,21.90023661722246,5.099763382777539,18.8880125288057
26.0,26.420769660894667,0.42076966089466694,1.618344849594873
16.0,16.182959876822153,0.18295987682215298,1.1434992301384561
11.0,16.686062238553994,5.686062238553994,51.6914748959454
23.0,16.181771218494294,6.818228781505706,29.644472963068285
16.0,16.388713387672656,0.38871338767265584,2.429458672954099
18.0,17.243132935098558,0.7568670649014422,4.204817027230234
27.0,26.016935328962496,0.9830646710375035,3.6409802631018646
32.0,26.339347909320328,5.6606520906796725,17.689537783373975
13.0,18.423756094935094,5.423756094935094,41.721200730269956
13.0,17.70740134429441,4.707401344294411,36.210779571495465
13.0,17.718386973193883,4.7183869731938834,36.29528440918372
19.0,17.511333527602176,1.4886664723978242,7.835086696830654
22.0,18.232849593750224,3.767150406249776,17.12341093749898
19.0,25.716757936507936,6.7167579365079355,35.35135756056808
22.0,26.999944444444456,4.999944444444456,22.727020202020253
13.0,17.794385085967523,4.794385085967523,36.87988527667325
16.0,18.223590946119565,2.2235909461195646,13.897443413247279
12.0,17.321644306730715,5.321644306730715,44.34703588942262
14.0,17.910218656328926,3.910218656328926,27.93013325949233
22.0,17.107190520851596,4.892809479148404,22.2400430870382
23.0,20.98213608474103,2.017863915258971,8.773321370691178
15.0,19.797523159111467,4.797523159111467,31.98348772740978
13.0,17.21415483822982,4.21415483822982,32.416575678690926
19.0,16.9510939923758,2.0489060076242005,10.783715829601055
20.0,15.752598047063666,4.247401952936334,21.237009764681673
14.0,16.184868001400197,2.184868001400197,15.606200010001409
21.0,16.37541626359626,4.624583736403739,22.02182731620828
21.0,18.20415284933383,2.7958471506661695,13.313557860315091
17.0,18.20085042242353,1.2008504224235317,7.063826014256069
22.0,16.380162737001402,5.6198372629985975,25.544714831811806
12.0,16.8644423766492,4.864442376649201,40.537019805410004
20.0,16.56542566895236,3.4345743310476387,17.172871655238193
17.0,16.97444694682502,0.025553053174981244,0.15031207749988967
15.0,16.941314098600916,1.941314098600916,12.942093990672774
15.0,18.169924965898737,3.169924965898737,21.13283310599158
22.0,17.93990766190391,4.060092338096091,18.454965173164048
19.0,17.53450616776665,1.4654938322333493,7.713125432807101
25.0,16.405510983632286,8.594489016367714,34.377956065470855
10.0,17.03696179397302,7.0369617939730205,70.3696179397302
13.0,17.232756267873807,4.232756267873807,32.55966359902928
14.0,16.9414607229859,2.9414607229859016,21.01043373561358
19.0,17.923677997225223,1.076322002774777,5.664852646183037
17.0,18.710483733587708,1.7104837335877079,10.061669021104164
18.0,16.49768282160051,1.5023171783994904,8.346206546663835
28.0,17.765586920984404,10.234413079015596,36.55147528219856
11.0,16.849849104233055,5.849849104233055,53.18044640211868
17.0,17.251483993978432,0.25148399397843235,1.4793176116378375
19.0,16.277953008596366,2.7220469914036336,14.326563112650703
26.0,21.10601640812472,4.89398359187528,18.823013814904925
28.0,19.48753342948326,8.51246657051674,30.401666323274068
20.0,15.874892015971724,4.125107984028276,20.625539920141378
20.0,17.071480866778153,2.9285191332218474,14.642595666109237
19.0,16.925638023292034,2.0743619767079657,10.917694614252452
18.0,17.682860047670527,0.3171399523294731,1.7618886240526284
21.0,17.204216390382832,3.7957836096171675,18.075160045796036
31.0,25.220507275132274,5.779492724867726,18.643524918928147
19.0,26.28435582010582,7.284355820105819,38.338714842662206
17.0,17.1025867974549,0.10258679745490085,0.6034517497347108
20.0,16.888700439385573,3.1112995606144267,15.556497803072133
23.0,17.091603368633866,5.908396631366134,25.688681005939713
13.0,17.04938748141603,4.04938748141603,31.149134472431
16.0,17.28154791516125,1.2815479151612514,8.009674469757822
25.0,26.75133806471307,1.751338064713071,7.005352258852284
31.0,25.502262465211526,5.497737534788474,17.73463720899508
12.0,17.133377880788363,5.1333778807883625,42.77814900656969
18.0,18.293689333854704,0.2936893338547044,1.6316074103039133
29.0,19.02055225585658,9.979447744143421,34.41188877290835
19.0,17.80790526059174,1.1920947394082617,6.274182838990851
20.0,18.38238198839978,1.6176180116002215,8.088090058001107
22.0,25.053018221616124,3.0530182216161244,13.877355552800566
24.0,26.621785959813117,2.621785959813117,10.924108165887986
11.0,18.878605577965498,7.878605577965498,71.62368707241362
15.0,18.23044575370849,3.2304457537084907,21.53630502472327
12.0,18.524407432719975,6.5244074327199755,54.37006193933313
12.0,19.25394505892059,7.253945058920589,60.44954215767157
20.0,19.32507904532867,0.6749209546713288,3.3746047733566447
23.0,27.04240232588761,4.042402325887611,17.575662286467875
20.0,25.311386669643692,5.311386669643692,26.556933348218458
22.0,20.40863974970374,1.5913602502962583,7.23345568316481
17.0,18.97019143660808,1.9701914366080793,11.589361391812231
19.0,18.52384354796448,0.4761564520355215,2.5060865896606397
19.0,19.05328488339506,0.053284883395061655,0.2804467547108508
16.0,18.533074716262558,2.5330747162625578,15.831716976640987
17.0,22.007847617512514,5.007847617512514,29.457927161838317
17.0,22.361653582930742,5.361653582930742,31.53913872312201
17.0,19.276262911152436,2.276262911152436,13.389781830308447
23.0,19.17470672794989,3.8252932720501107,16.63170987847874
16.0,19.515676506917348,3.515676506917348,21.972978168233425
25.0,19.550268603642124,5.449731396357876,21.798925585431505
21.0,18.819022772473637,2.1809772275263626,10.385605845363632
20.0,18.75951920535069,1.2404807946493115,6.2024039732465575
20.0,18.6500262559151,1.349973744084899,6.7498687204244945
13.0,17.395181764338943,4.395181764338943,33.80909049491495
21.0,17.823061691132942,3.176938308867058,15.128277661271705
14.0,15.89788730337618,1.89788730337618,13.556337881258429
20.0,18.245875108652335,1.754124891347665,8.770624456738325
22.0,19.511838526053367,2.488161473946633,11.309824881575604
26.0,20.73811703807657,5.26188296192343,20.238011392013192
16.0,20.63102034741298,4.631020347412981,28.943877171331135
12.0,17.817379926268483,5.817379926268483,48.478166052237356
13.0,17.36594950762212,4.365949507622119,33.58422698170861
14.0,17.531085409423437,3.5310854094234365,25.22203863873883
24.0,17.480584069488156,6.519415930511844,27.164233043799353
16.0,17.367225959851165,1.3672259598511651,8.545162249069783
30.0,20.847560420100034,9.152439579899966,30.508131932999888
17.0,22.86774372541039,5.867743725410389,34.51613956123758
22.0,17.056734637862633,4.9432653621373674,22.469388009715306
23.0,16.759639640844945,6.240360359155055,27.132001561543717
30.0,16.895481796966642,13.104518203033358,43.68172734344453
6.0,10.195287676261362,4.195287676261362,69.92146127102271
9.0,8.468685185185185,0.5313148148148148,5.903497942386831
11.0,6.507354949825601,4.492645050174399,40.84222772885818
13.0,6.945693694414346,6.054306305585654,46.57158696604349
12.0,8.547935978835978,3.4520640211640217,28.76720017636685
18.0,11.228616727632541,6.7713832723674585,37.61879595759699
14.0,11.454492638518822,2.545507361481178,18.182195439151272
9.0,8.76798417790919,0.23201582209081018,2.5779535787867798
12.0,8.607239854586991,3.3927601454130087,28.273001211775075
14.0,8.633074526121739,5.366925473878261,38.335181956273296
8.0,9.782888155514039,1.7828881555140388,22.286101943925484
7.0,9.254979446479446,2.254979446479446,32.213992092563515
12.0,12.644284547152191,0.644284547152191,5.369037892934925
9.0,13.878004848093084,4.878004848093084,54.20005386770094
8.0,10.86020912418634,2.8602091241863405,35.75261405232926
14.0,10.932512400150694,3.067487599849306,21.910625713209328
5.0,11.28508509690417,6.2850850969041705,125.7017019380834
9.0,11.334192255301996,2.3341922553019963,25.935469503355513
5.0,11.233536819619497,6.233536819619497,124.67073639238993
8.0,14.035484126984128,6.035484126984128,75.4435515873016
15.0,13.012858916638327,1.9871410833616725,13.247607222411151
8.0,9.61047751054247,1.61047751054247,20.130968881780873
10.0,11.50118104626089,1.5011810462608892,15.011810462608894
12.0,10.121530062380103,1.8784699376198972,15.653916146832477
12.0,10.338623213033962,1.6613767869660379,13.844806558050315
6.0,10.154388210918206,4.154388210918206,69.23980351530345
18.0,12.124802910052914,5.875197089947086,32.639983833039366
10.0,12.240288359788364,2.240288359788364,22.40288359788364
10.0,9.510198792784482,0.48980120721551756,4.898012072155176
6.0,9.815740422297731,3.815740422297731,63.59567370496219
12.0,10.47948703308869,1.5205129669113102,12.670941390927585
12.0,10.347446406524128,1.6525535934758722,13.771279945632267
10.0,10.885185262398364,0.8851852623983643,8.851852623983643
7.0,13.71961111111111,6.71961111111111,95.99444444444443
8.0,13.691952075702071,5.691952075702071,71.14940094627589
8.0,10.583207065555557,2.5832070655555572,32.290088319444465
15.0,11.179488391200348,3.8205116087996522,25.47007739199768
7.0,11.02647965982583,4.02647965982583,57.52113799751185
9.0,11.189564805953449,2.1895648059534487,24.328497843927206
14.0,11.019248842157728,2.9807511578422723,21.291079698873375
14.0,12.707198051948048,1.2928019480519524,9.234299628942518
10.0,11.887701591201592,1.8877015912015924,18.877015912015924
6.0,9.572428857937041,3.572428857937041,59.54048096561735
10.0,10.229100000402033,0.22910000040203293,2.2910000040203293
9.0,9.958625863933273,0.958625863933273,10.651398488147477
6.0,9.908576097377697,3.908576097377697,65.14293495629495
13.0,9.853072503342018,3.146927496657982,24.207134589676784
12.0,12.624002011369665,0.6240020113696652,5.200016761413876
14.0,12.289259782085868,1.7107402179141324,12.219572985100946
9.0,10.48691448347883,1.4869144834788308,16.521272038653674
7.0,9.345327449551135,2.345327449551135,33.5046778507305
12.0,10.679400989942847,1.320599010057153,11.004991750476274
16.0,10.441885257014102,5.558114742985898,34.73821714366186
12.0,9.485506339796684,2.514493660203316,20.954113835027634
13.0,13.394174152953568,0.3941741529535676,3.032108868873597
20.0,13.847856562212055,6.152143437787945,30.760717188939722
6.0,8.869775881982596,2.869775881982596,47.82959803304327
7.0,9.651212504884592,2.651212504884592,37.87446435549417
9.0,9.908221891004606,0.9082218910046063,10.091354344495624
13.0,10.405101625636297,2.5948983743637033,19.96075672587464
11.0,10.620994288883908,0.3790057111160916,3.4455064646917415
14.0,14.088122655122659,0.0881226551226586,0.6294475365904185
9.0,14.797147664595935,5.797147664595935,64.41275182884371
16.0,11.391255330644913,4.608744669355087,28.804654183469292
13.0,10.924030357950885,2.075969642049115,15.968997246531652
13.0,11.095840020802447,1.9041599791975532,14.647384455365794
13.0,11.188047023040964,1.8119529769590361,13.938099822761815
7.0,10.795742087257,3.7957420872570005,54.22488696081429
17.0,15.51673298668126,1.4832670133187396,8.725100078345527
15.0,15.740093096867295,0.7400930968672945,4.933953979115297
11.0,10.739377208948468,0.2606227910515315,2.3692981004684683
7.0,11.499523752347361,4.499523752347361,64.27891074781945
12.0,11.187089143722487,0.8129108562775134,6.774257135645945
5.0,11.086027980201575,6.086027980201575,121.7205596040315
11.0,11.335182273199795,0.3351822731997949,3.0471115745435897
17.0,16.32611627931455,0.6738837206854491,3.964021886384995
15.0,16.02237848932677,1.0223784893267691,6.815856595511795
15.0,11.29228617607712,3.70771382392288,24.71809215948587
14.0,10.848286350793417,3.1517136492065827,22.51224035147559
15.0,10.656220147798509,4.343779852201491,28.958532348009943
10.0,10.706319622537379,0.7063196225373787,7.063196225373787
14.0,10.647233976647009,3.3527660233529915,23.948328738235652
7.0,15.835046436227286,8.835046436227286,126.21494908896122
13.0,15.82518707336793,2.82518707336793,21.732208256676387
12.0,11.974147000466752,0.02585299953324771,0.21544166277706425
11.0,11.799310764332377,0.7993107643323771,7.266461493930701
12.0,11.980659419027427,0.01934058097257285,0.16117150810477376
10.0,11.979764168369458,1.9797641683694582,19.797641683694582
15.0,11.981142248140396,3.0188577518596045,20.125718345730697
11.0,14.79076745147249,3.7907674514724903,34.46152228611355
10.0,14.989194098899143,4.989194098899143,49.89194098899142
9.0,11.914140261157991,2.914140261157991,32.37933623508879
12.0,11.63661361427357,0.36338638572643056,3.0282198810535883
10.0,11.819670236996643,1.819670236996643,18.19670236996643
7.0,11.281632768571448,4.281632768571448,61.16618240816355
14.0,12.11583320454995,1.8841667954500494,13.458334253214637
11.0,14.13649634674635,3.13649634674635,28.513603152239547
13.0,14.823184191198747,1.823184191198747,14.0244937784519
8.0,11.135772845897323,3.135772845897323,39.19716057371654
12.0,11.239950113728757,0.7600498862712435,6.333749052260362
6.0,10.416712691460136,4.416712691460136,73.61187819100226
7.0,10.088834447000751,3.0888344470007514,44.12620638572502
8.0,11.078696908900586,3.078696908900586,38.48371136125732
19.0,14.057111140431541,4.942888859568459,26.01520452404452
17.0,14.03825743576463,2.9617425642353705,17.422015083737474
14.0,10.575809230261768,3.4241907697382317,24.458505498130226
8.0,10.157390461859546,2.1573904618595456,26.967380773244322
12.0,10.226301121283326,1.773698878716674,14.780823989305617
15.0,10.134363268355026,4.865636731644974,32.43757821096649
11.0,9.742402269312576,1.257597730687424,11.432706642612946
11.0,13.488042717086836,2.488042717086836,22.618570155334876
13.0,14.394763736263734,1.3947637362637337,10.728951817413336
10.0,10.857388731967278,0.8573887319672782,8.573887319672782
14.0,11.219324767196959,2.7806752328030413,19.861965948593152
11.0,10.260280659523199,0.7397193404768014,6.724721277061831
7.0,10.898260885461388,3.8982608854613883,55.68944122087698
14.0,10.74300428711514,3.2569957128848603,23.264255092034716
15.0,14.816420634920638,0.18357936507936223,1.223862433862415
8.0,14.628472268972263,6.6284722689722635,82.8559033621533
13.0,11.121756681350593,1.8782433186494067,14.448025528072359
13.0,10.978140501147951,2.0218594988520486,15.552765375784988
11.0,11.165452903413202,0.16545290341320218,1.5041173037563833
9.0,11.114966746242208,2.1149667462422084,23.499630513802316
17.0,11.402521362765073,5.597478637234927,32.926344924911334
9.0,13.897870439745441,4.897870439745441,54.42078266383823
12.0,14.667531784105986,2.667531784105986,22.22943153421655
8.0,10.59355562753483,2.5935556275348297,32.41944534418537
6.0,10.754470550693338,4.754470550693338,79.24117584488896
8.0,10.658506688038278,2.658506688038278,33.23133360047847
11.0,10.257094617069223,0.7429053829307772,6.753685299370702
14.0,10.990952823929133,3.009047176070867,21.49319411479191
10.0,14.820359078364124,4.820359078364124,48.20359078364124
13.0,13.809901061939808,0.8099010619398079,6.230008168767753
8.0,10.765852966771,2.765852966771,34.5731620846375
12.0,10.835124139783394,1.1648758602166058,9.707298835138383
11.0,10.142915502877548,0.857084497122452,7.791677246567747
8.0,10.213576377924797,2.213576377924797,27.66970472405996
13.0,11.454687526542518,1.5453124734574821,11.887019026596017
12.0,13.773829059718622,1.7738290597186221,14.781908830988518
13.0,13.613302999444278,0.6133029994442776,4.7177153803405965
8.0,10.531692072774474,2.531692072774474,31.646150909680927
10.0,10.095377278810997,0.09537727881099656,0.9537727881099656
13.0,10.149456007979659,2.8505439920203415,21.927261477079547
9.0,10.670219481750651,1.6702194817506513,18.557994241673903
15.0,10.157563004999801,4.842436995000199,32.282913300001326
14.0,14.298890042531317,0.29889004253131723,2.1349288752236943
16.0,14.290216762108038,1.709783237891962,10.686145236824762
8.0,10.346170719740837,2.3461707197408366,29.32713399676046
7.0,10.143184251561735,3.1431842515617348,44.90263216516764
13.0,10.184926763807091,2.8150732361929087,21.65440950917622
10.0,10.727306665976931,0.7273066659769309,7.2730666597693086
8.0,10.216601805165439,2.216601805165439,27.707522564567988
15.0,15.409901274651274,0.4099012746512738,2.7326751643418254
17.0,16.46899152443979,0.5310084755602098,3.123579268001234
12.0,10.953720289342352,1.0462797106576485,8.718997588813737
12.0,11.13214798026431,0.8678520197356896,7.23210016446408
9.0,10.27489403119008,1.2748940311900796,14.165489235445328
9.0,10.27046520469919,1.2704652046991907,14.116280052213229
9.0,10.86878777097058,1.8687877709705791,20.764308566339768
16.0,15.173359547859542,0.8266404521404578,5.166502825877862
14.0,15.634015028713302,1.6340150287133017,11.671535919380727
9.0,10.513758671305748,1.513758671305748,16.819540792286087
7.0,10.718547898013842,3.718547898013842,53.122112828769176
12.0,10.382097056734864,1.6179029432651362,13.482524527209469
7.0,10.344113190312711,3.3441131903127115,47.77304557589588
15.0,9.719160695652077,5.280839304347923,35.205595362319485
13.0,16.31353637079714,3.3135363707971415,25.488741313824164
14.0,15.887263051154497,1.8872630511544966,13.48045036538926
7.0,10.108481147117315,3.108481147117315,44.40687353024736
7.0,10.300470687662044,3.3004706876620435,47.14958125231491
17.0,9.583866597215756,7.416133402784244,43.624314134024964
10.0,10.016642436435381,0.016642436435381214,0.16642436435381214
9.0,10.05593848103349,1.0559384810334898,11.732649789260998
25.0,15.82796093428988,9.17203906571012,36.68815626284048
15.0,15.012530577609523,0.012530577609522808,0.08353718406348538
4.0,9.746870188212469,5.746870188212469,143.67175470531174
12.0,9.791440498283158,2.2085595017168416,18.404662514307013
9.0,9.637483912906486,0.637483912906486,7.083154587849844
11.0,9.783822552015284,1.216177447984716,11.056158618042874
8.0,9.915921384926628,1.9159213849266283,23.949017311582853
12.0,14.033523809523803,2.0335238095238033,16.946031746031696
15.0,14.764119047619042,0.23588095238095796,1.5725396825397198
12.0,10.997440476072498,1.002559523927502,8.354662699395849
8.0,10.782884992476465,2.7828849924764647,34.78606240595581
8.0,11.215492210455599,3.215492210455599,40.193652630694984
7.0,10.676726693010846,3.6767266930108455,52.52466704301207
9.0,10.490936027283908,1.490936027283908,16.56595585871009
10.0,14.062405804042422,4.062405804042422,40.624058040424224
17.0,13.630880815544609,3.369119184455391,19.818348143855243
3.0,11.347200394434232,8.347200394434232,278.24001314780776
15.0,11.461601521171108,3.538398478828892,23.589323192192612
17.0,11.03726236155511,5.9627376384448905,35.074927284969945
11.0,10.988886511767861,0.01111348823213909,0.10103171120126446
11.0,10.726748089368906,0.2732519106310942,2.484108278464493
11.0,13.198730386250347,2.1987303862503467,19.988458056821333
10.0,13.149270684421856,3.1492706844218556,31.492706844218553
6.0,9.703677439572377,3.7036774395723775,61.727957326206294
12.0,9.476166397322805,2.523833602677195,21.031946688976625
11.0,10.10742976603585,0.8925702339641504,8.114274854219548
9.0,10.812936044341685,1.8129360443416846,20.143733826018718
14.0,10.369420526570755,3.630579473429245,25.932710524494606
13.0,13.954820116766232,0.954820116766232,7.344770128971015
13.0,13.9523405483105,0.9523405483105005,7.325696525465389
8.0,10.253644553813528,2.253644553813528,28.1705569226691
10.0,10.091173798408123,0.09117379840812312,0.9117379840812312
8.0,10.924087909502113,2.924087909502113,36.55109886877641
8.0,10.295443178298333,2.295443178298333,28.693039728729165
9.0,10.219014427275937,1.219014427275937,13.54460474751041
12.0,13.959015669113493,1.9590156691134926,16.32513057594577
11.0,13.86821367481149,2.8682136748114893,26.074669771013536
9.0,10.037505037224708,1.037505037224708,11.527833746941202
4.0,8.903944716485507,4.903944716485507,122.59861791213767
10.0,9.275948109055758,0.7240518909442422,7.240518909442422
9.0,8.936995685258635,0.06300431474136481,0.70004794157072
6.0,8.944134305127166,2.9441343051271662,49.06890508545277
13.0,13.225791424699958,0.22579142469995794,1.7368571130765995
9.0,12.585203358555626,3.585203358555626,39.83559287284029
6.0,9.089288690629715,3.089288690629715,51.488144843828586
8.0,9.601726653606326,1.6017266536063257,20.021583170079072
14.0,9.423729246135096,4.576270753864904,32.68764824189217
14.0,9.3848464504552,4.6151535495448,32.965382496748575
10.0,9.36662204969473,0.6333779503052703,6.333779503052702
12.0,12.269351113796073,0.26935111379607335,2.244592614967278
12.0,11.473748556998554,0.5262514430014456,4.3854286916787135
7.0,9.26596989085193,2.2659698908519292,32.37099844074184
18.0,8.727913372005537,9.272086627994463,51.511592377747014
7.0,8.056863277810471,1.0568632778104714,15.098046825863879
2.0,9.582675925925926,7.582675925925926,379.1337962962963
6.0,9.010197422009433,3.0101974220094334,50.169957033490554
10.0,11.624048491290358,1.6240484912903579,16.24048491290358
5.0,12.111231186590697,7.111231186590697,142.22462373181392
6.0,8.753542212073018,2.753542212073018,45.89237020121697
7.0,8.794629138016123,1.7946291380161234,25.63755911451605
13.0,9.410044231755242,3.5899557682447583,27.615044371113523
13.0,8.755206203588537,4.244793796411463,32.65225997239586
9.0,8.129249535178214,0.8707504648217856,9.675005164686507
12.0,11.351221695142359,0.6487783048576414,5.406485873813679
10.0,10.970506212922878,0.9705062129228779,9.705062129228779
5.0,7.8107589736526535,2.8107589736526535,56.21517947305307
14.0,7.5598324988640755,6.4401675011359245,46.00119643668518
9.0,7.5678558322371225,1.4321441677628775,15.912712975143084
5.0,8.143879088504082,3.1438790885040824,62.87758177008165
4.0,8.245192186708245,4.245192186708245,106.12980466770611
13.0,9.914550031123559,3.085449968876441,23.734230529818774
10.0,10.482881690329862,0.4828816903298616,4.828816903298616
9.0,8.134457662264902,0.8655423377350981,9.617137085945535
10.0,8.387749795140444,1.6122502048595564,16.122502048595564
6.0,8.350383723104978,2.3503837231049776,39.173062051749625
4.0,8.38651722447488,4.386517224474879,109.66293061187199
12.0,8.201988048436421,3.798011951563579,31.650099596363155
12.0,11.611797179204034,0.388202820795966,3.23502350663305
10.0,11.92067972192972,1.9206797219297194,19.206797219297194
5.0,8.822063711253294,3.8220637112532945,76.4412742250659
10.0,8.376431449320313,1.6235685506796873,16.235685506796873
8.0,7.02001214140428,0.9799878585957202,12.249848232446503
6.0,7.804917276604491,1.804917276604491,30.081954610074852
3.0,8.075747562996886,5.075747562996886,169.19158543322953
12.0,10.389554888867343,1.6104451111326572,13.420375926105477
12.0,10.319414871851963,1.6805851281480368,14.004876067900307
6.0,7.606376080521657,1.606376080521657,26.77293467536095
8.0,6.975716656828939,1.024283343171061,12.803541789638262
10.0,6.797413149685193,3.202586850314807,32.02586850314807
10.0,7.337686406146023,2.662313593853977,26.623135938539765
7.0,7.393112786928456,0.3931127869284561,5.615896956120801
13.0,10.367849156880443,2.6321508431195575,20.24731417784275
14.0,10.796510397555648,3.2034896024443515,22.882068588888224
6.0,6.975960286099994,0.9759602860999941,16.266004768333232
9.0,7.273851084375717,1.7261489156242833,19.17943239582537
8.0,7.466399461740971,0.5336005382590292,6.6700067282378654
8.0,7.307892359560585,0.6921076404394153,8.651345505492692
2.0,7.146763608987205,5.146763608987205,257.3381804493602
9.0,10.045305025528705,1.0453050255287053,11.61450028365228
6.0,9.820712871738738,3.8207128717387384,63.67854786231231
4.0,7.298386820178143,3.298386820178143,82.45967050445357
10.0,7.550157654060578,2.4498423459394223,24.49842345939422
8.0,7.358642672718144,0.641357327281856,8.0169665910232
14.0,7.795145672367668,6.204854327632332,44.320388054516656
8.0,7.753429557205306,0.24657044279469442,3.0821305349336803
4.0,10.73786403268226,6.7378640326822605,168.44660081705652
9.0,10.288154189818439,1.2881541898184388,14.312824331315987
11.0,7.3423005252498905,3.6576994747501095,33.251813406819174
6.0,7.505899584454343,1.505899584454343,25.098326407572387
5.0,6.9256999673259925,1.9256999673259925,38.51399934651985
13.0,7.61239238384001,5.38760761615999,41.44313550892299
9.0,7.524805401736489,1.4751945982635108,16.391051091816788
9.0,9.672761387679731,0.6727613876797314,7.475126529774793
8.0,10.251322703212885,2.2513227032128853,28.141533790161066
8.0,6.895098061170465,1.104901938829535,13.811274235369186
6.0,6.887986609932452,0.8879866099324518,14.799776832207531
9.0,7.216775368089174,1.7832246319108256,19.813607021231395
8.0,7.174988310527772,0.8250116894722277,10.312646118402846
10.0,6.875881915373308,3.1241180846266916,31.241180846266914
6.0,9.975250000771807,3.9752500007718066,66.25416667953012
10.0,9.875619026097365,0.12438097390263536,1.2438097390263536
8.0,7.130233180128853,0.8697668198711472,10.87208524838934
12.0,6.986280973588925,5.013719026411075,41.78099188675896
6.0,7.268655317925764,1.2686553179257638,21.14425529876273
6.0,7.287458935139881,1.287458935139881,21.457648918998018
4.0,7.176202714168403,3.1762027141684026,79.40506785421006
13.0,9.557350172532782,3.4426498274672177,26.481921749747826
10.0,9.693682834419242,0.30631716558075794,3.0631716558075794
11.0,7.265381955648774,3.734618044351226,33.951073130465694
7.0,7.891301039682599,0.8913010396825989,12.732871995465697
5.0,7.740455300773838,2.7404553007738377,54.80910601547675
9.0,7.786014109576365,1.2139858904236354,13.48873211581817
4.0,7.833745757165375,3.8337457571653752,95.84364392913439
7.0,10.674506435835745,3.6745064358357453,52.49294908336779
5.0,10.581029687202133,5.5810296872021325,111.62059374404265
12.0,6.971689926349553,5.028310073650447,41.90258394708706
7.0,7.259954074955911,0.2599540749559113,3.7136296422273043
7.0,7.421476093484213,0.42147609348421344,6.0210870497744775
8.0,7.439193615322622,0.5608063846773783,7.0100798084672284
5.0,7.2778534836290225,2.2778534836290225,45.557069672580454
7.0,10.5714187005897,3.5714187005896996,51.020267151281416
8.0,9.971878678480518,1.9718786784805182,24.64848348100648
9.0,6.765352959145742,2.2346470408542576,24.82941156504731
4.0,6.746013535110302,2.7460135351103023,68.65033837775756
8.0,7.105031641177491,0.894968358822509,11.187104485281363
4.0,7.160214571496389,3.1602145714963887,79.00536428740972
5.0,6.907151604615748,1.9071516046157484,38.14303209231497
6.0,8.965675638890039,2.9656756388900387,49.42792731483398
8.0,9.797150427084814,1.797150427084814,22.464380338560176
5.0,6.497166056021591,1.497166056021591,29.943321120431822
11.0,6.975351239279925,4.024648760720075,36.58771600654614
7.0,6.663130026694716,0.33686997330528357,4.8124281900754795
10.0,7.12757729705538,2.87242270294462,28.724227029446205
7.0,6.971502321001916,0.028497678998084197,0.40710969997263136
13.0,7.822727653898764,5.177272346101236,39.825171893086434
6.0,8.491741579152883,2.491741579152883,41.529026319214715
3.0,7.049885286942464,4.049885286942464,134.99617623141546
8.0,6.80114654228751,1.1988534577124899,14.985668221406122
7.0,6.909891294654068,0.09010870534593174,1.2872672192275962
8.0,6.753030018112078,1.246969981887922,15.587124773599026
11.0,6.8446702515966615,4.1553297484033385,37.77572498548489
6.0,8.592093332109888,2.5920933321098882,43.2015555351648
7.0,10.137460240156669,3.1374602401566687,44.82086057366669
11.0,6.55519988051256,4.44480011948744,40.40727381352218
6.0,6.8060111432894494,0.8060111432894494,13.433519054824158
7.0,7.069744113920762,0.06974411392076174,0.9963444845823106
7.0,6.679495181971268,0.32050481802873243,4.57864025755332
11.0,7.159463610481161,3.8405363895188387,34.913967177443986
3.0,9.366027537473473,6.366027537473473,212.20091791578244
9.0,10.138910566218293,1.1389105662182928,12.65456184686992
8.0,6.95516460458102,1.0448353954189802,13.060442442737251
7.0,6.993052198136902,0.006947801863097958,0.09925431232997081
8.0,6.909262543011709,1.0907374569882906,13.634218212353632
8.0,6.884115412957102,1.1158845870428982,13.948557338036228
7.0,6.548750420040681,0.4512495799593186,6.4464225708474086
7.0,9.36119166969506,2.36119166969506,33.73130956707229
7.0,9.751904333100763,2.7519043331007627,39.312919044296606
10.0,7.092735005722739,2.907264994277261,29.07264994277261
10.0,6.662207192745303,3.337792807254697,33.37792807254697
6.0,6.7997265421506095,0.7997265421506095,13.328775702510157
8.0,6.738900801027943,1.2610991989720572,15.763739987150716
8.0,6.867691886090812,1.132308113909188,14.15385142386485
8.0,9.304079365079367,1.3040793650793674,16.300992063492092
10.0,9.481611111111114,0.5183888888888859,5.183888888888859
11.0,6.907133774250441,4.092866225749559,37.20787477954145
5.0,6.990013566873866,1.9900135668738663,39.80027133747733
9.0,7.3538683407620145,1.6461316592379855,18.29035176931095
7.0,7.163209853073426,0.16320985307342628,2.3315693296203754
11.0,6.9549641771808455,4.0450358228191545,36.77305293471959
12.0,8.620956709956712,3.3790432900432883,28.15869408369407
8.0,8.63176816701817,0.6317681670181692,7.897102087727115
9.0,7.905167989417985,1.0948320105820146,12.16480011757794
7.0,7.9951852869352855,0.9951852869352855,14.216932670504079
9.0,8.481097883597883,0.518902116402117,5.765579071134633
11.0,7.931419793169794,3.068580206830206,27.89618369845642
9.0,7.926169354838714,1.0738306451612862,11.931451612903182
18.0,10.518000638166455,7.4819993618335445,41.56666312129747
13.0,10.32898146773107,2.6710185322689295,20.54629640206869
6.0,8.596538220551375,2.596538220551375,43.27563700918959
13.0,9.030616217116211,3.9693837828837886,30.533721406798374
10.0,8.919321428571426,1.0806785714285745,10.806785714285745
12.0,8.319197263520795,3.6808027364792046,30.673356137326707
15.0,8.864927109440272,6.135072890559728,40.90048593706486
14.0,11.699867724867726,2.300132275132274,16.429516250944815
11.0,10.749173923500011,0.25082607649998856,2.280237059090805
15.0,8.742754204129206,6.257245795870794,41.714971972471965
6.0,8.950494708994707,2.9504947089947073,49.17491181657845
7.0,9.270929110105579,2.2709291101055786,32.4418444300797
15.0,10.023138516258609,4.976861483741391,33.179076558275945
9.0,10.111896793027578,1.1118967930275776,12.35440881141753
9.0,12.103705182072828,3.1037051820728276,34.485613134142525
10.0,12.702393557422967,2.702393557422967,27.023935574229675
10.0,10.566201903457248,0.5662019034572481,5.662019034572481
8.0,10.429770326637527,2.4297703266375272,30.37212908296909
18.0,10.680186472524339,7.319813527475661,40.66563070819812
12.0,10.774605616192332,1.225394383807668,10.211619865063899
7.0,9.783842048302516,2.7838420483025157,39.769172118607365
6.0,13.71186206386207,7.711862063862069,128.53103439770115
6.0,13.68714914905356,7.68714914905356,128.119152484226
8.0,9.630305208458093,1.6303052084580933,20.37881510572617
8.0,9.914577192865663,1.9145771928656625,23.932214910820782
8.0,11.3896352201709,3.3896352201709004,42.370440252136255
8.0,10.902461976353715,2.902461976353715,36.28077470442144
12.0,10.799083413092381,1.2009165869076188,10.007638224230158
10.0,13.432994708994716,3.432994708994716,34.32994708994716
15.0,13.309618386243386,1.6903816137566139,11.269210758377426
15.0,10.87394131987655,4.12605868012345,27.507057867489664
8.0,11.232212100842773,3.232212100842773,40.40265126053466
10.0,11.077203840608037,1.0772038406080373,10.772038406080373
7.0,11.523746143664885,4.523746143664885,64.62494490949837
8.0,11.211545299649769,3.211545299649769,40.144316245622115
7.0,12.13133434733435,5.1313343473343505,73.30477639049072
11.0,12.503409665735752,1.5034096657357523,13.667360597597748
6.0,10.298232862214915,4.298232862214915,71.63721437024859
11.0,10.539431057146878,0.4605689428531221,4.186990389573837
8.0,11.327864395083804,3.327864395083804,41.59830493854755
12.0,10.973280075850228,1.0267199241497718,8.555999367914763
10.0,10.532968178985966,0.5329681789859659,5.329681789859659
7.0,12.607427581260916,5.607427581260916,80.10610830372738
13.0,12.160107595690931,0.8398924043090688,6.460710802377452
11.0,9.518594479129169,1.4814055208708314,13.467322917007559
12.0,9.452179657222201,2.547820342777799,21.23183618981499
10.0,9.899101091567763,0.10089890843223692,1.0089890843223692
15.0,9.664061818089664,5.335938181910336,35.57292121273557
6.0,9.420291889579541,3.4202918895795413,57.00486482632569
9.0,11.638636982970313,2.638636982970313,29.318188699670145
12.0,12.968458994708994,0.9684589947089943,8.070491622574954
15.0,8.601606985606981,6.398393014393019,42.65595342928679
13.0,9.092042777233651,3.907957222766349,30.061209405894996
9.0,9.82218355718356,0.8221835571835605,9.135372857595117
13.0,9.268587754390111,3.7314122456098886,28.703171120076064
6.0,9.425328985381343,3.425328985381343,57.08881642302238
17.0,11.984359668109663,5.015640331890337,29.503766658178453
17.0,12.60946392496392,4.39053607503608,25.82668279432988
18.0,9.813868919203976,8.186131080796024,45.47850600442235
13.0,9.899516469095326,3.1004835309046737,23.849873314651333
7.0,10.073405366547341,3.073405366547341,43.9057909506763
14.0,10.62295225596709,3.377047744032909,24.121769600235066
10.0,9.962866338990244,0.037133661009756125,0.37133661009756125
11.0,15.204678571428564,4.204678571428564,38.22435064935058
15.0,14.949953886152164,0.05004611384783608,0.3336407589855739
12.0,11.39867444244138,0.6013255575586207,5.011046312988507
12.0,11.661767423111337,0.3382325768886627,2.8186048074055225
7.0,10.955741328189658,3.9557413281896583,56.510590402709404
11.0,11.163438914650518,0.16343891465051819,1.4858083150047108
7.0,11.382418186411396,4.382418186411396,62.60597409159138
13.0,16.567328856328853,3.567328856328853,27.44099120252964
23.0,16.487879474691972,6.512120525308028,28.31356750133925
7.0,11.48178341868237,4.481783418682371,64.02547740974815
20.0,10.811632174245412,9.188367825754588,45.94183912877294
3.0,10.795316390896124,7.795316390896124,259.8438796965375
12.0,10.62473709831497,1.37526290168503,11.460524180708582
7.0,10.976627387379205,3.976627387379205,56.80896267684579
14.0,17.192786182741223,3.192786182741223,22.805615591008735
13.0,15.683721916971914,2.6837219169719138,20.644014745937795
8.0,11.86371423420101,3.8637142342010105,48.29642792751263
9.0,12.448010045661286,3.4480100456612863,38.31122272956985
15.0,11.462181594022375,3.5378184059776245,23.58545603985083
12.0,12.165381994589309,0.1653819945893087,1.378183288244239
11.0,11.635998414668904,0.6359984146689044,5.781803769717313
13.0,14.361771164021166,1.3617711640211656,10.475162800162813
17.0,14.825010582010579,2.174989417989421,12.79405539993777
11.0,11.781196091412497,0.7811960914124967,7.101782649204515
10.0,12.09296424720497,2.0929642472049697,20.929642472049697
8.0,11.841200983386573,3.841200983386573,48.01501229233216
13.0,11.941344093806538,1.0586559061934615,8.143506970718935
2.0,11.419849370247528,9.419849370247528,470.9924685123764
15.0,14.558257936507935,0.4417420634920646,2.9449470899470973
8.0,13.585005050505044,5.585005050505044,69.81256313131306
9.0,11.563699537469402,2.563699537469402,28.48555041632669
11.0,11.036372262293058,0.036372262293058455,0.33065692993689505
13.0,11.29915929940696,1.7008407005930408,13.083390004561851
7.0,11.014012360590657,4.014012360590657,57.34303372272367
8.0,11.17698392038105,3.1769839203810495,39.71229900476312
18.0,14.191226989202262,3.8087730107977382,21.159850059987434
18.0,13.95928263263291,4.04071736736709,22.44842981870606
8.0,10.68321598124123,2.6832159812412293,33.54019976551537
11.0,10.69652223097942,0.30347776902057966,2.758888809277997
13.0,10.75172115182421,2.24827884817579,17.294452678275306
9.0,10.79351890100166,1.7935189010016597,19.92798778890733
12.0,10.459206458631998,1.5407935413680018,12.839946178066683
13.0,13.893555944600054,0.8935559446000543,6.873507266154263
11.0,13.795800264550262,2.7958002645502624,25.41636604136602
10.0,10.97678623117153,0.9767862311715305,9.767862311715305
17.0,10.542123309002365,6.457876690997635,37.98750994704491
8.0,10.752489662141473,2.752489662141473,34.40612077676841
4.0,10.556173290236314,6.556173290236314,163.90433225590786
10.0,10.77562048814298,0.7756204881429802,7.756204881429802
12.0,14.516486484448048,2.5164864844480483,20.970720703733736
13.0,14.74651038259993,1.7465103825999293,13.434695250768685
14.0,11.327497778564547,2.672502221435453,19.089301581681806
8.0,11.370764290011776,3.370764290011776,42.1345536251472
5.0,11.570115366988471,6.570115366988471,131.40230733976944
18.0,10.945243402120898,7.054756597879102,39.19309221043946
10.0,10.888138297171086,0.8881382971710856,8.881382971710856
12.0,13.941264698296196,1.9412646982961963,16.17720581913497
14.0,13.208062114591987,0.7919378854080126,5.656699181485804
12.0,10.939649667792663,1.0603503322073369,8.836252768394475
12.0,11.248716714860068,0.751283285139932,6.260694042832767
12.0,10.404281977195552,1.5957180228044479,13.297650190037066
8.0,10.938302688773499,2.938302688773499,36.72878360966874
12.0,11.084764269921545,0.9152357300784555,7.626964417320463
15.0,14.263033824808378,0.7369661751916219,4.913107834610813
17.0,14.496730815360081,2.503269184639919,14.725112850823052
13.0,10.68924993400459,2.3107500659954106,17.775000507657005
8.0,10.71878794037238,2.71878794037238,33.98484925465475
11.0,10.553274747312887,0.44672525268711283,4.061138660791935
8.0,11.175756559338502,3.1757565593385024,39.696956991731284
12.0,11.131604395867114,0.8683956041328855,7.236630034440712
10.0,13.539515097416272,3.539515097416272,35.39515097416272
10.0,13.798452993012921,3.798452993012921,37.984529930129206
9.0,11.338019566876445,2.3380195668764454,25.97799518751606
18.0,10.9093623103888,7.090637689611199,39.39243160895111
10.0,10.891747636651715,0.891747636651715,8.91747636651715
13.0,10.501502258465615,2.4984977415343845,19.21921339641834
10.0,10.939406489912756,0.9394064899127557,9.394064899127557
16.0,14.566621610899155,1.4333783891008451,8.958614931880282
13.0,15.182835161588509,2.1828351615885087,16.791039704526987
10.0,10.908535096517962,0.9085350965179622,9.085350965179622
6.0,10.84685449018679,4.846854490186789,80.78090816977982
5.0,10.657573636609067,5.657573636609067,113.15147273218133
13.0,10.673652111528828,2.3263478884711724,17.894983757470555
9.0,10.486025303491562,1.4860253034915623,16.511392261017356
19.0,14.634667352301555,4.365332647698445,22.97543498788655
11.0,16.619696564590402,5.619696564590402,51.088150587185474
11.0,10.656019711014322,0.34398028898567823,3.1270935362334384
14.0,10.938500841833028,3.0614991581669724,21.867851129764087
8.0,10.816105288168409,2.8161052881684085,35.20131610210511
6.0,10.762789866805127,4.762789866805127,79.37983111341879
10.0,10.772711955276826,0.7727119552768258,7.727119552768258
23.0,16.4994309116809,6.5005690883191,28.263343862256956
16.0,16.430195286195282,0.430195286195282,2.6887205387205126
11.0,10.769495206624807,0.23050479337519292,2.0954981215926627
10.0,9.990862967564857,0.00913703243514341,0.0913703243514341
7.0,9.883173241415008,2.883173241415008,41.18818916307155
10.0,10.616617675372678,0.6166176753726784,6.166176753726784
8.0,10.2106502042764,2.2106502042763996,27.633127553454994
10.0,15.141230130980123,5.141230130980123,51.41230130980124
15.0,15.491108983206814,0.4911089832068143,3.274059888045429
7.0,9.921942511584522,2.921942511584522,41.74203587977888
13.0,9.834431717018866,3.165568282981134,24.35052525370103
2.0,9.763571410479663,7.763571410479663,388.1785705239832
9.0,9.855064551335962,0.8550645513359623,9.500717237066247
6.0,9.842211874245082,3.8422118742450824,64.03686457075138
11.0,15.634217832839852,4.634217832839852,42.12925302581683
14.0,15.665285898883724,1.6652858988837238,11.894899277740885
11.0,10.39615090836268,0.6038490916373203,5.489537196702911
8.0,9.702740719586282,1.7027407195862825,21.28425899482853
8.0,10.644661730106877,2.6446617301068773,33.058271626335966
8.0,10.435179875537088,2.435179875537088,30.4397484442136
9.0,10.043889763855404,1.0438897638554039,11.598775153948932
11.0,11.977705544053372,0.9777055440533715,8.888232218667014
6.0,12.295851046698873,6.295851046698873,104.93085077831455
11.0,9.594684913018874,1.4053150869811262,12.77559169982842
18.0,9.527441334094213,8.472558665905787,47.06977036614326
11.0,9.511535760012423,1.488464239987577,13.531493090796154
8.0,9.519470254605723,1.5194702546057233,18.99337818257154
10.0,9.562871125270762,0.4371288747292379,4.371288747292379
12.0,12.168201951951946,0.16820195195194643,1.401682932932887
9.0,11.912723377796548,2.9127233777965476,32.363593086628306
16.0,9.030136443803112,6.969863556196888,43.56164722623055
11.0,9.320478339198925,1.6795216608010755,15.268378734555233
9.0,9.516810070304457,0.5168100703044569,5.742334114493966
8.0,9.687338522528684,1.6873385225286839,21.09173153160855
11.0,9.740777970836069,1.2592220291639311,11.447472992399375
5.0,13.08406998556998,8.08406998556998,161.68139971139962
12.0,11.768425142833673,0.23157485716632742,1.9297904763860618
6.0,8.759827305366857,2.7598273053668567,45.99712175611428
10.0,8.790731243174267,1.2092687568257325,12.092687568257325
9.0,8.845847321375208,0.15415267862479176,1.7128075402754641
9.0,9.169475985266976,0.16947598526697583,1.883066502966398
11.0,8.761257339263658,2.2387426607363423,20.352206006694022
15.0,12.550394118590194,2.4496058814098056,16.33070587606537
9.0,13.102907287157283,4.102907287157283,45.58785874619203
9.0,8.279029806921123,0.7209701930788768,8.01077992309863
7.0,8.099897534206674,1.099897534206674,15.712821917238198
10.0,9.076429397673143,0.9235706023268566,9.235706023268566
7.0,9.100093994616728,2.100093994616728,30.00134278023897
9.0,9.197566541154416,0.19756654115441563,2.195183790604618
12.0,12.194097334347333,0.19409733434733312,1.617477786227776
11.0,12.507828392039158,1.5078283920391584,13.707530836719622
13.0,8.598103230201202,4.401896769798798,33.860744383067676
6.0,9.00260796157916,3.0026079615791605,50.04346602631934
10.0,9.316719367248607,0.6832806327513925,6.832806327513925
3.0,9.242866928185672,6.242866928185672,208.09556427285574
15.0,9.096414639608314,5.903585360391686,39.35723573594457
12.0,12.838529519938053,0.8385295199380529,6.987745999483774
7.0,11.968896919423099,4.9688969194230985,70.98424170604426
10.0,9.10202808061559,0.8979719193844105,8.979719193844105
3.0,8.367625153495739,5.367625153495739,178.92083844985797
6.0,8.434517187032906,2.434517187032906,40.57528645054844
6.0,8.989142235746824,2.989142235746824,49.81903726244707
14.0,8.047902443645006,5.952097556354994,42.51498254539282
12.0,12.448433323979758,0.4484333239797582,3.736944366497985
10.0,11.761851401343266,1.7618514013432662,17.618514013432662
7.0,8.437046208706658,1.4370462087066578,20.529231552952254
14.0,7.951197245951161,6.048802754048839,43.2057339574917
6.0,7.970511448264489,1.9705114482644888,32.84185747107482
14.0,7.710866330298624,6.289133669701376,44.92238335500983
10.0,7.928367838079777,2.071632161920223,20.716321619202233
10.0,11.230752793945511,1.230752793945511,12.30752793945511
9.0,10.678015010668132,1.6780150106681315,18.644611229645903
6.0,8.399015693203928,2.3990156932039284,39.983594886732135
6.0,8.070252969417266,2.0702529694172664,34.50421615695444
5.0,8.606100815879495,3.606100815879495,72.1220163175899
7.0,8.047416809738333,1.0474168097383334,14.963097281976193
10.0,8.155928784649308,1.8440712153506915,18.440712153506915
12.0,10.632988341378248,1.3670116586217524,11.391763821847938
5.0,11.016337492435328,6.016337492435328,120.32674984870657
6.0,7.413676208764121,1.4136762087641213,23.56127014606869
9.0,7.550399005029811,1.4496009949701891,16.106677721890993
8.0,8.012712109236231,0.012712109236231228,0.15890136545289035
8.0,7.773515945717399,0.22648405428260077,2.8310506785325096
6.0,7.4954043263251515,1.4954043263251515,24.923405438752525
13.0,10.15747143398637,2.8425285660136304,21.865604353951003
6.0,10.745491856778836,4.745491856778836,79.09153094631392
7.0,7.634919906457341,0.6349199064573412,9.070284377962016
9.0,7.178724245800295,1.8212757541997053,20.236397268885614
11.0,7.514915093712924,3.485084906287076,31.682590057155235
6.0,7.981513275152351,1.9815132751523512,33.02522125253919
10.0,7.704122741993332,2.2958772580066684,22.958772580066682
8.0,10.54716685819929,2.54716685819929,31.839585727491126
10.0,10.303082407713015,0.3030824077130152,3.030824077130152
7.0,7.479055526436359,0.4790555264363592,6.843650377662273
9.0,7.254058539914557,1.7459414600854428,19.39934955650492
7.0,7.435616238668747,0.43561623866874744,6.223089123839249
7.0,7.248348053153297,0.2483480531532969,3.5478293307613837
6.0,7.1122285715911255,1.1122285715911255,18.537142859852093
4.0,10.001315063480225,6.0013150634802255,150.03287658700563
7.0,9.852007563316128,2.8520075633161284,40.74296519023041
7.0,7.008577920089474,0.008577920089473778,0.12254171556391111
9.0,7.630087606582106,1.369912393417894,15.221248815754379
4.0,7.160075908469186,3.160075908469186,79.00189771172965
8.0,7.337560882220924,0.6624391177790763,8.280488972238453
10.0,7.393493658771528,2.6065063412284717,26.065063412284715
16.0,9.522565332908231,6.477434667091769,40.48396666932356
12.0,9.336463530794179,2.6635364692058214,22.196137243381845
5.0,6.620313687810636,1.6203136878106363,32.40627375621273
4.0,6.460103353307389,2.460103353307389,61.50258383268472
4.0,6.988805085255264,2.9888050852552643,74.7201271313816
6.0,6.821087721369632,0.8210877213696319,13.684795356160532
9.0,6.8385654624492345,2.1614345375507655,24.015939306119616
13.0,10.182940023356691,2.817059976643309,21.669692128025453
9.0,9.058831890331888,0.05883189033188785,0.6536876703543094
10.0,7.322694823339715,2.677305176660285,26.77305176660285
6.0,7.6142883923562374,1.6142883923562374,26.904806539270627
8.0,7.031729080098645,0.9682709199013546,12.103386498766932
5.0,6.572757762843012,1.572757762843012,31.45515525686024
8.0,6.461213380538394,1.5387866194616064,19.23483274327008
6.0,8.736312169312168,2.7363121693121677,45.60520282186946
6.0,9.971013155507675,3.9710131555076753,66.1835525917946
8.0,7.130247119739764,0.8697528802602363,10.871911003252954
7.0,7.247766485756664,0.2477664857566637,3.5395212250951955
7.0,6.841256607660149,0.1587433923398507,2.2677627477121525
3.0,6.683160848008672,3.683160848008672,122.77202826695574
11.0,6.291716924887976,4.708283075112024,42.802573410109304
8.0,8.706823025430973,0.7068230254309729,8.83528781788716
12.0,8.15998293906109,3.8400170609389104,32.00014217449092
6.0,6.666363225313805,0.6663632253138054,11.10605375523009
4.0,6.725668807148133,2.725668807148133,68.14172017870332
7.0,6.807429576311898,0.1925704236881023,2.7510060526871754
8.0,7.300528458236349,0.6994715417636508,8.743394272045634
8.0,6.135849416206123,1.8641505837938768,23.30188229742346
11.0,8.59739098062393,2.4026090193760705,21.841900176146094
9.0,9.276199648141027,0.27619964814102715,3.068884979344746
7.0,7.139318521873127,0.1393185218731272,1.9902645981875318
7.0,6.959487684722665,0.040512315277334565,0.5787473611047795
4.0,6.68376861233819,2.6837686123381896,67.09421530845474
6.0,6.824690716324175,0.8246907163241746,13.744845272069576
11.0,6.5940768585450344,4.4059231414549656,40.05384674049969
13.0,9.477139524774515,3.5228604752254853,27.09892673250373
12.0,9.636949346752447,2.3630506532475533,19.692088777062942
6.0,6.684017039639605,0.6840170396396053,11.40028399399342
6.0,6.876345420376469,0.8763454203764693,14.605757006274489
11.0,7.273647791233787,3.7263522087662126,33.87592917060193
12.0,7.122337645645269,4.877662354354731,40.647186286289426
4.0,6.479517232430632,2.4795172324306316,61.98793081076579
6.0,10.391222222222222,4.391222222222222,73.18703703703703
13.0,10.205738091296558,2.794261908703442,21.49432237464186
6.0,6.7065353087402615,0.7065353087402615,11.775588479004357
6.0,6.858462635071307,0.8584626350713069,14.307710584521782
3.0,6.474866690375389,3.4748666903753893,115.82888967917964
9.0,6.765216852367913,2.234783147632087,24.830923862578747
7.0,7.1946824564324565,0.19468245643245652,2.781177949035093
8.0,9.902346822569797,1.9023468225697968,23.77933528212246
14.0,10.428432531008427,3.5715674689915726,25.51119620708266
8.0,7.379526586950421,0.620473413049579,7.755917663119738
2.0,7.149572223518169,5.149572223518169,257.47861117590844
4.0,6.8941378493292875,2.8941378493292875,72.35344623323219
5.0,6.994105017814825,1.9941050178148254,39.882100356296505
7.0,6.763053352263028,0.23694664773697216,3.3849521105281735
4.0,9.809507962216587,5.809507962216587,145.23769905541468
16.0,10.49353720126527,5.506462798734731,34.41539249209207
7.0,6.808206262922554,0.19179373707744585,2.7399105296777977
11.0,8.304546182210373,2.695453817789627,24.504125616269334
4.0,6.713108889219832,2.713108889219832,67.8277222304958
7.0,6.399851595410445,0.6001484045895547,8.573548636993637
7.0,6.723865456606255,0.276134543393745,3.9447791913392143
14.0,7.934921301558317,6.065078698441683,43.32199070315488
7.0,9.24778123728124,2.24778123728124,32.11116053258914
5.0,6.774152208788862,1.7741522087888617,35.48304417577724
8.0,6.717198519986876,1.2828014800131244,16.035018500164057
14.0,6.9451013891957105,7.0548986108042895,50.39213293431636
7.0,6.841500054604891,0.1584999453951088,2.26428493421584
7.0,6.820605617368042,0.1793943826319584,2.562776894742263
7.0,8.222281976075456,1.2222819760754557,17.461171086792223
4.0,7.858288359788359,3.858288359788359,96.45720899470898
4.0,7.3948236291757405,3.3948236291757405,84.87059072939351
10.0,6.745646616266182,3.254353383733818,32.54353383733818
7.0,7.0563573517126175,0.056357351712617465,0.8051050244659639
9.0,6.578233829895593,2.421766170104407,26.908513001160077
5.0,6.876789690701456,1.8767896907014556,37.53579381402911
10.0,9.082293941153704,0.9177060588462957,9.177060588462957
12.0,8.781293386243386,3.2187066137566145,26.82255511463845
9.0,7.1002356301974165,1.8997643698025835,21.108492997806483
11.0,6.473053391053392,4.526946608946608,41.15406008133281
10.0,6.547180761267717,3.4528192387322827,34.528192387322825
6.0,6.4146651384817766,0.41466513848177655,6.911085641362942
7.0,6.5506348236156295,0.44936517638437046,6.419502519776721
10.0,8.169086126742291,1.8309138732577086,18.309138732577086
8.0,9.401832818825381,1.4018328188253815,17.52291023531727
6.0,6.889297487412614,0.8892974874126143,14.821624790210238
8.0,6.535734085049575,1.464265914950425,18.30332393688031
8.0,6.872632018851925,1.1273679811480752,14.092099764350941
10.0,6.942655958661051,3.0573440413389488,30.573440413389484
10.0,7.3440527630796835,2.6559472369203165,26.559472369203164
8.0,10.649619279911796,2.6496192799117964,33.12024099889746
11.0,10.212124551898256,0.7878754481017438,7.162504073652216
9.0,7.594215250131242,1.405784749868758,15.61983055409731
5.0,7.520117932857699,2.5201179328576986,50.40235865715397
5.0,7.4052742581784345,2.4052742581784345,48.10548516356869
26.0,27.97334745213538,1.9733474521353784,7.589797892828379
17.0,23.166590693304272,6.166590693304272,36.27406290178983
22.0,23.26101719345468,1.2610171934546806,5.731896333884912
22.0,21.506004810637695,0.49399518936230535,2.24543267891957
18.0,22.30886734772725,4.308867347727251,23.938151931818062
21.0,26.03943784323765,5.03943784323765,23.997323063036426
31.0,25.765456257865463,5.234543742134537,16.88562497462754
26.0,22.467359280105605,3.5326407198943954,13.587079691901522
21.0,22.330018285700724,1.3300182857007243,6.333420408098688
17.0,22.652558520780826,5.6525585207808255,33.250344239887205
21.0,22.646907375190565,1.6469073751905654,7.842416072336025
19.0,21.4666266229247,2.4666266229247,12.982245383814211
29.0,24.71121462221573,4.288785377784269,14.788915095807823
27.0,25.363395154817255,1.6366048451827453,6.06149942660276
24.0,21.16398174937945,2.836018250620551,11.816742710918964
25.0,22.53324548694328,2.4667545130567206,9.867018052226882
24.0,22.029955577981347,1.9700444220186526,8.20851842507772
29.0,22.262955218707102,6.737044781292898,23.231188901009993
23.0,21.67178004142444,1.3282199585755592,5.774869385111127
33.0,25.239856127757683,7.760143872242317,23.515587491643384
11.0,26.44396709307401,15.443967093074011,140.3997008461274
29.0,20.69037297033304,8.30962702966696,28.653886309196412
30.0,22.606918081196156,7.393081918803844,24.643606396012814
28.0,22.51959660029569,5.480403399704311,19.572869284658253
27.0,23.464098342737916,3.535901657262084,13.095932063933644
29.0,22.528696987285095,6.471303012714905,22.314837974878984
29.0,27.749211131461138,1.2507888685388622,4.313065063927111
19.0,27.157275946275945,8.157275946275945,42.933031296189185
29.0,24.287342684160432,4.712657315839568,16.250542468412306
28.0,22.94009078358038,5.059909216419619,18.071104344355785
22.0,23.366510682062582,1.3665106820625823,6.211412191193555
23.0,23.81675018533502,0.816750185335021,3.551087762326178
39.0,24.527082850916518,14.472917149083482,37.110043972008924
26.0,28.408500031154382,2.4085000311543823,9.263461658286086
37.0,27.939322642253373,9.060677357746627,24.488317183098992
22.0,24.076028460659522,2.076028460659522,9.436493002997826
19.0,23.2790842958371,4.279084295837102,22.52149629387948
27.0,23.01435214686567,3.9856478531343313,14.76165871531234
36.0,23.86616890631547,12.133831093684531,33.70508637134592
24.0,24.279394231310405,0.2793942313104054,1.1641426304600224
32.0,29.654803335660898,2.3451966643391025,7.328739576059695
29.0,31.507902760093938,2.5079027600939376,8.64794055204806
27.0,24.35968618914521,2.6403138108547886,9.77894004020292
29.0,23.996869227465456,5.0031307725345435,17.252175077705324
23.0,24.893758598827727,1.893758598827727,8.233733038381422
25.0,24.78699938690607,0.2130006130939286,0.8520024523757143
25.0,26.13749375686726,1.1374937568672614,4.549975027469046
24.0,31.218891768448266,7.218891768448266,30.078715701867775
28.0,30.512988328664786,2.512988328664786,8.97495831665995
24.0,25.66760080615496,1.6676008061549616,6.94833669231234
19.0,26.21077921348303,7.210779213483029,37.95146954464752
47.0,26.041574753537226,20.958425246462774,44.59239414141016
15.0,26.38142885086324,11.38142885086324,75.87619233908828
28.0,25.677846580554522,2.3221534194454776,8.293405069448134
48.0,35.038589947089925,12.961410052910075,27.00293761022932
42.0,33.68462433862432,8.315375661375683,19.798513479465914
17.0,26.706789717022488,9.706789717022488,57.09876304130875
25.0,25.87737850748245,0.8773785074824509,3.5095140299298033
22.0,25.154105567365118,3.154105567365118,14.336843488023263
22.0,26.63758588045323,4.63758588045323,21.079935820241953
31.0,26.189406004924997,4.810593995075003,15.518045145403233
40.0,38.51654761904762,1.4834523809523787,3.7086309523809464
55.0,38.1865238095238,16.8134761904762,30.56995670995673
23.0,26.805553335394258,3.805553335394258,16.545884066931556
33.0,26.145309015787134,6.854690984212866,20.77179086125111
25.0,26.448860987001844,1.4488609870018436,5.7954439480073745
19.0,25.892750078096736,6.892750078096736,36.277631989982815
27.0,26.232449215030957,0.7675507849690426,2.842780685070528
31.0,35.35090231990233,4.350902319902332,14.035168773878489
42.0,38.27109126984127,3.7289087301587287,8.878354119425543
27.0,28.02880598068558,1.0288059806855792,3.8103925210577003
29.0,28.00366852125674,0.9963314787432616,3.435625788769867
39.0,28.632670667454942,10.367329332545058,26.582895724474508
26.0,26.269793131352387,0.2697931313523867,1.0376658898168718
25.0,27.73674909781453,2.7367490978145312,10.946996391258125
38.0,36.36260678210679,1.6373932178932122,4.308929520771612
39.0,34.04197354497355,4.958026455026449,12.712888346221662
31.0,28.39908802975609,2.60091197024391,8.390038613690033
36.0,28.52891512315713,7.47108487684287,20.75301354678575
29.0,29.114016630098188,0.11401663009818819,0.39316079344202826
25.0,28.522141909578554,3.522141909578554,14.088567638314217
28.0,29.0934943997491,1.0934943997491011,3.905337141961075
40.0,38.14547222222223,1.8545277777777684,4.636319444444421
29.0,37.666400793650794,8.666400793650794,29.88414066776136
27.0,26.71585398789042,0.2841460121095807,1.0523926374428914
22.0,27.00004422720999,5.00004422720999,22.72747376004541
24.0,27.11394974240688,3.1139497424068807,12.974790593362004
31.0,25.489051716651986,5.510948283348014,17.77725252692908
28.0,25.81090005958164,2.189099940418359,7.818214072922711
36.0,36.2527023809524,0.2527023809523996,0.70195105820111
18.0,36.859650793650786,18.859650793650786,104.77583774250436
28.0,27.378696006260675,0.6213039937393248,2.2189428347833027
30.0,26.866726223971064,3.133273776028936,10.444245920096455
38.0,27.47734116347224,10.52265883652776,27.691207464546743
34.0,26.686720049101655,7.313279950898345,21.509646914406897
26.0,26.819539606825405,0.8195396068254048,3.1520754108669418
36.0,31.523896616541364,4.476103383458636,12.433620509607321
27.0,32.72047460317461,5.720474603174608,21.186942974720772
33.0,27.038498251931713,5.961501748068287,18.06515681232814
33.0,26.393712954419577,6.606287045580423,20.01905165327401
37.0,27.483570493994716,9.516429506005284,25.720079745960227
18.0,27.12349164676859,9.123491646768588,50.68606470426994
18.0,26.81692309860864,8.81692309860864,48.98290610338133
33.0,33.076824074074075,0.0768240740740751,0.23280022446689422
40.0,32.04476984126984,7.95523015873016,19.8880753968254
29.0,27.838839165084742,1.1611608349152576,4.004002879018129
31.0,27.418426797999146,3.581573202000854,11.553461941938238
34.0,26.838273464688136,7.161726535311864,21.063901574446657
26.0,27.17292912934889,1.1729291293488906,4.511265882111118
26.0,26.73033260367847,0.7303326036784696,2.8089715526094983
32.0,32.77340927482104,0.7734092748210415,2.4169039838157547
35.0,34.00060714285713,0.9993928571428725,2.8554081632653503
32.0,27.237514772429726,4.762485227570274,14.882766336157104
23.0,26.006686269541255,3.0066862695412553,13.072548998005457
25.0,27.367119097366935,2.3671190973669347,9.468476389467739
31.0,26.431648792349826,4.568351207650174,14.73661679887153
27.0,26.46274171229252,0.5372582877074805,1.9898455100277057
37.0,34.61429530872178,2.385704691278221,6.447850516968165
34.0,34.10318253968254,0.10318253968254254,0.303478057889831
31.0,25.486742930857435,5.513257069142565,17.78470022304053
21.0,25.39337337057263,4.393373370572629,20.920825574155376
34.0,28.18420975442324,5.8157902455767605,17.105265428166945
28.0,27.664206647167326,0.335793352832674,1.1992619744024071
28.0,27.32520990687757,0.6747900931224287,2.409964618294388
30.0,32.6188892001245,2.6188892001244994,8.729630667081665
26.0,32.215140522875835,6.215140522875835,23.904386626445522
21.0,27.623113023039192,6.623113023039192,31.53863344304377
26.0,26.76554379932885,0.7655437993288494,2.9443992281878826
33.0,26.564291641205926,6.4357083587940735,19.502146541800222
27.0,27.246382253594025,0.24638225359402455,0.9125268651630538
41.0,27.18419789656018,13.815802103439822,33.697078301072736
32.0,31.683095782757555,0.31690421724244544,0.990325678882642
33.0,31.397945955010357,1.602054044989643,4.854709227241343
25.0,25.864483633440422,0.8644836334404218,3.457934533761687
17.0,26.783816243268472,9.783816243268472,57.55186025452043
35.0,26.031585497545073,8.968414502454927,25.624041435585504
19.0,27.367434570421604,8.367434570421604,44.03912931800845
27.0,26.157165032509628,0.8428349674903721,3.121610990705082
28.0,32.76892724867727,4.768927248677272,17.031883030990258
36.0,31.903142857142868,4.096857142857132,11.380158730158701
21.0,25.92644124487172,4.926441244871722,23.459244023198675
25.0,26.730212314377106,1.7302123143771055,6.920849257508423
39.0,25.883818336978564,13.116181663021436,33.63123503338829
31.0,26.633833407636327,4.3661665923636725,14.08440836246346
25.0,25.1981993751127,0.1981993751127007,0.7927975004508028
56.0,36.21616211783859,19.783837882161407,35.32828193243108
33.0,35.03262936507937,2.032629365079373,6.1594829244829485
19.0,24.660229752710773,5.660229752710773,29.79068290900407
28.0,24.12123851228476,3.8787614877152414,13.852719598983004
20.0,24.938513019049594,4.938513019049594,24.69256509524797
26.0,25.11312903407577,0.8868709659242313,3.4110421766316588
35.0,24.992475884600502,10.007524115399498,28.592926043998567
41.0,36.67992460317461,4.320075396825388,10.536769260549725
44.0,36.72498376623376,7.275016233766237,16.534127804014176
30.0,23.906339288548967,6.093660711451033,20.312202371503442
27.0,22.594443077252862,4.405556922747138,16.31687749165607
32.0,24.968225260864582,7.031774739135418,21.97429605979818
38.0,24.07532428060116,13.924675719398842,36.64388347210221
32.0,24.256384178933985,7.743615821066015,24.198799440831298
42.0,34.02763247863248,7.9723675213675165,18.98182743182742
38.0,36.86226587301588,1.137734126984121,2.9940371762740026
31.0,22.89740367965367,8.10259632034633,26.137407484988156
28.0,23.388849180449178,4.611150819550822,16.46839578411008
27.0,23.931460557960555,3.0685394420394445,11.364960896442387
30.0,24.386641959891968,5.613358040108032,18.711193467026774
36.0,25.85653143737354,10.14346856262646,28.176301562851275
33.0,37.1655277777778,4.165527777777797,12.622811447811506
32.0,37.40085582010582,5.400855820105818,16.87767443783068
25.0,22.30123941798943,2.6987605820105713,10.795042328042285
23.0,22.51271306471309,0.48728693528691025,2.118638849073523
29.0,23.754375829725845,5.245624170274155,18.088359207841915
19.0,23.070484126984134,4.070484126984134,21.423600668337546
21.0,23.41129664438875,2.4112966443887487,11.482364973279756
47.0,38.94350925925929,8.056490740740713,17.141469661150456
40.0,37.88092460317465,2.1190753968253517,5.297688492063379
21.0,23.580968524970977,2.5809685249709773,12.290326309385605
21.0,23.45640406071583,2.4564040607158297,11.697162193884903
29.0,25.53481349206349,3.4651865079365116,11.948918992884524
25.0,24.333966542678308,0.6660334573216922,2.6641338292867687
23.0,23.85773026878959,0.8577302687895916,3.7292620382156154
36.0,27.603681216931218,8.396318783068782,23.323107730746617
22.0,26.260063492063498,4.260063492063498,19.36392496392499
22.0,22.130693868631365,0.130693868631365,0.5940630392334773
14.0,22.96303269391426,8.963032693914261,64.02166209938758
24.0,22.844147614593005,1.1558523854069946,4.816051605862478
18.0,23.885523230996906,5.885523230996906,32.697351283316145
22.0,24.27983788385103,2.2798378838510303,10.362899472050136
27.0,28.202386904761923,1.202386904761923,4.453284832451566
23.0,30.677543650793652,7.677543650793652,33.38062456866805
16.0,23.940955397461696,7.940955397461696,49.6309712341356
16.0,22.93048813119489,6.930488131194888,43.31555081996805
25.0,23.435258131563202,1.5647418684367977,6.258967473747192
25.0,23.64197999900244,1.3580200009975592,5.432080003990237
23.0,22.2868983487892,0.713101651210799,3.100441961786083
26.0,27.303215732010255,1.3032157320102549,5.012368200039441
26.0,27.82075733525733,1.8207573352573299,7.002912827912808
23.0,21.92471568580584,1.0752843141941604,4.675149192148523
26.0,21.65227600684258,4.34772399315742,16.722015358297767
25.0,21.577021935605835,3.422978064394165,13.69191225757666
29.0,21.580922307750463,7.419077692249537,25.583026524998402
24.0,21.69763688187261,2.3023631181273885,9.59317965886412
31.0,23.116760831987175,7.883239168012825,25.429803767783305
23.0,23.813589588618605,0.8135895886186049,3.537346037472195
22.0,21.470614810354615,0.5293851896453852,2.4062963165699327
27.0,21.39057942545494,5.609420574545059,20.775631757574292
24.0,21.452670225445196,2.547329774554804,10.613874060645017
22.0,21.74159630114968,0.25840369885031933,1.1745622675014515
31.0,21.60280356316005,9.397196436839948,30.31353689303209
25.0,25.609272516469897,0.6092725164698969,2.4370900658795875
21.0,25.687816373471065,4.687816373471065,22.322935111766977
23.0,19.469799739688384,3.5302002603116165,15.34869678396355
25.0,21.478973232672065,3.5210267673279354,14.084107069311742
21.0,20.015592628081983,0.9844073719180173,4.687654151990558
23.0,19.440106935342854,3.559893064657146,15.47779593329194
36.0,21.793047027327123,14.206952972672877,39.46375825742466
21.0,26.341858607616494,5.341858607616494,25.437421941030923
20.0,25.86451081268007,5.86451081268007,29.322554063400354
28.0,20.872951854772452,7.127048145227548,25.45374337581267
26.0,21.128658563537126,4.871341436462874,18.735928601780287
33.0,21.04620499504078,11.953795004959218,36.223621227149145
18.0,20.622268294612045,2.622268294612045,14.568157192289139
29.0,21.63812744958443,7.361872550415569,25.385767415226102
30.0,25.540508551364063,4.459491448635937,14.864971495453124
33.0,25.374285473308387,7.625714526691613,23.108225838459433
21.0,21.121843968694137,0.1218439686941366,0.5802093747339839
10.0,20.704760435110774,10.704760435110774,107.04760435110774
15.0,21.882478544045224,6.882478544045224,45.883190293634826
23.0,20.181987104110636,2.818012895889364,12.25222998212767
26.0,21.416278485525893,4.583721514474107,17.629698132592715
16.0,25.51409281009991,9.51409281009991,59.46308006312444
19.0,25.804484643935687,6.804484643935687,35.813077073345724
26.0,20.177965586010416,5.822034413989584,22.39244005380609
22.0,22.118287962195623,0.11828796219562321,0.537672555434651
18.0,21.33621612436333,3.336216124363329,18.534534024240713
18.0,20.41786571491574,2.4178657149157416,13.432587305087454
27.0,21.622252179217572,5.377747820782428,19.9175845214164
27.0,24.598943375822312,2.401056624177688,8.892802311769215
20.0,24.77465125047728,4.77465125047728,23.8732562523864
20.0,20.538978259887298,0.5389782598872976,2.694891299436488
27.0,18.526202499023146,8.473797500976854,31.38443518880316
17.0,20.220276700336477,3.220276700336477,18.942804119626334
16.0,18.615583123758494,2.615583123758494,16.34739452349059
22.0,20.12955987362444,1.8704401263755592,8.50200057443436
24.0,26.04975403667954,2.0497540366795413,8.54064181949809
33.0,24.428083964821774,8.571916035178226,25.975503136903715
21.0,20.44355606187075,0.5564439381292487,2.6497330387107083
18.0,20.495566539286454,2.495566539286454,13.86425855159141
21.0,20.61799384934606,0.3820061506539396,1.819076907875903
18.0,20.847228903978984,2.8472289039789835,15.817938355438798
14.0,21.18471622672006,7.1847162267200595,51.319401619428994
29.0,26.40513438853071,2.5948656114692916,8.947812453342385
33.0,27.229868701015768,5.770131298984232,17.48524636055828
21.0,21.358692164765785,0.3586921647657846,1.7080579274561172
15.0,21.58030422320765,6.580304223207651,43.86869482138434
19.0,21.638344270958495,2.6383442709584948,13.886022478728922
19.0,21.30761039321948,2.3076103932194805,12.145317859049898
20.0,19.469697788188697,0.5303022118113034,2.651511059056517
25.0,25.978312047654445,0.9783120476544447,3.9132481906177787
33.0,26.36065343915344,6.639346560846558,20.11923200256533
26.0,19.543629717437845,6.456370282562155,24.832193394469826
27.0,19.58513357007078,7.414866429929219,27.46246825899711
24.0,19.584975855510148,4.415024144489852,18.395933935374384
23.0,18.64301985742164,4.356980142578362,18.943391924253746
18.0,19.048243889765782,1.0482438897657822,5.823577165365457
32.0,26.448878479071844,5.551121520928156,17.347254752900486
28.0,27.5575926943427,0.44240730565730146,1.5800260916332194
23.0,20.143210768211517,2.8567892317884827,12.420822746906445
22.0,19.731242276754546,2.2687577232454537,10.312535105661153
23.0,20.534623798438066,2.4653762015619343,10.719026963312759
17.0,19.48274372299367,2.4827437229936713,14.604374841139242
19.0,19.327673534247722,0.3276735342477224,1.7245975486722231
18.0,23.049284141784142,5.049284141784142,28.051578565467455
17.0,23.77093063688795,6.77093063688795,39.82900374639971
16.0,19.40428323171108,3.40428323171108,21.27677019819425
22.0,20.815355924960286,1.1846440750397136,5.3847457956350615
19.0,20.666294960207544,1.6662949602075443,8.769973474776549
16.0,20.502310575621156,4.502310575621156,28.139441097632222
12.0,20.939685006994182,8.939685006994182,74.49737505828486
26.0,25.02245738284049,0.9775426171595107,3.759779296767349
20.0,24.93828902539771,4.938289025397712,24.691445126988558
19.0,21.186525599366593,2.1865255993665933,11.508029470350492
18.0,20.593079554011272,2.593079554011272,14.405997522284844
16.0,20.67964698833891,4.679646988338909,29.24779367711818
17.0,20.416778555192895,3.416778555192895,20.098697383487618
32.0,20.43962915425424,11.560370845745759,36.126158892955495
13.0,21.67641235289144,8.67641235289144,66.7416334837803
27.0,20.65012752266087,6.3498724773391295,23.518046212367146
27.0,20.818271397005063,6.181728602994937,22.89529112220347
23.0,18.957232300303694,4.042767699696306,17.577250868244807
30.0,19.836959451075884,10.163040548924116,33.87680182974705
24.0,19.79595507935506,4.2040449206449395,17.516853836020584
28.0,19.87993696483538,8.12006303516462,29.000225125587924
23.0,22.455735336806274,0.5442646631937258,2.366368100842286
18.0,20.97229177822699,2.972291778226989,16.512732101261047
25.0,19.688792397229857,5.311207602770143,21.24483041108057
21.0,19.397247192781247,1.602752807218753,7.632156224851204
12.0,18.92089968919735,6.920899689197348,57.67416407664457
14.0,18.747886450954475,4.747886450954475,33.91347464967482
15.0,19.331849509025233,4.331849509025233,28.87899672683488
32.0,25.924238675268096,6.075761324731904,18.986754139787198
26.0,25.05330975129018,0.946690248709821,3.641116341191619
23.0,18.589617596615973,4.410382403384027,19.175575666887074
19.0,18.431680019304476,0.5683199806955237,2.991157793134335
26.0,18.569193268066652,7.430806731933348,28.580025892051342
13.0,18.606968797765052,5.606968797765052,43.130529213577326
10.0,17.784835534266577,7.784835534266577,77.84835534266577
28.0,27.41349206349205,0.5865079365079495,2.0946712018141054
24.0,27.17648759975934,3.1764875997593407,13.235364998997253
18.0,18.962594635193433,0.9625946351934331,5.34774797329685
22.0,19.0514968514555,2.9485031485445,13.402287038838637
28.0,18.95040980728492,9.04959019271508,32.31996497398243
18.0,19.121109057366578,1.1211090573665778,6.228383652036543
24.0,18.802439949992714,5.1975600500072865,21.656500208363695
34.0,26.05581990127093,7.9441800987290705,23.365235584497267
26.0,25.575276697955367,0.42472330204463304,1.633551161710127
21.0,19.45960640334537,1.5403935966546314,7.335207603117293
28.0,19.040743190722303,8.959256809277697,31.997345747420347
26.0,19.950315688556373,6.049684311443627,23.26801658247549
13.0,19.517133160612392,6.517133160612392,50.13179354317224
13.0,19.07097327352983,6.07097327352983,46.699794411767925
31.0,28.516957427104476,2.483042572895524,8.009814751275885
30.0,25.493783145703386,4.506216854296614,15.02072284765538
25.0,19.575428626087454,5.424571373912546,21.698285495650182
25.0,19.04071012602809,5.959289873971908,23.837159495887633
20.0,19.555957310576716,0.4440426894232843,2.2202134471164214
20.0,19.323523333609852,0.6764766663901476,3.3823833319507375
23.0,19.344218580970576,3.6557814190294238,15.894701821867061
28.0,28.089794973544958,0.08979497354495791,0.3206963340891354
20.0,27.611636483886492,7.6116364838864925,38.05818241943246
18.0,19.984112205999477,1.9841122059994767,11.022845588885982
15.0,19.742761639730066,4.742761639730066,31.618410931533774
24.0,20.125758426287984,3.874241573712016,16.142673223800067
19.0,19.82960024613219,0.8296002461321912,4.36631708490627
15.0,19.68284532673642,4.68284532673642,31.218968844909462
32.0,24.23683125105411,7.7631687489458905,24.25990234045591
28.0,26.02619170208594,1.9738082979140614,7.049315349693076
23.0,21.17238246964816,1.8276175303518407,7.946163175442786
24.0,22.337563480276618,1.6624365197233821,6.926818832180759
19.0,21.98165666993636,2.98165666993636,15.692929841770315
17.0,21.529233990016383,4.529233990016383,26.642552882449312
20.0,21.88401642420758,1.88401642420758,9.4200821210379
22.0,25.470992432558685,3.4709924325586847,15.777238329812205
24.0,25.721841483587976,1.7218414835879763,7.174339514949901
17.0,21.29608820188913,4.29608820188913,25.27110706993606
16.0,22.493737865854303,6.493737865854303,40.5858616615894
26.0,22.884332456243904,3.1156675437560963,11.983336706754216
23.0,22.644318540486996,0.35568145951300423,1.5464411283174095
24.0,22.70391361841859,1.2960863815814108,5.400359923255879
28.0,23.89052165327767,4.10947834672233,14.67670838115118
25.0,23.81036686597698,1.189633134023019,4.758532536092076
22.0,21.894372296737746,0.1056277032622539,0.4801259239193359
22.0,23.84942544419782,1.84942544419782,8.406479291808273
28.0,22.14123159530529,5.858768404694711,20.924172873909683
26.0,21.692846769468503,4.3071532305314975,16.565973963582685
29.0,21.20506039912157,7.794939600878429,26.87910207199458
27.0,24.741525939814437,2.258474060185563,8.36471874142801
36.0,25.640238029586637,10.359761970413363,28.777116584481565
12.0,21.77088689846806,9.77088689846806,81.42405748723384
17.0,22.080378459332845,5.080378459332845,29.88457917254615
29.0,21.968591135800732,7.031408864199268,24.246237462756095
24.0,21.533079474663243,2.466920525336757,10.27883552223649
29.0,21.767885784521134,7.232114215478866,24.938324880961606
21.0,25.608383599823114,4.608383599823114,21.944683808681496
30.0,25.470460317460315,4.529539682539685,15.098465608465617
14.0,23.839395095676753,9.839395095676753,70.28139354054824
26.0,23.7250872430878,2.274912756912201,8.749664449662312
21.0,23.062916563430253,2.062916563430253,9.82341220681073
20.0,23.551428700764177,3.551428700764177,17.757143503820885
29.0,24.232645007404873,4.767354992595127,16.43915514687975
35.0,27.504945260357186,7.495054739642814,21.414442113265185
24.0,26.56544294131795,2.5654429413179507,10.689345588824795
21.0,22.22867931272288,1.2286793127228783,5.850853870108944
17.0,24.9800387085906,7.980038708590602,46.941404168180014
14.0,23.872108331962206,9.872108331962206,70.51505951401576
24.0,24.092611785603406,0.0926117856034061,0.38588244001419214
24.0,24.071356789894228,0.071356789894228,0.29731995789261667
23.0,26.9510712866043,3.9510712866043,17.178570811323045
22.0,27.336653189947306,5.336653189947306,24.257514499760482
25.0,23.185858595234794,1.8141414047652056,7.256565619060823
23.0,23.618912179575887,0.6189121795758865,2.6909225198951585
28.0,24.708210141567438,3.291789858432562,11.756392351544864
21.0,24.388360620234327,3.3883606202343266,16.13505057254441
22.0,23.198490068478332,1.198490068478332,5.447682129446963
36.0,25.36503135138363,10.634968648616368,29.541579579489913
29.0,26.75286204336155,2.2471379566384506,7.748751574615347
27.0,22.999027488863668,4.000972511136332,14.818416707912341
19.0,22.72616300705968,3.7261630070596787,19.61138424768252
27.0,23.844093896088633,3.1559061039113665,11.688541125597654
29.0,22.25048356383525,6.74951643616475,23.274194607464658
25.0,23.712119594661278,1.287880405338722,5.151521621354888
28.0,30.22716371031694,2.2271637103169404,7.954156108274788
29.0,28.22613786740239,0.7738621325976105,2.6684901124055536
27.0,21.72736253709618,5.27263746290382,19.528286899643778
23.0,22.578029467892225,0.4219705321077747,1.8346544874251074
32.0,24.00822496809073,7.99177503190927,24.97429697471647
21.0,23.50551000772421,2.5055100077242116,11.931000036781962
34.0,23.228576440586846,10.771423559413154,31.680657527685746
18.0,28.259712019462032,10.259712019462032,56.998400108122404
24.0,29.1781770984229,5.1781770984229,21.575737910095416
26.0,22.969636646627404,3.0303633533725964,11.655243666817679
25.0,23.368816945938544,1.6311830540614558,6.524732216245824
29.0,24.020566986804468,4.979433013195532,17.17045866619149
31.0,24.047355625070605,6.952644374929395,22.427885080417404
26.0,23.563709943705746,2.436290056294254,9.370346370362515
34.0,28.296827957151034,5.703172042848966,16.774035420144017
31.0,29.061038589016075,1.938961410983925,6.2547142289804025
30.0,23.349746787817004,6.650253212182996,22.16751070727665
31.0,23.88479478728705,7.115205212712951,22.952274879719194
26.0,23.95200595935819,2.047994040641811,7.876900156314657
23.0,23.518056083726478,0.5180560837264778,2.252417755332512
38.0,24.603792890530162,13.396207109469838,35.253176603868
27.0,30.305991162432335,3.305991162432335,12.24441171271235
27.0,30.43263756613755,3.4326375661375508,12.713472467176116
28.0,27.278369275881744,0.7216307241182562,2.5772525861366296
33.0,26.829308714305387,6.170691285694613,18.699064502104886
29.0,26.620099490088467,2.3799005099115327,8.206553482453561
17.0,26.537508232669097,9.537508232669097,56.10298960393587
26.0,27.284457824558555,1.2844578245585545,4.940222402148287
36.0,34.15155555555557,1.8484444444444321,5.134567901234534
49.0,33.549759259259254,15.450240740740746,31.531103552532137
29.0,26.49327337260569,2.506726627394311,8.643884922049349
26.0,25.966282086700765,0.03371791329923468,0.12968428192013337
32.0,25.65599921697681,6.344000783023191,19.825002446947472
38.0,25.78251595112528,12.21748404887472,32.151273812828215
30.0,25.619810001110626,4.380189998889374,14.600633329631249
41.0,36.87668037518038,4.123319624819622,10.056877133706395
44.0,39.34058316080054,4.659416839199459,10.589583725453314
33.0,27.097620850207754,5.902379149792246,17.885997423612867
24.0,28.073599849747996,4.073599849747996,16.97333270728332
34.0,27.47306518886137,6.526934811138631,19.196867091584206
30.0,26.7986326675894,3.2013673324106016,10.671224441368672
36.0,26.388194404297046,9.611805595702954,26.69945998806376
35.0,37.1253082010582,2.1253082010582034,6.072309145880581
34.0,39.25882539682539,5.258825396825387,15.467133520074666
21.0,27.00013628268215,6.000136282682149,28.572077536581663
23.0,26.898364990934304,3.8983649909343043,16.94941300406219
34.0,27.474075621874395,6.525924378125605,19.19389522978119
32.0,26.837256589325975,5.162743410674025,16.133573158356327
30.0,27.37056879045693,2.629431209543071,8.764770698476903
44.0,40.76048412698413,3.2395158730158684,7.362536075036065
39.0,42.56963888888889,3.569638888888889,9.152920227920228
27.0,26.739313630441224,0.2606863695587762,0.9655050724399119
26.0,26.674778531164545,0.6747785311645451,2.595302042940558
21.0,26.58481169908235,5.584811699082351,26.594341424201673
32.0,26.65050512108615,5.349494878913848,16.717171496605776
28.0,26.18865403875136,1.811345961248641,6.469092718745147
40.0,39.95339947089948,0.04660052910052315,0.11650132275130785
37.0,39.81824603174604,2.8182460317460425,7.616881166881195
31.0,26.425434398217778,4.574565601782222,14.756663231555557
25.0,26.450702597389814,1.4507025973898138,5.802810389559255
39.0,27.27180691052001,11.72819308947999,30.07228997302562
30.0,25.648037713723962,4.351962286276038,14.506540954253461
27.0,25.612097811173015,1.3879021888269847,5.14037847713698
24.0,36.24924148045026,12.249241480450259,51.03850616854274
29.0,36.989011321720106,7.989011321720106,27.548314902483124
37.0,25.419585397698764,11.580414602301236,31.29841784405739
34.0,27.1864704195298,6.813529580470199,20.03979288373588
37.0,27.283825152075295,9.716174847924705,26.25993202141812
29.0,26.0502632620742,2.9497367379258,10.171505992847587
25.0,26.611621563184478,1.6116215631844781,6.4464862527379125
33.0,32.83175396825396,0.1682460317460368,0.5098364598364752
38.0,32.545623351049834,5.454376648950166,14.353622760395174
28.0,27.872337971541736,0.12766202845826413,0.45593581592237187
26.0,27.29411079552767,1.2941107955276685,4.9773492135679565
31.0,27.42619296742443,3.5738070325755693,11.528409782501836
30.0,27.73969965589023,2.260300344109769,7.534334480365897
34.0,26.088184301874673,7.911815698125327,23.270046170956846
35.0,32.76214153439154,2.2378584656084612,6.393881330309889
32.0,32.63484788359788,0.6348478835978781,1.9838996362433692
22.0,28.02152525990629,6.021525259906291,27.37056936321041
24.0,27.736649669193213,3.7366496691932127,15.569373621638386
19.0,28.202253546144377,9.202253546144377,48.43291340075987
37.0,27.33819972416736,9.66180027583264,26.11297371846659
18.0,28.108612862229954,10.108612862229954,56.158960345721965
34.0,32.31255952380952,1.6874404761904813,4.96306022408965
32.0,32.25016666666668,0.2501666666666793,0.7817708333333728
29.0,27.522817876335115,1.4771821236648854,5.093731460913398
28.0,27.034585267742003,0.9654147322579973,3.4479097580642764
27.0,26.722587653785457,0.27741234621454325,1.027453134127938
24.0,27.383156463230335,3.3831564632303355,14.096485263459732
15.0,26.521380324851723,11.521380324851723,76.80920216567816
33.0,33.233279435705924,0.23327943570592424,0.7069073809270432
30.0,32.68632477435418,2.6863247743541834,8.954415914513945
29.0,25.79755459725485,3.2024454027451483,11.042915181879822
19.0,25.21009014404501,6.210090144045012,32.684684968657955
28.0,25.344569285241352,2.655430714758648,9.483681124138029
30.0,26.721299811234545,3.2787001887654554,10.929000629218184
29.0,25.688029946115037,3.311970053884963,11.420586392706769
32.0,30.572934407096174,1.4270655929038263,4.459579977824458
25.0,30.526672711710937,5.526672711710937,22.106690846843748
26.0,25.15218395319981,0.8478160468001903,3.260830949231501
25.0,24.91202885355541,0.08797114644459114,0.35188458577836457
29.0,25.340576393775702,3.6594236062242977,12.618702090428613
28.0,25.877034069937775,2.1229659300622252,7.582021178793662
40.0,26.963497257131188,13.036502742868812,32.59125685717203
31.0,31.70287442468883,0.7028744246888294,2.2673368538349337
30.0,30.456640137811693,0.4566401378116929,1.5221337927056429
20.0,26.185854035016902,6.185854035016902,30.92927017508451
23.0,27.03351248233787,4.033512482337869,17.537010792773344
36.0,27.228350248754822,8.771649751245178,24.365693753458828
28.0,27.523011411307287,0.47698858869271277,1.7035306739025455
35.0,25.151637062567236,9.848362937432764,28.13817982123647
28.0,32.24630698068702,4.246306980687017,15.165382073882203
29.0,31.679349751011546,2.6793497510115465,9.239137072453609
31.0,25.182102664804205,5.817897335195795,18.767410758696112
24.0,25.15376688478211,1.1537668847821116,4.807362019925465
33.0,25.931958880831523,7.068041119168477,21.418306421722658
28.0,26.20705894774455,1.7929410522554505,6.403360900912324
36.0,25.335226344633476,10.664773655366524,29.624371264907012
41.0,34.685769148770625,6.314230851229375,15.400563051778965
38.0,33.42922748210394,4.57077251789606,12.028348731305421
27.0,24.696423302303536,2.303576697696464,8.531765547023939
21.0,24.54956308699992,3.549563086999921,16.902681366666293
29.0,25.45363009911837,3.546369900881629,12.228861727178032
20.0,25.092212124996276,5.092212124996276,25.46106062498138
30.0,25.28452641478637,4.71547358521363,15.718245284045432
35.0,35.64329206349206,0.643292063492062,1.8379773242630344
38.0,35.88844973544975,2.111550264550253,5.556711222500666
33.0,24.033728920053733,8.966271079946267,27.1705184240796
21.0,23.573528774714447,2.573528774714447,12.254898927211652
30.0,24.585679601041154,5.414320398958846,18.047734663196156
29.0,25.610799361486894,3.389200638513106,11.68689875349347
31.0,25.168984704288004,5.831015295711996,18.80972676036128
42.0,34.84834777371417,7.151652226285833,17.02774339591865
35.0,35.6016634381222,0.6016634381222019,1.7190383946348624
24.0,23.655319590244755,0.34468040975524517,1.436168373980188
28.0,24.642655995019936,3.357344004980064,11.990514303500229
28.0,24.864479548378657,3.1355204516213426,11.19828732721908
25.0,24.553932010107363,0.4460679898926365,1.784271959570546
22.0,26.26024371778622,4.260243717786221,19.36474417175555
26.0,37.89629843304843,11.896298433048429,45.75499397326318
24.0,39.79370022429262,15.793700224292621,65.80708426788591
24.0,23.5199586951557,0.4800413048442991,2.0001721035179125
22.0,22.45985540507251,0.4598554050725099,2.0902518412386812
26.0,25.1243634976135,0.8756365023864987,3.3678327014865332
36.0,23.150706986509416,12.849293013490584,35.6924805930294
24.0,25.491528988415794,1.4915289884157943,6.214704118399142
40.0,34.823498015872985,5.176501984127015,12.941254960317536
35.0,35.648027597402574,0.6480275974025744,1.8515074211502127
29.0,24.624579815895615,4.375420184104385,15.0876558072565
12.0,23.41508042973288,11.415080429732878,95.12567024777398
20.0,24.470501515469746,4.470501515469746,22.352507577348728
18.0,23.847571428571438,5.847571428571438,32.48650793650799
27.0,24.093967707277024,2.9060322927229763,10.763082565640653
28.0,27.858601851851866,0.14139814814813434,0.5049933862433369
26.0,27.26629894179894,1.26629894179894,4.870380545380539
19.0,22.856722855203124,3.856722855203124,20.298541343174335
23.0,23.326195077267823,0.3261950772678226,1.4182394663818374
19.0,23.437046915946283,4.437046915946283,23.35287850498044
26.0,22.976880769328123,3.0231192306718775,11.627381656430298
18.0,22.602940247066655,4.602940247066655,25.571890261481418
27.0,26.544643338143334,0.45535666185666557,1.6865061550246874
24.0,26.992324074074087,2.9923240740740873,12.468016975308698
22.0,23.1497772370516,1.1497772370516017,5.226260168416371
26.0,21.942463979694214,4.057536020305786,15.605907770406871
28.0,22.729967368885553,5.2700326311144465,18.821545111123022
28.0,21.853003484582995,6.146996515417005,21.95355898363216
26.0,21.90631222029198,4.09368777970802,15.744952998876999
28.0,25.883691766186114,2.1163082338138857,7.558243692192448
29.0,25.25300824012547,3.746991759874529,12.920661240946652
29.0,21.554005430643045,7.445994569356955,25.67584334261019
29.0,21.26294437332496,7.7370556266750405,26.679502160948417
16.0,20.926909690360272,4.926909690360272,30.793185564751703
14.0,21.023541453092406,7.023541453092406,50.16815323637432
26.0,21.62197093896406,4.378029061035939,16.83857331167669
29.0,24.787154027333383,4.212845972666617,14.52705507816075
27.0,24.639381700453914,2.3606182995460863,8.743030739059579
22.0,21.873052253761873,0.12694774623812677,0.5770352101733035
25.0,22.264681735320394,2.7353182646796057,10.941273058718423
10.0,22.006518485535704,12.006518485535704,120.06518485535705
18.0,21.584070438216038,3.584070438216038,19.911502434533546
18.0,21.493804304532294,3.4938043045322935,19.410023914068297
26.0,25.616755562763924,0.38324443723607615,1.4740170662926007
30.0,25.351717514211156,4.648282485788844,15.49427495262948
21.0,20.657592314261304,0.34240768573869573,1.6305127892318843
27.0,20.54123857607416,6.458761423925839,23.92133860713274
18.0,20.903148582969035,2.9031485829690347,16.12860323871686
23.0,19.65227881721628,3.3477211827837188,14.555309490363994
23.0,19.56939743052751,3.430602569472491,14.915663345532568
16.0,24.114900247967018,8.114900247967018,50.718126549793865
23.0,24.687846996946323,1.6878469969463232,7.338465204114448
22.0,19.918579846483937,2.0814201535160635,9.461000697800289
22.0,20.781748430063825,1.2182515699361751,5.537507136073523
19.0,18.80397708869303,0.1960229113069687,1.0316995331945722
22.0,19.758749184866527,2.2412508151334727,10.187503705152148
15.0,20.773177571351322,5.773177571351322,38.48785047567549
32.0,23.282858943409625,8.717141056590375,27.241065801844922
23.0,23.130865627436805,0.13086562743680474,0.5689809888556728
30.0,20.416995129354287,9.583004870645713,31.94334956881904
30.0,21.0465010819158,8.9534989180842,29.844996393614004
19.0,20.665973931580115,1.6659739315801154,8.76828385042166
11.0,20.093183239424608,9.093183239424608,82.66530217658735
24.0,21.466817716775864,2.5331822832241357,10.554926180100566
25.0,24.584255744861256,0.415744255138744,1.662977020554976
20.0,25.46454825583073,5.4645482558307314,27.322741279153657
13.0,21.820345024541663,8.820345024541663,67.84880788108971
25.0,20.58858879571687,4.41141120428313,17.64564481713252
20.0,21.523901826304993,1.5239018263049928,7.619509131524964
19.0,20.568438966119313,1.568438966119313,8.254941926943753
19.0,20.192517740723165,1.192517740723165,6.276409161700869
27.0,24.933909412857368,2.0660905871426323,7.6521873597875265
15.0,25.90596138641528,10.905961386415282,72.70640924276854
18.0,19.67958632961465,1.6795863296146507,9.331035164525838
21.0,18.88931845458945,2.11068154541055,10.050864501955001
25.0,19.597040750690308,5.402959249309692,21.61183699723877
20.0,19.22395350583175,0.7760464941682486,3.8802324708412423
12.0,19.453363797015587,7.453363797015587,62.11136497512989
29.0,24.72219132535426,4.27780867464574,14.751064395330141
38.0,25.609668473127954,12.390331526872046,32.6061355970317
17.0,19.913599512591645,2.913599512591645,17.138820662303793
23.0,19.32796559797059,3.6720344020294107,15.965366965345265
16.0,19.048711854809614,3.048711854809614,19.054449092560088
25.0,19.300374860663997,5.699625139336003,22.798500557344013
16.0,20.1553473724372,4.155347372437198,25.97092107773249
38.0,26.823515488868427,11.176484511131573,29.411801345083088
36.0,27.44871092796092,8.55128907203908,23.753580755664107
15.0,20.19335225944793,5.193352259447931,34.62234839631954
20.0,19.356581078564325,0.6434189214356749,3.2170946071783746
20.0,18.67015425539821,1.3298457446017906,6.649228723008953
17.0,19.2909079767492,2.2909079767491995,13.475929274995291
14.0,19.558320248633642,5.558320248633642,39.7022874902403
34.0,27.60068278018278,6.39931721981722,18.82152123475653
27.0,27.83318137254903,0.8331813725490314,3.085856935366783
13.0,20.42826128503157,7.428261285031571,57.140471423319774
14.0,19.444658362744985,5.444658362744985,38.89041687674989
27.0,19.318934963522544,7.681065036477456,28.44838902399058
25.0,19.28731378495195,5.712686215048048,22.850744860192194
29.0,19.88783801799138,9.112161982008619,31.42124821382282
28.0,26.726539215686273,1.273460784313727,4.548074229691882
26.0,26.349124458874474,0.3491244588744742,1.342786380286439
15.0,19.234104076082783,4.234104076082783,28.227360507218552
21.0,20.127644189093242,0.8723558109067575,4.154075290032179
22.0,19.550783276727078,2.4492167232729223,11.132803287604192
28.0,19.62473874234783,8.37526125765217,29.911647348757747
18.0,19.47936743690181,1.4793674369018106,8.218707982787837
9.0,23.052304232804243,14.052304232804243,156.13671369782492
29.0,22.82732804232805,6.172671957671952,21.28507571611018
16.0,19.510940653730486,3.5109406537304864,21.94337908581554
12.0,18.85697823626795,6.856978236267949,57.14148530223291
14.0,20.373693747106657,6.373693747106657,45.526383907904695
19.0,19.638649837757374,0.6386498377573737,3.3613149355651246
25.0,19.31135857478941,5.688641425210591,22.754565700842363
21.0,21.33579179488598,0.33579179488598143,1.5990085470761022
16.0,22.751232916664815,6.751232916664815,42.19520572915509
20.0,19.261737761295965,0.738262238704035,3.691311193520175
14.0,19.892672876583987,5.892672876583987,42.090520547028476
20.0,19.483210630775975,0.5167893692240249,2.5839468461201243
16.0,18.98425493169237,2.9842549316923694,18.651593323077307
14.0,19.926926060431594,5.926926060431594,42.33518614593996
15.0,20.857011886841164,5.857011886841164,39.046745912274424
21.0,20.414029100529095,0.5859708994709045,2.7903376165281166
21.0,18.94703616906985,2.0529638309301497,9.776018242524524
26.0,18.043382808008058,7.956617191991942,30.602373815353623
22.0,18.144107415383527,3.8558925846164733,17.526784475529425
20.0,18.045381446749445,1.9546185532505547,9.773092766252773
19.0,18.224464483766134,0.775535516233866,4.081765874915084
18.0,18.54486577167608,0.5448657716760792,3.0270320648671065
17.0,18.98241709704511,1.9824170970451114,11.661277041441831
20.0,17.77643006803642,2.2235699319635813,11.117849659817907
19.0,18.380536219878277,0.6194637801217233,3.2603356848511753
20.0,17.910114385122213,2.0898856148777867,10.449428074388933
12.0,17.808561659529694,5.808561659529694,48.40468049608078
19.0,18.793975029898714,0.20602497010128573,1.0843419479015037
22.0,23.387928858163562,1.387928858163562,6.308767537107101
31.0,23.273203790520657,7.7267962094793425,24.92514906283659
11.0,17.538462331747674,6.538462331747674,59.44056665225158
19.0,17.131791578363444,1.868208421636556,9.832675903350294
22.0,16.807084210885826,5.192915789114174,23.604162677791702
18.0,17.10271051240163,0.8972894875983712,4.98494159776873
23.0,16.666569034949294,6.333430965050706,27.53665636978568
33.0,24.956149274885348,8.043850725114652,24.375305227620157
28.0,26.015318746470918,1.9846812535290823,7.088147334032437
24.0,16.498308480035412,7.501691519964588,31.25704799985245
15.0,17.10035530088762,2.100355300887621,14.00236867258414
18.0,17.40596022088461,0.5940397791153913,3.3002209950855073
19.0,18.42363974327585,0.5763602567241506,3.033475035390266
25.0,17.773637387165696,7.226362612834304,28.905450451337217
22.0,26.56209167684168,4.562091676841678,20.736780349280355
27.0,28.112722883597872,1.112722883597872,4.121195865177304
15.0,18.698819193253854,3.698819193253854,24.658794621692362
22.0,19.458922162785772,2.541077837214228,11.550353805519219
15.0,18.6264417900869,3.6264417900869006,24.176278600579337
17.0,18.009625310844168,1.009625310844168,5.938972416730399
29.0,18.71412041765456,10.28587958234544,35.468550283949796
33.0,26.184975925182272,6.815024074817728,20.651588105508267
24.0,25.944741931535347,1.9447419315353471,8.103091381397281
18.0,19.810021151656247,1.8100211516562474,10.05567306475693
26.0,19.046200901612156,6.953799098387844,26.745381147645553
15.0,19.381194030411724,4.381194030411724,29.207960202744825
17.0,18.69575978108717,1.695759781087169,9.975057535806876
24.0,19.48840666423559,4.51159333576441,18.798305565685038
30.0,27.532025197025202,2.4679748029747977,8.226582676582659
34.0,27.054723971231,6.945276028769001,20.427282437555885
18.0,20.569802363616418,2.569802363616418,14.276679797868988
23.0,19.808179241879916,3.191820758120084,13.877481557043843
26.0,19.382430327385205,6.6175696726147955,25.452191048518447
24.0,19.704609045648887,4.295390954351113,17.897462309796307
19.0,20.19153780513221,1.19153780513221,6.271251605959001
27.0,23.42955928330929,3.5704407166907117,13.223854506261896
29.0,23.71578745600804,5.284212543991959,18.221422565489515
20.0,21.886074767775348,1.886074767775348,9.43037383887674
26.0,22.77228689764932,3.2277131023506804,12.414281162887232
20.0,21.99971926003297,1.9997192600329683,9.998596300164841
16.0,21.781512670113514,5.781512670113514,36.13445418820946
17.0,21.62949858250416,4.629498582504159,27.23234460296564
26.0,24.94683049891166,1.053169501088341,4.05065192726285
27.0,24.922124476929376,2.077875523070624,7.69583527063194
20.0,21.952502264482735,1.9525022644827352,9.762511322413676
19.0,21.79018086909189,2.7901808690918912,14.685162468904691
13.0,22.291445910405862,9.291445910405862,71.47266084927585
10.0,22.449986343658352,12.449986343658352,124.49986343658352
18.0,22.454309365468703,4.454309365468703,24.746163141492794
21.0,25.690767378628458,4.690767378628458,22.33698751727837
22.0,26.098767093301817,4.0987670933018165,18.630759515008258
22.0,20.942020644113622,1.0579793558863777,4.808997072210808
15.0,22.791116176224094,7.791116176224094,51.94077450816062
15.0,23.25224337479328,8.25224337479328,55.014955831955206
28.0,22.958413206721236,5.041586793278764,18.005667118852728
24.0,23.055623841466446,0.9443761585335544,3.9349006605564765
23.0,22.764000512773023,0.2359994872269766,1.0260847270738114
30.0,22.705140370456803,7.294859629543197,24.31619876514399
19.0,22.277606476995167,3.2776064769951674,17.25056040523772
20.0,23.998244480424745,3.998244480424745,19.991222402123725
20.0,21.77750276104538,1.7775027610453797,8.887513805226899
3.0,5.982134411884415,2.982134411884415,99.40448039614716
12.0,6.595798328276053,5.404201671723947,45.03501393103289
5.0,8.237848677248675,3.2378486772486745,64.75697354497349
9.0,6.918798191768847,2.081201808231153,23.1244645359017
7.0,8.224785185185185,1.2247851851851852,17.496931216931216
5.0,10.200977139878251,5.200977139878251,104.01954279756502
4.0,10.376798765093993,6.376798765093993,159.41996912734982
5.0,9.393640054791463,4.393640054791463,87.87280109582926
15.0,8.370001322751317,6.6299986772486825,44.199991181657886
5.0,8.910660182574745,3.9106601825747447,78.2132036514949
4.0,8.31085095704948,4.31085095704948,107.771273926237
7.0,8.442778299916455,1.442778299916455,20.61111857023507
6.0,10.411591415407205,4.411591415407205,73.52652359012009
10.0,9.107049245591956,0.8929507544080444,8.929507544080444
11.0,7.005631860890494,3.994368139109506,36.312437628268235
3.0,7.946281974092315,4.946281974092315,164.87606580307715
2.0,7.512688053885114,5.512688053885114,275.6344026942557
6.0,6.502442994360265,0.5024429943602646,8.37404990600441
6.0,6.597811692522032,0.5978116925220318,9.963528208700529
11.0,8.842047821459586,2.1579521785404143,19.61774707764013
11.0,8.357890515802282,2.642109484197718,24.01917712907016
4.0,7.148899787565398,3.148899787565398,78.72249468913495
11.0,7.095223145710531,3.9047768542894694,35.49797140263154
9.0,6.936679660787555,2.063320339212445,22.925781546804945
11.0,6.856804149929767,4.143195850070233,37.665416818820304
18.0,6.933227154168503,11.066772845831498,61.48207136573054
10.0,8.066955571117338,1.9330444288826616,19.330444288826616
10.0,8.315483886483886,1.6845161135161142,16.845161135161142
9.0,6.8112230535384,2.1887769464615996,24.319743849573328
12.0,6.94275296027502,5.05724703972498,42.1437253310415
12.0,6.797072030824353,5.202927969175647,43.35773307646373
8.0,7.03088120748647,0.9691187925135303,12.113984906419129
9.0,9.052483952937898,0.05248395293789798,0.5831550326433109
14.0,8.857042328042327,5.142957671957673,36.735411942554805
5.0,9.04177757427758,4.04177757427758,80.83555148555159
14.0,9.193573030314973,4.8064269696850275,34.33162121203591
12.0,9.388622655015098,2.611377344984902,21.76147787487418
4.0,9.168667887667889,5.168667887667889,129.21669719169722
15.0,9.271799299308674,5.7282007006913265,38.18800467127551
6.0,8.94914048620851,2.9491404862085098,49.15234143680849
11.0,11.350758140008143,0.35075814000814276,3.188710363710389
11.0,10.569261539864984,0.43073846013501615,3.9158041830456014
10.0,9.233986030455545,0.7660139695444546,7.6601396954445455
10.0,8.757600427350424,1.2423995726495765,12.423995726495765
7.0,9.903075939718969,2.9030759397189687,41.472513424556695
11.0,9.648799760223675,1.3512002397763254,12.283638543421139
10.0,9.606873093681918,0.39312690631808245,3.931269063180824
10.0,11.626751322751316,1.626751322751316,16.26751322751316
8.0,11.202705955573595,3.2027059555735953,40.03382444466994
2.0,9.782572815264048,7.782572815264048,389.12864076320244
8.0,10.050666563538094,2.050666563538094,25.633332044226176
7.0,10.432662373582126,3.432662373582126,49.03803390831608
10.0,9.311685799905817,0.6883142000941831,6.88314200094183
10.0,9.585855625577599,0.41414437442240093,4.141443744224009
11.0,12.724264809627554,1.7242648096275541,15.675134632977764
21.0,12.942858724971476,8.057141275028524,38.367339404897734
14.0,9.403709464393286,4.596290535606714,32.830646682905105
12.0,9.040148747807665,2.959851252192335,24.66542710160279
13.0,9.617947952037417,3.382052047962583,26.01578498432756
8.0,9.846526702174614,1.8465267021746143,23.08158377718268
15.0,9.016821289334452,5.983178710665548,39.88785807110366
12.0,11.672461865262399,0.3275381347376012,2.7294844561466762
16.0,13.134982443482443,2.8650175565175573,17.906359728234733
15.0,10.513998422990847,4.486001577009153,29.90667718006102
12.0,10.368130332414925,1.6318696675850752,13.598913896542294
14.0,10.993407732659493,3.0065922673405066,21.47565905243219
10.0,11.023259004254795,1.023259004254795,10.232590042547951
6.0,10.509730369590145,4.5097303695901445,75.1621728265024
13.0,13.552753607503606,0.5527536075036057,4.251950826950813
23.0,15.183225829725831,7.816774170274169,33.98597465336595
16.0,11.226723508059933,4.7732764919400665,29.832978074625416
10.0,11.718648165315738,1.718648165315738,17.18648165315738
8.0,12.066362867175101,4.066362867175101,50.829535839688766
10.0,12.277252188688795,2.277252188688795,22.77252188688795
8.0,11.93185170000073,3.9318517000007294,49.14814625000912
17.0,16.13973301101527,0.8602669889847299,5.060394052851352
17.0,16.08675793650793,0.9132420634920706,5.3720121381886505
14.0,11.86839183991165,2.1316081600883496,15.22577257205964
11.0,12.400321402074853,1.4003214020748533,12.730194564316848
7.0,11.117901228441367,4.117901228441367,58.82716040630525
7.0,11.155692611978337,4.155692611978337,59.36703731397623
13.0,10.804950102904648,2.195049897095352,16.884999208425782
17.0,16.078246392496393,0.9217536075036072,5.422080044138866
11.0,16.7369417989418,5.7369417989418,52.15401635401636
16.0,12.363176218823446,3.6368237811765542,22.730148632353465
12.0,12.301186541369475,0.301186541369475,2.5098878447456245
14.0,11.589815803737999,2.4101841962620014,17.21560140187144
6.0,11.714316695804278,5.714316695804278,95.23861159673798
6.0,12.33744798697679,6.337447986976789,105.62413311627982
11.0,15.01531481481481,4.0153148148148095,36.502861952861906
10.0,15.28749593924594,5.2874959392459395,52.874959392459395
8.0,12.728452459983728,4.728452459983728,59.105655749796604
5.0,12.612919285413556,7.612919285413556,152.2583857082711
6.0,12.123960674868632,6.123960674868632,102.06601124781054
14.0,11.833769414756096,2.1662305852439037,15.473075608885026
12.0,12.574809534030841,0.574809534030841,4.790079450257009
14.0,15.027732496082466,1.027732496082466,7.3409464005890435
9.0,13.950564006128529,4.950564006128529,55.00626673476143
4.0,11.201498316346923,7.201498316346923,180.03745790867308
11.0,11.078283079955316,0.07828307995531603,0.7116643632301457
9.0,11.257023365826502,2.2570233658265018,25.07803739807224
12.0,10.726929425537952,1.2730705744620483,10.608921453850401
13.0,10.68927313465872,2.3107268653412802,17.77482204108677
15.0,13.852928788312456,1.1470712116875443,7.647141411250296
8.0,13.834555804903639,5.834555804903639,72.93194756129549
11.0,10.371445946918538,0.6285540530814622,5.71412775528602
10.0,9.9393547908323,0.06064520916769922,0.6064520916769922
15.0,9.732900385372863,5.267099614627137,35.113997430847576
12.0,9.730196713186016,2.2698032868139837,18.91502739011653
12.0,10.017807974931738,1.9821920250682616,16.518266875568845
17.0,13.455615977160097,3.5443840228399033,20.849317781411195
10.0,13.641035182209096,3.6410351822090963,36.410351822090966
5.0,9.45274902503838,4.452749025038379,89.05498050076758
13.0,10.1028572495547,2.8971427504452993,22.28571346496384
7.0,10.308526612614953,3.308526612614953,47.26466589449933
8.0,10.509230722328173,2.509230722328173,31.36538402910216
13.0,10.557170968519403,2.4428290314805974,18.79099254985075
17.0,13.51259014134014,3.487409858659859,20.51417563917564
7.0,14.292068144766251,7.292068144766251,104.17240206808931
9.0,10.278381070245127,1.2783810702451266,14.20423411383474
9.0,10.284886733332423,1.2848867333324225,14.27651925924914
9.0,10.883432183149607,1.8834321831496066,20.92702425721785
14.0,10.982120041780213,3.017879958219787,21.55628541585562
13.0,10.88041828806958,2.1195817119304206,16.304474707157084
13.0,13.826751647045764,0.8267516470457643,6.359628054198187
6.0,13.640054621848742,7.640054621848742,127.33424369747904
8.0,10.574827236043232,2.574827236043232,32.1853404505404
12.0,10.86657295432837,1.1334270456716293,9.445225380596911
10.0,10.465199814746871,0.465199814746871,4.65199814746871
12.0,10.548311444780559,1.451688555219441,12.097404626828673
13.0,10.645910927395398,2.3540890726046015,18.10837748157386
15.0,13.84356571009122,1.1564342899087805,7.709561932725204
8.0,13.771760782632136,5.7717607826321355,72.14700978290169
12.0,10.469311755516927,1.5306882444830734,12.755735370692278
10.0,10.090129515754972,0.09012951575497219,0.9012951575497219
10.0,10.010160728506976,0.010160728506976469,0.10160728506976469
8.0,10.447361102844527,2.4473611028445266,30.59201378555658
5.0,10.510599519670112,5.510599519670112,110.21199039340223
16.0,13.53609499479117,2.4639050052088294,15.399406282555184
15.0,14.384941373985484,0.6150586260145161,4.100390840096774
16.0,10.254367226130768,5.745632773869232,35.9102048366827
13.0,10.405675554513886,2.594324445486114,19.95634188835472
11.0,10.191104760091598,0.8088952399084022,7.353593090076384
10.0,10.207947941688175,0.20794794168817532,2.079479416881753
5.0,9.889198149897403,4.889198149897403,97.78396299794807
14.0,13.249924242424246,0.750075757575754,5.357683982683957
11.0,13.958015151515152,2.958015151515152,26.89104683195593
8.0,10.89600916187747,2.896009161877471,36.200114523468386
9.0,10.966198417191801,1.9661984171918014,21.846649079908907
11.0,10.506988278360023,0.4930117216399772,4.481924742181611
9.0,10.381365228016698,1.3813652280166977,15.348502533518863
7.0,10.451527291176832,3.4515272911768324,49.30753273109761
6.0,15.052140394088665,9.052140394088665,150.8690065681444
17.0,16.06810052910053,0.9318994708994701,5.481761593526295
14.0,10.873571344181343,3.126428655818657,22.33163325584755
8.0,10.87571685984344,2.8757168598434397,35.946460748042995
6.0,10.316971251416815,4.316971251416815,71.94952085694692
9.0,10.544738266188912,1.5447382661889115,17.16375851321013
9.0,10.297190299510323,1.2971902995103228,14.413225550114698
15.0,12.72747475722476,2.27252524277524,15.150168285168267
15.0,15.173025733525735,0.17302573352573525,1.1535048901715683
8.0,10.607446484553119,2.607446484553119,32.59308105691399
5.0,10.236094911466932,5.236094911466932,104.72189822933863
9.0,10.220827164193109,1.2208271641931088,13.56474626881232
7.0,9.826940860766362,2.8269408607663618,40.384869439519456
9.0,9.986885774653377,0.986885774653377,10.965397496148634
15.0,13.629773809523819,1.3702261904761812,9.134841269841209
11.0,14.72189652014652,3.7218965201465206,33.83542291042291
6.0,9.506527237191325,3.5065272371913245,58.44212061985541
4.0,9.48877942093345,5.488779420933451,137.21948552333626
11.0,9.622785031921127,1.3772149680788726,12.520136073444297
8.0,9.812521571581636,1.8125215715816356,22.656519644770444
8.0,9.53062127880295,1.5306212788029505,19.132765985036883
16.0,14.370716810966812,1.6292831890331883,10.183019931457427
12.0,13.145424942704354,1.145424942704354,9.545207855869615
11.0,9.137187750459066,1.8628122495409336,16.934656814008488
11.0,8.63387206274149,2.3661279372585096,21.510253975077358
7.0,8.31641973340332,1.31641973340332,18.805996191476
9.0,9.130553374830447,0.1305533748304466,1.450593053671629
5.0,8.361165722945284,3.361165722945284,67.22331445890568
10.0,10.463088624338626,0.4630886243386261,4.630886243386261
10.0,10.805104820875721,0.8051048208757212,8.051048208757212
8.0,8.72481310473288,0.7248131047328794,9.060163809160994
7.0,8.864486015851869,1.8644860158518686,26.63551451216955
7.0,8.571252829488625,1.5712528294886248,22.44646899269464
6.0,8.914909634599788,2.9149096345997876,48.5818272433298
8.0,9.241646863703576,1.2416468637035756,15.520585796294695
9.0,11.982213924963922,2.982213924963922,33.13571027737691
13.0,11.287847341005875,1.7121526589941247,13.170405069185575
12.0,7.959755408162765,4.040244591837235,33.668704931976954
8.0,8.057963604073585,0.05796360407358492,0.7245450509198115
3.0,7.876643092063754,4.876643092063754,162.55476973545845
15.0,7.7461143809285495,7.2538856190714505,48.359237460476336
6.0,7.74851708526644,1.7485170852664398,29.141951421107333
7.0,8.76540373059363,1.7654037305936292,25.220053294194706
9.0,10.059635767949725,1.0596357679497252,11.773730754996947
12.0,7.2999871664627625,4.7000128335372375,39.16677361281031
8.0,6.980894899161946,1.019105100838054,12.738813760475676
11.0,7.724373157279988,3.275626842720012,29.7784258429092
6.0,8.006714901568076,2.006714901568076,33.44524835946793
15.0,7.297015240062187,7.702984759937813,51.35323173291876
7.0,10.301464916500533,3.3014649165005334,47.16378452143619
10.0,10.405784076643222,0.40578407664322214,4.057840766432221
12.0,7.206942906912984,4.793057093087016,39.942142442391805
10.0,7.222250115751126,2.777749884248874,27.77749884248874
8.0,7.404731702158183,0.5952682978418169,7.440853723022711
5.0,7.544771065132668,2.544771065132668,50.89542130265337
9.0,7.837137049462469,1.162862950537531,12.920699450417011
9.0,10.282805916305914,1.2828059163059145,14.253399070065717
9.0,10.039570434922231,1.039570434922231,11.55078261024701
12.0,7.36800896302514,4.63199103697486,38.59992530812384
11.0,7.400106101859954,3.5998938981400457,32.726308164909504
11.0,7.405644046912917,3.594355953087083,32.675963209882575
12.0,8.095363519166012,3.9046364808339877,32.53863734028323
8.0,8.077706613591523,0.07770661359152342,0.9713326698940428
9.0,10.87952731135714,1.8795273113571405,20.883636792857114
10.0,10.69703493416229,0.6970349341622892,6.970349341622891
10.0,7.7545518338452695,2.2454481661547305,22.454481661547305
9.0,7.669631316283167,1.3303686837168334,14.78187426352037
7.0,7.949344236612671,0.9493442366126708,13.562060523038152
8.0,8.253272303396773,0.2532723033967734,3.165903792459668
5.0,8.079035075672556,3.0790350756725555,61.58070151345111
11.0,11.129282594441134,0.12928259444113444,1.1752963131012222
9.0,10.615798028282654,1.6157980282826543,17.953311425362823
12.0,8.109755277602451,3.890244722397549,32.418706019979574
5.0,8.400872623814168,3.400872623814168,68.01745247628335
10.0,8.333202136866722,1.6667978631332776,16.667978631332776
7.0,8.677220121996978,1.677220121996978,23.960287457099685
8.0,8.369356801481631,0.3693568014816311,4.6169600185203885
10.0,11.774223973973973,1.7742239739739727,17.742239739739727
8.0,12.041398137974227,4.041398137974227,50.517476724677834
7.0,7.548515309866384,0.5485153098663842,7.835932998091202
5.0,7.909046793521148,2.9090467935211484,58.18093587042297
10.0,7.886402561309425,2.113597438690575,21.135974386905747
5.0,7.522914571399301,2.5229145713993013,50.458291427986026
7.0,7.721292433847543,0.7212924338475428,10.30417762639347
8.0,10.246675870787099,2.246675870787099,28.08344838483874
13.0,9.561085150196382,3.438914849803618,26.453191152335524
8.0,7.7758467906084325,0.22415320939156747,2.8019151173945933
9.0,7.917233258326225,1.0827667416737752,12.030741574153057
6.0,8.170796723124596,2.170796723124596,36.17994538540994
5.0,7.231894543751826,2.2318945437518263,44.637890875036526
7.0,8.183447038604758,1.1834470386047578,16.906386265782253
8.0,9.432381734553879,1.4323817345538785,17.90477168192348
17.0,10.632007223679366,6.367992776320634,37.4587810371802
6.0,7.0062853743143565,1.0062853743143565,16.771422905239277
10.0,8.099285495122336,1.900714504877664,19.00714504877664
6.0,7.935605143005141,1.9356051430051409,32.26008571675234
5.0,7.782521822984569,2.7825218229845694,55.65043645969139
11.0,7.775666096341765,3.224333903658235,29.312126396893046
9.0,9.747417679879701,0.7474176798797014,8.304640887552237
9.0,11.013804232804233,2.013804232804233,22.375602586713704
8.0,7.457250603484544,0.5427493965154557,6.784367456443197
10.0,7.432459118473357,2.567540881526643,25.675408815266433
4.0,7.13216030549228,3.13216030549228,78.30400763730701
6.0,7.192580172936174,1.1925801729361742,19.876336215602905
7.0,7.361097744017822,0.3610977440178216,5.158539200254594
7.0,10.056849731706382,3.0568497317063823,43.669281881519744
12.0,8.966259855831934,3.033740144168066,25.281167868067218
10.0,6.625369924682174,3.3746300753178264,33.74630075317827
7.0,7.100329662968179,0.10032966296817936,1.4332808995454194
9.0,6.850167505437301,2.149832494562699,23.887027717363324
5.0,7.639553507559522,2.639553507559522,52.79107015119043
5.0,7.1112779434232065,2.1112779434232065,42.225558868464134
9.0,8.517006221078095,0.4829937789219052,5.366597543576725
11.0,9.797223044353304,1.202776955646696,10.93433596042451
8.0,6.560199119447938,1.4398008805520623,17.99751100690078
7.0,6.3453838786612895,0.6546161213387105,9.351658876267292
10.0,7.271704145373056,2.7282958546269436,27.282958546269438
9.0,7.124043666246282,1.8759563337537184,20.843959263930202
7.0,7.377845303344893,0.37784530334489297,5.397790047784185
10.0,9.09043252340153,0.90956747659847,9.0956747659847
3.0,9.239567254626463,6.239567254626463,207.98557515421544
9.0,6.771858950633509,2.2281410493664913,24.757122770738793
10.0,6.998635177989583,3.0013648220104168,30.013648220104166
13.0,7.58506183539555,5.41493816460445,41.65337049695731
4.0,7.20894372565177,3.2089437256517703,80.22359314129426
5.0,7.4810722148066136,2.4810722148066136,49.621444296132275
10.0,8.666609172857022,1.3333908271429777,13.33390827142978
9.0,8.747051992451997,0.25294800754800306,2.810533417200034
8.0,7.480238660397428,0.5197613396025718,6.4970167450321465
5.0,7.064520419823237,2.0645204198232374,41.29040839646475
8.0,7.070442298060237,0.9295577019397632,11.61947127424704
3.0,7.407891904756825,4.407891904756825,146.92973015856083
7.0,7.886791061465211,0.8867910614652112,12.668443735217302
7.0,10.076057930242909,3.076057930242909,43.94368471775584
4.0,10.028372037261745,6.028372037261745,150.70930093154362
9.0,6.82629357737841,2.1737064226215903,24.152293584684337
10.0,6.780165266559644,3.219834733440356,32.19834733440356
5.0,6.983289837966328,1.9832898379663284,39.66579675932657
4.0,6.981401367933445,2.9814013679334446,74.53503419833612
2.0,6.628389484773605,4.628389484773605,231.41947423868024
4.0,8.804731034346299,4.804731034346299,120.11827585865747
6.0,8.707367065398925,2.707367065398925,45.122784423315416
11.0,6.251079553925938,4.748920446074062,43.17200405521875
13.0,6.223702708311053,6.776297291688947,52.125363782222664
5.0,6.825922621529662,1.8259226215296618,36.518452430593236
7.0,7.077595973861459,0.07759597386145867,1.1085139123065524
2.0,8.098459142168274,6.098459142168274,304.9229571084137
9.0,7.894339438339441,1.1056605616605593,12.285117351783992
8.0,8.717492017404089,0.7174920174040889,8.968650217551112
13.0,6.699381981133965,6.300618018866035,48.46629245281565
7.0,7.048958884067159,0.04895888406715887,0.699412629530841
3.0,6.8924928583230285,3.8924928583230285,129.74976194410095
7.0,6.763730201481827,0.23626979851817342,3.3752828359739064
8.0,5.848637117317926,2.151362882682074,26.892036033525923
6.0,8.567947453401729,2.567947453401729,42.79912422336214
12.0,8.763845186103806,3.236154813896194,26.967956782468285
5.0,6.599508364463741,1.5995083644637411,31.990167289274822
9.0,6.772389272871572,2.227610727128428,24.751230301426975
10.0,6.785346881026729,3.2146531189732714,32.14653118973271
11.0,6.345034295814346,4.654965704185654,42.317870038051396
7.0,6.048304809421343,0.9516951905786568,13.595645579695098
15.0,8.415732344923464,6.584267655076536,43.89511770051024
12.0,8.485527979431343,3.5144720205686575,29.287266838072146
13.0,5.815810634984624,7.184189365015376,55.26299511550289
13.0,6.172789370491589,6.827210629508411,52.517004842372394
4.0,6.600113524940413,2.6001135249404133,65.00283812351033
6.0,6.458847174699906,0.45884717469990566,7.647452911665094
4.0,7.277898367284507,3.2778983672845072,81.94745918211268
13.0,8.676261233019853,4.3237387669801475,33.25952897677036
7.0,8.806346754419927,1.806346754419927,25.80495363457039
6.0,6.421396413972499,0.4213964139724986,7.02327356620831
5.0,7.190253776516344,2.190253776516344,43.805075530326874
5.0,7.0992779346832355,2.0992779346832355,41.98555869366471
7.0,7.864632202025392,0.8646322020253923,12.351888600362747
6.0,7.3164908508143816,1.3164908508143816,21.941514180239693
12.0,10.89143422318422,1.1085657768157802,9.2380481401315
7.0,10.395311293618379,3.395311293618379,48.50444705169113
7.0,7.182884951390931,0.18288495139093097,2.6126421627275853
5.0,7.165915429007928,2.165915429007928,43.31830858015856
2.0,7.284537236468973,5.284537236468973,264.22686182344864
9.0,7.005185264782579,1.994814735217421,22.164608169082456
15.0,7.616977541460153,7.383022458539847,49.22014972359898
8.0,9.700761254989327,1.7007612549893274,21.259515687366594
5.0,9.979583461790513,4.979583461790513,99.59166923581026
7.0,7.147813563640913,0.1478135636409128,2.1116223377273258
7.0,7.511677694528106,0.5116776945281059,7.309681350401512
11.0,8.611624871458002,2.3883751285419983,21.712501168563623
7.0,7.346997471219296,0.3469974712192956,4.957106731704223
8.0,7.449733390131299,0.550266609868701,6.878332623358762
12.0,9.869780735508805,2.1302192644911955,17.751827204093296
11.0,9.924411596119924,1.0755884038800758,9.77807639890978
7.0,7.077530600187095,0.07753060018709501,1.1075800026727858
6.0,7.075895542905963,1.075895542905963,17.93159238176605
10.0,7.344728221653095,2.655271778346905,26.55271778346905
8.0,6.461962865111979,1.5380371348880209,19.22546418610026
7.0,6.823564118604634,0.17643588139536615,2.5205125913623734
14.0,9.513498724201282,4.486501275798718,32.046437684276555
7.0,8.97754968462286,1.9775496846228595,28.250709780326567
7.0,6.774961324676544,0.22503867532345634,3.214838218906519
12.0,6.780996653299832,5.219003346700168,43.491694555834734
6.0,7.2643545204795235,1.2643545204795235,21.072575341325393
14.0,6.825404440571374,7.174595559428626,51.2471111387759
13.0,7.2174006266801705,5.7825993733198295,44.48153364092177
8.0,10.163364033083683,2.163364033083683,27.042050413546036
6.0,9.318477314536695,3.318477314536695,55.307955242278254
7.0,6.8425868204820945,0.15741317951790545,2.248759707398649
5.0,7.524146435593089,2.5241464355930887,50.482928711861774
6.0,7.233515603141906,1.233515603141906,20.55859338569843
14.0,7.905015668468272,6.094984331531728,43.53560236808377
4.0,7.484275101744179,3.4842751017441786,87.10687754360447
8.0,10.880121804760549,2.880121804760549,36.00152255950686
12.0,10.610826403266621,1.3891735967333787,11.576446639444821
11.0,8.023390370155687,2.9766096298443134,27.060087544039213
12.0,8.379250388346295,3.6207496116537055,30.172913430447544
8.0,8.886058339775213,0.8860583397752126,11.075729247190157
10.0,8.564391293891301,1.4356087061086988,14.356087061086988
9.0,9.128504783863484,0.12850478386348385,1.4278309318164872
12.0,10.334233216713791,1.6657667832862089,13.881389860718407
10.0,11.12294606518115,1.12294606518115,11.2294606518115
9.0,8.2942634602554,0.7057365397445992,7.841517108273324
7.0,8.586997164709674,1.5869971647096737,22.671388067281054
13.0,8.513280130688026,4.486719869311974,34.51322976393826
10.0,8.805210119004231,1.1947898809957689,11.947898809957689
9.0,9.145571300563237,0.14557130056323686,1.6174588951470763
7.0,9.824921726966597,2.824921726966597,40.356024670951385
11.0,9.94673869161892,1.0532613083810798,9.575102803464363
2.0,8.409785211713578,6.409785211713578,320.4892605856789
16.0,9.091009535864371,6.908990464135629,43.18119040084768
11.0,8.174058201058203,2.8259417989417965,25.69037999037997
8.0,9.260964045214042,1.2609640452140418,15.762050565175523
9.0,9.86342409442409,0.8634240944240901,9.593601049156558
4.0,10.80640518131372,6.806405181313719,170.16012953284297
10.0,11.580858867739101,1.5808588677391011,15.808588677391011
10.0,9.939370981430162,0.06062901856983771,0.6062901856983771
7.0,9.206370214917067,2.206370214917067,31.519574498815246
5.0,9.231994817127548,4.231994817127548,84.63989634255095
9.0,9.000017958947373,1.7958947372775924e-05,0.00019954385969751028
8.0,8.609940697021768,0.6099406970217682,7.624258712772103
15.0,10.82378012279271,4.17621987720729,27.841465848048596
12.0,11.03136596118358,0.9686340388164201,8.071950323470167
8.0,8.961360485550715,0.9613604855507152,12.017006069383939
15.0,8.834251682658413,6.165748317341587,41.104988782277246
13.0,9.680802987861806,3.3191970121381935,25.532284708755338
11.0,8.845871680121682,2.1541283198783177,19.582984726166526
6.0,9.054429645921584,3.0544296459215836,50.90716076535973
14.0,11.407967123267937,2.5920328767320626,18.51452054808616
9.0,11.297405314706134,2.2974053147061344,25.52672571895705
11.0,9.469117758233878,1.5308822417661219,13.917111288782927
10.0,9.957494902485152,0.04250509751484799,0.42505097514847995
10.0,10.274722167834064,0.27472216783406367,2.7472216783406367
13.0,10.052756850187016,2.9472431498129836,22.671101152407566
4.0,11.011637568750599,7.011637568750599,175.29093921876498
8.0,12.51806406221492,4.51806406221492,56.4758007776865
8.0,11.750035416262365,3.7500354162623655,46.87544270327957
13.0,10.018893163281938,2.9811068367180624,22.9315910516774
6.0,10.050718332563228,4.050718332563228,67.51197220938714
11.0,10.572497183634571,0.4275028163654291,3.886389239685719
7.0,10.0144024636591,3.014402463659099,43.06289233798713
13.0,10.312154507950476,2.687845492049524,20.675734554227105
11.0,11.721397306397302,0.7213973063973018,6.558157330884562
9.0,11.506185172913623,2.5061851729136233,27.84650192126248
8.0,9.4988457840513,1.4988457840512996,18.735572300641245
8.0,9.612358327135691,1.6123583271356914,20.154479089196144
14.0,9.567446956240962,4.432553043759038,31.66109316970741
10.0,10.350924251354806,0.3509242513548063,3.509242513548063
19.0,9.212293887646725,9.787706112353275,51.51424269659618
18.0,12.501993025493023,5.498006974506977,30.544483191705424
11.0,12.404358960268377,1.404358960268377,12.766899638803428
11.0,8.727437491230903,2.272562508769097,20.659659170628153
9.0,9.140457195927075,0.14045719592707506,1.560635510300834
11.0,9.213491164836514,1.7865088351634864,16.240989410577146
10.0,9.47610706365663,0.5238929363433709,5.238929363433709
9.0,10.79122870790346,1.7912287079034606,19.90254119892734
13.0,14.49631216931217,1.4963121693121693,11.510093610093609
13.0,14.513074074074074,1.5130740740740745,11.639031339031341
5.0,10.63710150104293,5.637101501042929,112.74203002085858
8.0,11.34052696200008,3.34052696200008,41.756587025001004
12.0,11.488356058486945,0.5116439415130554,4.263699512608795
12.0,11.255561127811633,0.7444388721883666,6.2036572682363875
15.0,11.570281702935596,3.4297182970644045,22.86478864709603
13.0,15.029535964535972,2.029535964535972,15.611815111815169
12.0,15.022239843989846,3.022239843989846,25.185332033248713
9.0,10.926271514304368,1.9262715143043678,21.403016825604087
11.0,10.65184012690806,0.34815987309194085,3.1650897553812807
13.0,11.098897029953196,1.9011029700468036,14.62386900036003
7.0,11.154947393666738,4.154947393666738,59.35639133809626
7.0,10.875856922937844,3.875856922937844,55.36938461339778
13.0,16.00140428297756,3.0014042829775605,23.08772525367354
11.0,16.074819444444444,5.074819444444444,46.134722222222216
8.0,10.440068731436961,2.440068731436961,30.50085914296201
16.0,10.360117241185646,5.639882758814354,35.24926724258971
5.0,10.38458948558628,5.384589485586281,107.69178971172562
7.0,10.500486898790319,3.500486898790319,50.006955697004564
9.0,10.389847433897584,1.3898474338975841,15.442749265528713
13.0,15.230806067588325,2.2308060675883254,17.160046673756348
12.0,15.398768107393101,3.398768107393101,28.32306756160918
7.0,9.7864608512526,2.786460851252601,39.80658358932287
10.0,10.602293432890246,0.6022934328902458,6.022934328902458
13.0,11.04664568520082,1.9533543147991796,15.02580242153215
12.0,10.144212978500683,1.8557870214993173,15.464891845827644
11.0,9.652251872260111,1.347748127739889,12.252255706726265
10.0,12.32699206349206,2.3269920634920602,23.269920634920602
10.0,12.905399572649573,2.905399572649573,29.053995726495728
7.0,9.453038062251586,2.4530380622515864,35.04340088930838
7.0,9.315643013621514,2.3156430136215143,33.08061448030735
6.0,9.794445791136214,3.794445791136214,63.24076318560357
6.0,10.42917389866979,4.42917389866979,73.81956497782983
9.0,10.309280222279542,1.3092802222795417,14.547558025328241
12.0,13.401318432068432,1.4013184320684324,11.67765360057027
12.0,12.78220881595881,0.7822088159588105,6.518406799656755
10.0,9.879197705803067,0.12080229419693289,1.208022941969329
15.0,9.68932295252876,5.3106770474712395,35.40451364980826
10.0,10.126905082603141,0.12690508260314104,1.2690508260314104
12.0,10.000978156967722,1.9990218430322777,16.658515358602312
9.0,9.195631936518623,0.1956319365186232,2.173688183540258
12.0,12.254001970251961,0.25400197025196114,2.116683085433009
10.0,12.727831335331329,2.727831335331329,27.278313353313287
10.0,8.949163949466056,1.0508360505339436,10.508360505339436
13.0,9.353573701278286,3.646426298721714,28.049433067090106
8.0,8.9457453037352,0.9457453037351993,11.821816296689992
7.0,10.020705167465785,3.0207051674657848,43.152930963796926
10.0,9.867633231777063,0.13236676822293703,1.3236676822293703
13.0,12.823002023031433,0.17699797696856656,1.3615228997582043
18.0,12.877912959518452,5.1220870404815475,28.456039113786375
11.0,9.2810342427311,1.7189657572689008,15.626961429717278
9.0,9.504964878788883,0.5049648787888827,5.610720875432031
14.0,9.202029458677437,4.797970541322563,34.27121815230402
10.0,9.383752814724057,0.6162471852759435,6.162471852759435
13.0,9.24692229725331,3.7530777027466904,28.869828482666847
13.0,12.50587503890445,0.49412496109554915,3.800961239196532
11.0,13.732876984126978,2.732876984126978,24.844336219336167
8.0,9.772446857437284,1.7724468574372843,22.155585717966055
2.0,9.876769131007062,7.876769131007062,393.8384565503531
6.0,9.864667888062701,3.8646678880627015,64.4111314677117
13.0,9.545176001443803,3.454823998556197,26.575569219663052
10.0,9.763140090046747,0.23685990995325312,2.3685990995325312
9.0,13.221644640790926,4.221644640790926,46.90716267545473
12.0,13.70774728582338,1.7077472858233804,14.231227381861503
8.0,10.523760545657034,2.5237605456570336,31.54700682071292
10.0,11.167092023845955,1.1670920238459548,11.670920238459548
14.0,11.091315008212263,2.9086849917877373,20.77632136991241
13.0,10.69197070504482,2.3080292949551797,17.75407149965523
9.0,10.779899142424542,1.7798991424245418,19.776657138050467
9.0,13.821680042724164,4.821680042724164,53.57422269693516
15.0,13.335686286480406,1.6643137135195936,11.095424756797291
13.0,10.331657115421729,2.668342884578271,20.52571449675593
6.0,9.31621433315132,3.3162143331513203,55.270238885855335
8.0,9.847420831509456,1.8474208315094565,23.092760393868204
7.0,10.317855614833498,3.3178556148334977,47.39793735476425
13.0,10.106816368432275,2.893183631567725,22.255258704367115
12.0,12.379946855962011,0.37994685596201094,3.1662237996834244
8.0,13.235523917289074,5.235523917289074,65.44404896611343
9.0,10.30359135394185,1.3035913539418509,14.484348377131676
15.0,10.64400261787876,4.35599738212124,29.039982547474935
14.0,10.502137222493337,3.497862777506663,24.984734125047595
10.0,10.026736913171863,0.026736913171863108,0.2673691317186311
9.0,9.286181783246855,0.28618178324685495,3.1797975916317216
7.0,13.779589616402118,6.779589616402118,96.85128023431598
13.0,13.245627585377587,0.2456275853775871,1.8894429644429778
10.0,8.998123362249911,1.0018766377500885,10.018766377500885
8.0,9.603178295597841,1.603178295597841,20.039728694973014
11.0,9.522430494184897,1.4775695058151026,13.432450052864569
8.0,9.692522886081592,1.6925228860815924,21.156536076019904
6.0,9.43488938783341,3.43488938783341,57.24815646389017
19.0,11.850261904761908,7.149738095238092,37.63020050125312
13.0,13.212852813852821,0.2128528138528214,1.6373293373293956
6.0,9.413583036553964,3.4135830365539643,56.893050609232745
8.0,9.378982192799397,1.3789821927993966,17.23727740999246
10.0,9.509522520689059,0.49047747931094143,4.904774793109414
6.0,9.276600501249117,3.276600501249117,54.61000835415195
10.0,9.74596199357391,0.2540380064260894,2.5403800642608942
13.0,14.89228281903282,1.89228281903282,14.556021684867845
13.0,14.630190170940176,1.6301901709401765,12.539924391847512
9.0,10.588622732243168,1.5886227322431683,17.65136369159076
7.0,10.170697919470326,3.170697919470326,45.295684563861805
10.0,10.373579709842732,0.3735797098427316,3.735797098427316
6.0,10.294240478196649,4.294240478196649,71.5706746366108
9.0,10.19221375670216,1.1922137567021593,13.246819518912881
7.0,13.633004569504573,6.633004569504573,94.75720813577962
10.0,13.428214526214532,3.428214526214532,34.28214526214532
11.0,9.240854871726302,1.7591451282736976,15.992228438851797
7.0,9.594203251559001,2.5942032515590014,37.060046450842876
11.0,9.557745697494026,1.4422543025059742,13.11140275005431
9.0,9.432396329167243,0.43239632916724347,4.8044036574138165
10.0,9.166011894050355,0.8339881059496452,8.339881059496452
18.0,11.480588624338623,6.519411375661377,36.21895208700765
13.0,11.638300264550264,1.3616997354497364,10.474613349613357
9.0,8.980971669806024,0.019028330193975762,0.21142589104417514
8.0,8.211809067626847,0.21180906762684693,2.6476133453355866
11.0,8.342626972786414,2.657373027213586,24.1579366110326
8.0,8.681229106812706,0.6812291068127063,8.51536383515883
3.0,8.386577800964496,5.386577800964496,179.5525933654832
9.0,11.762205026455026,2.7622050264550264,30.691166960611405
7.0,11.62841931216931,4.62841931216931,66.120275888133
9.0,9.034273979426697,0.034273979426696854,0.38082199362996505
17.0,9.019773672478703,7.980226327521297,46.94250780894881
9.0,8.781099584928718,0.21890041507128188,2.4322268341253546
13.0,9.286684609296962,3.7133153907030376,28.56396454386952
10.0,9.073858195449356,0.9261418045506442,9.261418045506442
8.0,11.374525064025065,3.3745250640250646,42.18156330031331
12.0,11.1336824427783,0.8663175572217003,7.219312976847503
11.0,8.607315565885058,2.3926844341149422,21.751676673772202
7.0,8.984360403492335,1.9843604034923352,28.348005764176214
13.0,9.146798373684733,3.8532016263152666,29.640012510117437
8.0,9.787581899179726,1.7875818991797257,22.34477373974657
8.0,8.712988995163155,0.7129889951631547,8.912362439539434
12.0,11.50222324329677,0.49777675670322985,4.148139639193582
15.0,12.014659486292409,2.985340513707591,19.90227009138394
13.0,8.251256120584038,4.7487438794159615,36.52879907243047
12.0,8.36386216162156,3.63613783837844,30.30114865315367
9.0,8.023296738639063,0.976703261360937,10.852258459565967
9.0,8.996847147574808,0.00315285242519181,0.035031693613242335
12.0,8.882898833489536,3.117101166510464,25.975843054253865
7.0,11.958640270298801,4.958640270298801,70.83771814712573
16.0,12.721549281328691,3.2784507186713086,20.49031699169568
4.0,8.479657108411812,4.479657108411812,111.99142771029531
11.0,8.977799975301906,2.022200024698094,18.38363658816449
10.0,9.439559172708636,0.5604408272913641,5.604408272913641
3.0,9.11773051908918,6.11773051908918,203.92435063630603
5.0,8.904202057954462,3.9042020579544623,78.08404115908925
11.0,12.643694444444446,1.6436944444444457,14.94267676767678
7.0,12.648582010582015,5.648582010582015,80.69402872260021
7.0,8.964924412108395,1.9649244121083953,28.07034874440565
17.0,8.930016737421079,8.069983262578921,47.470489779876004
13.0,9.13073523295771,3.8692647670422904,29.763575131094544
6.0,8.977090829538449,2.977090829538449,49.61818049230749
7.0,9.067674695999255,2.067674695999255,29.5382099428465
10.0,12.607201485307394,2.607201485307394,26.072014853073945
9.0,12.1328335295309,3.1328335295309007,34.80926143923223
8.0,8.874343249343246,0.8743432493432461,10.929290616790578
13.0,8.943345784379863,4.056654215620137,31.205032427847208
11.0,9.79222093997094,1.2077790600290594,10.979809636627813
7.0,9.447619683433569,2.447619683433569,34.965995477622414
10.0,8.709413537702227,1.2905864622977727,12.905864622977727
7.0,11.854290839271743,4.8542908392717425,69.34701198959633
8.0,10.901374541895446,2.9013745418954464,36.26718177369308
4.0,8.75879201301556,4.75879201301556,118.969800325389
9.0,8.13255188735785,0.8674481126421494,9.638312362690549
5.0,7.946763183627243,2.946763183627243,58.935263672544856
9.0,8.373789364698565,0.626210635301435,6.9578959477937214
8.0,8.778766246338837,0.7787662463388365,9.734578079235456
7.0,11.55732629618336,4.55732629618336,65.104661374048
12.0,10.818411486617807,1.1815885133821933,9.846570944851612
4.0,7.366112425054198,3.3661124250541983,84.15281062635496
3.0,8.004488827321614,5.004488827321614,166.8162942440538
11.0,7.2026714139136505,3.7973285860863495,34.52116896442136
8.0,7.903926094471262,0.09607390552873785,1.200923819109223
11.0,7.209141444659639,3.7908585553403613,34.46235050309419
10.0,9.860016304233314,0.139983695766686,1.3998369576668601
11.0,10.10556853297721,0.8944314670227893,8.13119515475263
6.0,6.877216004200914,0.8772160042009141,14.6202667366819
6.0,7.724916026825069,1.7249160268250687,28.748600447084478
6.0,7.712991579589619,1.7129915795896187,28.549859659826975
7.0,6.650323570434537,0.34967642956546285,4.995377565220898
6.0,7.243452318511431,1.243452318511431,20.72420530852385
11.0,10.310395110927717,0.6896048890722835,6.269135355202576
11.0,10.52722050775311,0.47277949224688953,4.297995384062632
6.0,7.153931907183606,1.1539319071836056,19.232198453060093
7.0,7.627634365890364,0.6276343658903638,8.966205227005197
6.0,7.6194764690735095,1.6194764690735095,26.99127448455849
4.0,6.950932431509477,2.950932431509477,73.77331078773692
11.0,7.428975242353199,3.571024757646801,32.463861433152736
13.0,9.793091038956648,3.206908961043352,24.668530469564246
9.0,10.049532645427147,1.0495326454271474,11.661473838079415
10.0,7.226685959359094,2.773314040640906,27.733140406409056
4.0,6.950274815106805,2.9502748151068046,73.75687037767011
7.0,6.700334950826054,0.2996650491739459,4.280929273913513
9.0,6.844831729971958,2.1551682700280423,23.94631411142269
3.0,6.981047098971432,3.981047098971432,132.7015699657144
9.0,9.835035605317644,0.8350356053176444,9.278173392418271
19.0,9.678917606267738,9.321082393732262,49.05832838806454
13.0,6.738582217265769,6.261417782734231,48.1647521748787
8.0,6.668243591499638,1.331756408500362,16.646955106254524
4.0,6.988701913173407,2.988701913173407,74.71754782933517
8.0,7.044135470920763,0.9558645290792374,11.948306613490466
5.0,7.101213028605001,2.1012130286050006,42.02426057210001
17.0,9.576392053854168,7.423607946145832,43.66828203615196
18.0,10.705564086985138,7.294435913014862,40.52464396119368
7.0,7.457094737141724,0.4570947371417242,6.529924816310347
13.0,7.22772580625434,5.77227419374566,44.40210918265892
5.0,7.941435399588451,2.9414353995884506,58.828707991769015
9.0,7.923405595701632,1.0765944042983682,11.962160047759646
8.0,7.449115267077967,0.5508847329220332,6.886059161525415
8.0,10.807305068226125,2.8073050682261247,35.09131335282656
12.0,10.488572517896046,1.5114274821039544,12.595229017532953
2.0,7.32622079989727,5.32622079989727,266.3110399948635
6.0,7.889280891580702,1.889280891580702,31.488014859678366
6.0,8.019186212953183,2.0191862129531835,33.65310354921973
9.0,8.19462006123998,0.8053799387600193,8.948665986222437
2.0,8.018508151907477,6.0185081519074775,300.9254075953739
8.0,10.14495322270322,2.1449532227032204,26.811915283790256
14.0,9.880760461760458,4.119239538239542,29.423139558853872
6.0,8.332406677413527,2.332406677413527,38.873444623558775
6.0,8.035557622570737,2.035557622570737,33.92596037617895
6.0,8.11401962691471,2.1140196269147093,35.23366044857849
4.0,7.604421763239185,3.604421763239185,90.11054408097962
9.0,7.750488534775292,1.2495114652247077,13.883460724718974
4.0,9.940643251647638,5.9406432516476375,148.51608129119094
5.0,10.478991622574956,5.478991622574956,109.57983245149912
7.0,7.689827870003361,0.6898278700033611,9.854683857190873
5.0,7.316112216666702,2.316112216666702,46.32224433333404
12.0,7.46413255710355,4.53586744289645,37.798895357470414
8.0,7.3804631589094365,0.6195368410905635,7.744210513632044
6.0,7.711774513374512,1.711774513374512,28.529575222908534
6.0,9.807720008922905,3.807720008922905,63.46200014871508
6.0,9.45303907203907,3.4530390720390702,57.550651200651174
8.0,7.372990236340542,0.6270097636594576,7.83762204574322
10.0,7.129815186473497,2.870184813526503,28.701848135265028
12.0,6.655155933412033,5.344844066587967,44.5403672215664
2.0,6.42743909158909,4.42743909158909,221.3719545794545
6.0,7.027521277511439,1.0275212775114388,17.125354625190646
12.0,8.601515710052475,3.3984842899475254,28.320702416229377
14.0,8.376834019325953,5.623165980674047,40.165471290528906
4.0,6.569604537795377,2.569604537795377,64.24011344488443
6.0,6.9315289471334856,0.9315289471334856,15.52548245222476
7.0,6.854184242859588,0.1458157571404124,2.0830822448630344
13.0,6.754397119250712,6.245602880749288,48.04309908268683
2.0,6.744415544639258,4.744415544639258,237.2207772319629
8.0,9.99781017586445,1.9978101758644495,24.97262719830562
9.0,9.073456001113895,0.07345600111389494,0.8161777901543883
6.0,7.101732351712614,1.1017323517126139,18.362205861876898
7.0,6.534936190670365,0.4650638093296351,6.643768704709073
5.0,6.408311252387396,1.4083112523873957,28.16622504774792
10.0,6.697588629693892,3.3024113703061078,33.024113703061076
9.0,7.394813713711622,1.6051862862883777,17.835403180981974
13.0,8.101735439369063,4.8982645606309365,37.67895815869951
6.0,8.928164504456022,2.9281645044560225,48.80274174093371
13.0,6.453178633648469,6.546821366351531,50.36016435655024
5.0,6.589257581174185,1.5892575811741851,31.785151623483703
10.0,6.396672125176448,3.6033278748235524,36.033278748235524
6.0,6.206425255084524,0.20642525508452358,3.440420918075393
7.0,5.827300893324472,1.1726991066755277,16.752844381078965
7.0,9.077521574530202,2.077521574530202,29.678879636145744
5.0,9.59820382395383,4.598203823953829,91.96407647907658
6.0,6.998407393798001,0.9984073937980007,16.640123229966676
8.0,6.734495521215312,1.2655044787846883,15.818805984808604
6.0,6.845138554292121,0.845138554292121,14.08564257153535
5.0,6.59899309963205,1.5989930996320503,31.979861992641005
6.0,6.958820388088158,0.9588203880881583,15.980339801469304
12.0,9.826185931909102,2.1738140680908984,18.115117234090818
9.0,9.590128339793619,0.590128339793619,6.556981553262434
7.0,7.246537730380235,0.2465377303802354,3.521967576860506
7.0,6.94938826428799,0.050611735712010386,0.7230247958858627
6.0,7.042171119666471,1.0421711196664711,17.369518661107854
8.0,6.811298444879202,1.1887015551207982,14.858769439009977
6.0,6.780310746466504,0.7803107464665038,13.005179107775064
8.0,8.24462608607174,0.2446260860717402,3.0578260758967524
14.0,8.417492852806403,5.582507147193597,39.87505105138284
7.0,6.808247907357753,0.1917520926422469,2.7393156091749558
10.0,6.868289351780931,3.1317106482190686,31.317106482190688
9.0,7.134078964093411,1.865921035906589,20.732455954517658
13.0,7.034911235842017,5.965088764157983,45.885298185830635
10.0,7.129755348224474,2.8702446517755256,28.702446517755252
8.0,9.277219483687196,1.2772194836871957,15.965243546089948
9.0,9.95844676769087,0.9584467676908695,10.64940852989855
8.0,7.069008281913308,0.930991718086692,11.63739647608365
8.0,6.881275147165108,1.1187248528348919,13.984060660436148
9.0,6.93512308163723,2.0648769183627698,22.943076870697443
1.0,7.613346510158461,6.613346510158461,661.3346510158461
11.0,7.173884100227747,3.826115899772253,34.78287181611139
12.0,10.255142574417272,1.7448574255827278,14.540478546522731
8.0,10.01545659567482,2.01545659567482,25.19320744593525
9.0,6.778861719810837,2.2211382801891633,24.679314224324038
12.0,7.299756511403055,4.700243488596945,39.168695738307875
5.0,7.410574362295762,2.410574362295762,48.21148724591524
5.0,7.5540976039953485,2.5540976039953485,51.08195207990697
9.0,7.315410549919408,1.6845894500805922,18.717660556451023
9.0,10.84725827727485,1.8472582772748503,20.525091969720556
9.0,10.737787575849373,1.7377875758493726,19.308750842770806
9.0,6.935826431086399,2.064173568913601,22.93526187681779
3.0,7.33114692853327,4.33114692853327,144.37156428444234
5.0,7.314810778204517,2.3148107782045173,46.296215564090346
18.0,21.694927349697085,3.6949273496970854,20.527374164983808
15.0,17.414413771471033,2.4144137714710325,16.096091809806882
13.0,16.647102985786876,3.6471029857868764,28.05463835220674
11.0,15.40383301255124,4.403833012551241,40.03484556864764
9.0,14.117166841332761,5.117166841332761,56.857409348141786
13.0,16.911595044596982,3.9115950445969823,30.089192650746018
10.0,18.249305064085288,8.249305064085288,82.49305064085289
12.0,15.520965107970381,3.5209651079703814,29.34137589975318
12.0,16.269948815828197,4.269948815828197,35.58290679856831
16.0,16.555262972138017,0.5552629721380171,3.470393575862607
16.0,15.934170691266466,0.06582930873353376,0.41143317958458603
27.0,14.841518714374114,12.158481285625886,45.031412168984765
14.0,16.672700438243677,2.6727004382436768,19.090717416026262
21.0,16.642370177535067,4.357629822464933,20.750618202213968
16.0,14.347797331571543,1.6522026684284565,10.326266677677854
15.0,14.574576972782058,0.425423027217942,2.83615351478628
11.0,14.557047111270116,3.5570471112701156,32.33679192063742
15.0,14.75450483317458,0.24549516682541928,1.636634445502795
14.0,14.110108675768103,0.11010867576810313,0.7864905412007366
12.0,17.295379884969556,5.295379884969556,44.12816570807963
13.0,17.432570729687807,4.432570729687807,34.09669792067544
10.0,14.594254236789833,4.594254236789833,45.942542367898334
15.0,15.19728070039223,0.19728070039223056,1.315204669281537
15.0,15.202440183241924,0.20244018324192403,1.3496012216128268
17.0,14.607677422549116,2.3923225774508836,14.072485749711081
11.0,16.173946460125613,5.173946460125613,47.03587691023285
23.0,18.31088754539715,4.689112454602849,20.387445454794996
13.0,18.470572913684464,5.470572913684464,42.08133010526511
20.0,15.286512421764895,4.713487578235105,23.567437891175523
14.0,15.016650485993269,1.016650485993269,7.261789185666208
16.0,15.628492757847262,0.3715072421527381,2.321920263454613
20.0,16.122457963185386,3.8775420368146136,19.387710184073068
17.0,15.218038826097724,1.7819611739022765,10.482124552366333
15.0,18.122711030194058,3.1227110301940577,20.81807353462705
11.0,17.75090971503516,6.75090971503516,61.37190650031964
19.0,15.45646742822628,3.5435325717737207,18.650171430388003
20.0,15.081273786637125,4.918726213362875,24.593631066814375
18.0,14.73224433858243,3.2677556614175707,18.154198118986503
16.0,15.288815164159102,0.7111848358408981,4.444905224005613
16.0,16.7169278897971,0.7169278897970983,4.4807993112318645
17.0,18.034280980097943,1.0342809800979431,6.0840057652820185
18.0,18.00954064286567,0.009540642865669469,0.053003571475941494
11.0,16.316118265401535,5.316118265401535,48.32834786728668
18.0,16.097887204881278,1.9021127951187218,10.567293306215122
11.0,16.013435066476394,5.013435066476394,45.57668242251267
15.0,15.753692896553511,0.7536928965535115,5.024619310356743
15.0,16.595260451003053,1.5952604510030532,10.635069673353687
16.0,17.78626744280558,1.7862674428055811,11.164171517534882
13.0,18.579869942018963,5.579869942018963,42.92207647706894
13.0,14.79733978255741,1.79733978255741,13.825690635057
8.0,16.044087198023426,8.044087198023426,100.55108997529283
16.0,16.275203851651284,0.275203851651284,1.7200240728205252
11.0,15.21542578120159,4.21542578120159,38.3220525563781
12.0,16.141186880980253,4.1411868809802534,34.50989067483545
29.0,21.365627437142074,7.634372562857926,26.325422630544576
16.0,20.76272431629777,4.762724316297771,29.767026976861068
25.0,16.038702638963187,8.961297361036813,35.84518944414725
20.0,16.521744265627074,3.478255734372926,17.39127867186463
17.0,17.23716910799578,0.23716910799577917,1.3951123999751716
14.0,17.71622132029896,3.71622132029896,26.54443800213543
22.0,17.21549811461615,4.78450188538385,21.747735842653864
19.0,22.3264104876605,3.3264104876604996,17.50742361926579
32.0,23.078764430014434,8.921235569985566,27.87886115620489
23.0,17.210672550518673,5.789327449481327,25.170988910788378
14.0,16.53412413253486,2.53412413253486,18.100886660963283
21.0,17.627480556256522,3.372519443743478,16.059616398778466
19.0,17.15516465810032,1.8448353418996817,9.70965969420885
14.0,16.99271133818418,2.9927113381841792,21.376509558458423
23.0,24.704670592479417,1.7046705924794168,7.4116112716496385
18.0,24.550200280112037,6.550200280112037,36.39000155617798
15.0,16.103230572382405,1.1032305723824045,7.354870482549364
27.0,16.91353182650832,10.086468173491681,37.35728953145067
16.0,16.84407016882468,0.844070168824679,5.275438555154244
22.0,16.81133052438645,5.188669475613551,23.58486125278887
11.0,16.55355396648739,5.553553966487389,50.48685424079444
24.0,23.682177685491613,0.31782231450838694,1.3242596437849454
20.0,23.993672416360916,3.9936724163609156,19.968362081804578
17.0,16.521074125746804,0.4789258742531963,2.817211025018802
16.0,16.862781781386055,0.8627817813860545,5.392386133662841
11.0,16.513667215269187,5.513667215269187,50.12424741153807
20.0,16.933801551198954,3.066198448801046,15.330992244005232
12.0,16.77498240805944,4.77498240805944,39.791520067162
27.0,23.828393155258183,3.1716068447418166,11.746692017562284
20.0,23.016426627842492,3.016426627842492,15.08213313921246
17.0,17.332974629715647,0.33297462971564684,1.9586742924449814
16.0,16.992594541142445,0.992594541142445,6.203715882140282
21.0,17.01283412338985,3.987165876610149,18.986504174334044
17.0,18.010055968186503,1.010055968186503,5.941505695214723
21.0,18.227892911137783,2.7721070888622172,13.20050994696294
16.0,19.18821825396825,3.1882182539682518,19.92636408730157
15.0,21.18321756888357,6.18321756888357,41.2214504592238
14.0,17.135181047853724,3.135181047853724,22.394150341812313
7.0,17.052309661285054,10.052309661285054,143.60442373264362
21.0,17.437037212125304,3.562962787874696,16.96648946606998
9.0,17.762880020335036,8.762880020335036,97.36533355927818
16.0,17.7911232711367,1.7911232711367013,11.194520444604382
8.0,18.911643444860115,10.911643444860115,136.39554306075144
20.0,18.041717360025892,1.958282639974108,9.79141319987054
21.0,17.009628295786648,3.990371704213352,19.00177002006358
20.0,16.647339685407744,3.3526603145922564,16.763301572961282
17.0,16.757109304704503,0.24289069529549678,1.4287687958558635
18.0,16.105925399931714,1.8940746000682864,10.522636667046035
18.0,16.49410204982376,1.5058979501762408,8.366099723201339
21.0,17.39836408637634,3.60163591362366,17.150647207731716
14.0,18.16042723001633,4.160427230016332,29.71733735725951
16.0,15.658279394918576,0.34172060508142366,2.135753781758898
17.0,16.03359764461649,0.9664023553835115,5.6847197375500675
17.0,15.149141400351452,1.8508585996485483,10.887403527344402
15.0,16.366594674680634,1.3665946746806341,9.11063116453756
22.0,15.572577205858822,6.427422794141178,29.21555815518717
23.0,17.926178904152756,5.073821095847244,22.060091721074972
20.0,17.035873982077568,2.964126017922432,14.820630089612157
17.0,15.772914536251731,1.2270854637482689,7.218149786754522
15.0,15.823473883566182,0.8234738835661819,5.489825890441213
18.0,16.145082335109628,1.8549176648903725,10.305098138279847
20.0,16.351655848064862,3.648344151935138,18.24172075967569
12.0,16.29729963188701,4.297299631887011,35.81083026572509
23.0,20.535084653478272,2.464915346521728,10.717023245746644
18.0,20.134746042187945,2.1347460421879454,11.859700234377474
23.0,16.026612961381915,6.973387038618085,30.319074080948198
15.0,16.299286642357117,1.2992866423571172,8.661910949047448
11.0,17.149715532766347,6.149715532766347,55.90650484333043
17.0,16.762860405988558,0.2371395940114418,1.3949387883025988
16.0,16.49872204915475,0.4987220491547504,3.11701280721719
13.0,18.405242053155206,5.405242053155206,41.578785024270815
17.0,17.725630551046287,0.7256305510462866,4.268415006154627
20.0,16.263011338189738,3.736988661810262,18.68494330905131
18.0,17.103689757287746,0.8963102427122536,4.979501348401408
11.0,16.5389683154325,5.5389683154324985,50.354257413022715
12.0,16.645413317812952,4.645413317812952,38.71177764844127
13.0,17.262532798371033,4.2625327983710335,32.78871383362333
15.0,19.290288397409178,4.290288397409178,28.601922649394517
13.0,19.006347112715478,6.006347112715478,46.202670097811364
19.0,16.507342544986304,2.4926574550136955,13.119249763229975
13.0,16.633294985748588,3.633294985748588,27.948422967296832
18.0,17.396777701866572,0.6032222981334279,3.351234989630155
21.0,15.847732242337555,5.152267757662445,24.534608369821168
19.0,16.457666715541695,2.542333284458305,13.380701497148975
19.0,17.40476720128937,1.5952327987106294,8.395962098476998
18.0,17.373154034775943,0.6268459652240566,3.482477584578092
15.0,15.94084599579658,0.9408459957965807,6.272306638643871
17.0,16.95792972464441,0.04207027535559149,0.24747220797406758
19.0,16.03777974392829,2.96222025607171,15.59063292669321
19.0,16.373667149619386,2.6263328503806136,13.82280447568744
22.0,16.529172938542107,5.470827061457893,24.867395733899514
19.0,20.261041587285995,1.2610415872859946,6.6370609857157605
21.0,20.256574682342205,0.7434253176577954,3.540120560275216
9.0,14.508517308555628,5.5085173085556285,61.20574787284032
15.0,14.809360927872646,0.19063907212735387,1.2709271475156925
11.0,15.879962979865008,4.879962979865008,44.363299816954616
17.0,16.68016173912455,0.31983826087545,1.8814015345614703
17.0,16.462202337715002,0.5377976622849978,3.1635156604999874
21.0,21.88157341269842,0.8815734126984189,4.197968631897233
23.0,23.097415343915348,0.09741534391534756,0.42354497354498943
11.0,14.033371723771381,3.0333717237713813,27.57610657973983
14.0,13.987856473838486,0.012143526161514373,0.08673947258224553
15.0,14.273460195371653,0.7265398046283469,4.843598697522313
11.0,14.28048359125556,3.2804835912555603,29.822578102323277
10.0,14.204637005012309,4.204637005012309,42.04637005012309
16.0,19.492566891456214,3.492566891456214,21.828543071601338
25.0,20.461038307839388,4.538961692160612,18.155846768642448
17.0,14.24035593153468,2.7596440684653203,16.23320040273718
18.0,13.798832484093248,4.201167515906752,23.339819532815287
16.0,13.957571562479519,2.0424284375204813,12.765177734503009
10.0,14.497739865936728,4.497739865936728,44.97739865936728
21.0,14.074513070800206,6.925486929199794,32.97850918666568
26.0,18.726067399297342,7.273932600702658,27.976663848856376
25.0,20.317901179702645,4.682098820297355,18.72839528118942
12.0,13.869337565137075,1.8693375651370747,15.577813042808955
10.0,14.313149778444197,4.313149778444197,43.131497784441976
15.0,14.505678034877691,0.4943219651223085,3.295479767482057
12.0,15.020645110506484,3.020645110506484,25.17204258755403
22.0,14.406370992865376,7.5936290071346235,34.516495486975565
32.0,21.825150340448843,10.174849659551157,31.796405186097367
25.0,22.188004321979303,2.811995678020697,11.247982712082788
13.0,14.648039924957299,1.648039924957299,12.677230191979222
13.0,14.698373908936922,1.6983739089369223,13.06441468413017
10.0,14.338099600300778,4.338099600300778,43.38099600300778
19.0,14.332157896612319,4.667842103387681,24.5675900178299
26.0,14.536926883692297,11.463073116307703,44.08874275502963
17.0,18.986686862821017,1.986686862821017,11.686393310711866
21.0,19.5214540585882,1.4785459414117987,7.040694959103804
16.0,15.079156812460448,0.9208431875395515,5.7552699221221975
8.0,14.890502522084216,6.8905025220842155,86.13128152605269
7.0,14.903818226371698,7.903818226371698,112.9116889481671
14.0,15.076491873996371,1.0764918739963711,7.6892276714026515
13.0,16.32915319108336,3.3291531910833605,25.608870700641233
14.0,17.241526348819217,3.2415263488192174,23.153759634422983
12.0,16.928999426798526,4.928999426798526,41.074995223321054
7.0,16.091817303345852,9.091817303345852,129.88310433351216
16.0,15.223136599987601,0.7768634000123988,4.855396250077493
14.0,13.664536105874985,0.33546389412501476,2.396170672321534
14.0,15.459258977704016,1.4592589777040157,10.423278412171541
13.0,16.068049358943234,3.0680493589432345,23.600379684178726
16.0,15.399518615047649,0.6004813849523511,3.7530086559521947
22.0,15.164071843417396,6.835928156582604,31.072400711739107
16.0,14.686157154993383,1.3138428450066169,8.211517781291356
18.0,14.351894468817918,3.6481055311820825,20.267252951011567
16.0,14.33303749683264,1.66696250316736,10.418515644796
11.0,14.746460357107056,3.746460357107056,34.05873051915505
18.0,14.756332025447472,3.243667974552528,18.02037763640293
13.0,16.566147931489663,3.566147931489663,27.431907165305102
16.0,16.54202335093679,0.5420233509367911,3.3876459433549444
12.0,13.218622667061336,1.2186226670613358,10.155188892177797
10.0,13.900848133160247,3.900848133160247,39.008481331602475
21.0,14.093381025376205,6.906618974623795,32.888661783922835
16.0,13.774570203041034,2.2254297969589665,13.90893623099354
13.0,13.774773986791228,0.774773986791228,5.959799898394062
9.0,16.549357568842225,7.549357568842225,83.88175076491362
18.0,15.304307853482205,2.6956921465177945,14.976067480654415
17.0,12.778659219655891,4.221340780344109,24.831416354965345
14.0,13.17833321526809,0.8216667847319101,5.869048462370786
10.0,12.966612574395604,2.9666125743956044,29.666125743956044
10.0,12.95731421813592,2.95731421813592,29.573142181359202
14.0,13.105906643563534,0.8940933564364659,6.386381117403328
15.0,13.99424927330501,1.0057507266949894,6.705004844633263
13.0,14.94584275362518,1.9458427536251808,14.96802118173216
9.0,12.595490790209878,3.595490790209878,39.94989766899864
7.0,12.931353655451552,5.931353655451552,84.73362364930789
9.0,13.150818874783697,4.150818874783697,46.12020971981885
13.0,12.752483031430582,0.24751696856941763,1.9039766813032124
8.0,12.725322912292484,4.725322912292484,59.066536403656045
12.0,15.520995494683369,3.520995494683369,29.341629122361407
8.0,15.98078831634739,7.98078831634739,99.75985395434238
23.0,12.878171175253032,10.121828824746968,44.00795141194334
8.0,11.679619343284502,3.679619343284502,45.99524179105627
15.0,12.052648069331505,2.9473519306684945,19.649012871123297
12.0,12.47228394744051,0.47228394744050917,3.935699562004243
8.0,11.574795705495832,3.5747957054958324,44.684946318697904
13.0,14.712692226036985,1.7126922260369852,13.174555584899887
22.0,14.240721566355575,7.759278433644425,35.26944742565648
14.0,13.126671301738998,0.8733286982610018,6.238062130435727
15.0,12.471625658646495,2.528374341353505,16.8558289423567
15.0,12.382796137705547,2.6172038622944527,17.448025748629682
16.0,12.532008308455037,3.467991691544963,21.67494807215602
19.0,12.555667907373282,6.444332092626718,33.917537329614305
15.0,14.972291213960325,0.02770878603967475,0.18472524026449832
16.0,15.767559654839067,0.23244034516093315,1.4527521572558322
17.0,12.194680470771557,4.805319529228443,28.266585466049666
17.0,12.246552122628247,4.7534478773717534,27.961458102186786
12.0,12.275648894862979,0.2756488948629787,2.297074123858156
7.0,12.362264789701223,5.362264789701223,76.60378271001747
10.0,12.467547023893452,2.4675470238934523,24.675470238934523
18.0,16.833335529034997,1.166664470965003,6.481469283138905
15.0,17.09930522888971,2.0993052288897083,13.995368192598054
7.0,13.096621639377732,6.096621639377732,87.09459484825331
14.0,12.049257993008062,1.9507420069919377,13.93387147851384
5.0,12.454074149825017,7.454074149825017,149.0814829965003
10.0,12.241386598766633,2.241386598766633,22.41386598766633
11.0,11.841332653607056,0.841332653607056,7.648478669155055
13.0,17.733887629007857,4.733887629007857,36.41452022313736
15.0,17.230324204842017,2.2303242048420167,14.86882803228011
7.0,11.920312696394328,4.920312696394328,70.29018137706183
10.0,12.116650644796563,2.1166506447965627,21.166506447965627
9.0,12.084412699775978,3.084412699775978,34.27125221973309
17.0,12.364132576728634,4.635867423271366,27.269808372184507
14.0,11.944115156141137,2.0558848438588626,14.684891741849018
19.0,18.158742006693615,0.8412579933063853,4.427673648980975
18.0,19.10977544215045,1.1097754421504504,6.165419123058058
18.0,12.12234170764604,5.87765829235396,32.65365717974422
15.0,12.45594531430707,2.544054685692929,16.960364571286192
12.0,12.170414583939838,0.17041458393983788,1.4201215328319825
18.0,12.15258074225296,5.84741925774704,32.48566254303911
15.0,12.274013222986111,2.7259867770138886,18.17324518009259
15.0,18.042220591497085,3.0422205914970846,20.281470609980566
22.0,17.577877192400003,4.422122807599997,20.100558216363627
10.0,12.644029452517382,2.6440294525173815,26.44029452517381
10.0,12.259844363416054,2.259844363416054,22.59844363416054
19.0,12.440423315269348,6.5595766847306525,34.52408781437185
9.0,12.188146527809579,3.188146527809579,35.42385030899532
10.0,12.425988372589707,2.425988372589707,24.25988372589707
8.0,14.845296041739664,6.8452960417396636,85.5662005217458
9.0,14.419543212959876,5.419543212959876,60.21714681066529
18.0,12.203304291231095,5.796695708768905,32.20386504871613
13.0,11.739808075043292,1.2601919249567075,9.69378403812852
13.0,12.072508033832834,0.9274919661671657,7.134553585901274
14.0,12.768192777026956,1.2318072229730443,8.79862302123603
9.0,11.50348811611545,2.5034881161154505,27.816534623505007
12.0,15.441655470150648,3.441655470150648,28.6804622512554
14.0,16.017658916170756,2.017658916170756,14.411849401219687
15.0,12.49803726693377,2.5019627330662306,16.67975155377487
10.0,13.05653052859954,3.0565305285995397,30.565305285995397
7.0,12.497788853039404,5.497788853039404,78.53984075770578
12.0,12.186521627301497,0.1865216273014969,1.5543468941791407
17.0,12.185568486905872,4.814431513094128,28.320185371141932
15.0,14.705977597574796,0.2940224024252043,1.9601493495013618
8.0,14.392774136395314,6.392774136395314,79.90967670494142
15.0,11.304921030788623,3.6950789692113766,24.63385979474251
10.0,11.617543071738242,1.6175430717382415,16.175430717382415
11.0,12.022782599840847,1.0227825998408466,9.298023634916786
2.0,12.192583562572228,10.192583562572228,509.6291781286114
14.0,12.36277482632474,1.6372251736752599,11.694465526251856
13.0,14.764754645299648,1.7647546452996483,13.575035733074218
14.0,14.7406554744352,0.7406554744352007,5.290396245965719
12.0,13.013178349847157,1.0131783498471574,8.443152915392977
12.0,12.642739168800913,0.6427391688009134,5.356159740007612
11.0,12.128697743417195,1.1286977434171952,10.260888576519957
8.0,11.252141180711755,3.252141180711755,40.65176475889694
13.0,13.18008478600277,0.18008478600276945,1.3852675846366882
17.0,16.61697414622415,0.38302585377585174,2.25309325750501
20.0,16.624304834054836,3.3756951659451637,16.87847582972582
12.0,12.153090522026082,0.15309052202608164,1.2757543502173472
10.0,12.281890502364268,2.281890502364268,22.81890502364268
18.0,10.547026504365771,7.452973495634229,41.40540830907905
6.0,11.197816516599495,5.197816516599495,86.63027527665825
12.0,10.878565924042636,1.1214340759573638,9.345283966311364
18.0,17.746484911058445,0.2535150889415547,1.408417160786415
17.0,17.863997354497357,0.8639973544973572,5.082337379396218
7.0,12.684227623754305,5.684227623754305,81.20325176791864
9.0,12.400326500216694,3.4003265002166945,37.78140555796327
9.0,12.638196088804575,3.638196088804575,40.4244009867175
10.0,11.932334292613294,1.9323342926132945,19.323342926132945
16.0,12.58155173823394,3.418448261766059,21.36530163603787
14.0,17.733775460650442,3.733775460650442,26.66982471893173
17.0,18.209677553927545,1.2096775539275448,7.1157503172208525
8.0,11.956431396075878,3.956431396075878,49.45539245094848
12.0,12.6293463952656,0.6293463952655998,5.2445532938799975
13.0,12.827133228323786,0.17286677167621356,1.329744397509335
14.0,12.90347089800662,1.0965291019933794,7.832350728524139
9.0,12.185265568704295,3.1852655687042954,35.39183965226995
16.0,17.983986059029327,1.983986059029327,12.399912868933294
13.0,17.890380291005282,4.8903802910052825,37.618309930809865
13.0,12.054253113068642,0.9457468869313583,7.274976053318142
11.0,12.783788629537126,1.783788629537126,16.216260268519324
9.0,12.568248338890108,3.5682483388901076,39.64720376544564
7.0,12.047333565424756,5.047333565424756,72.10476522035366
15.0,12.395908214509541,2.604091785490459,17.360611903269728
11.0,16.771284117407642,5.771284117407642,52.46621924916038
12.0,16.271817460317457,4.2718174603174575,35.59847883597882
11.0,11.903629804506638,0.9036298045066378,8.214816404605797
11.0,12.074927622717684,1.0749276227176843,9.772069297433493
12.0,12.4420142789575,0.44201427895749923,3.683452324645827
10.0,12.262874823380479,2.2628748233804785,22.628748233804785
6.0,13.465829064901506,7.465829064901506,124.43048441502509
16.0,15.067993987493988,0.9320060125060117,5.825037578162573
12.0,15.05299993524993,3.0529999352499306,25.441666127082758
10.0,11.828981320604237,1.8289813206042371,18.28981320604237
8.0,12.046950099722364,4.046950099722364,50.586876246529556
13.0,11.93546891610018,1.0645310838998192,8.188700645383225
15.0,11.330473156377455,3.6695268436225454,24.46351229081697
12.0,11.08825186212012,0.9117481378798793,7.597901148998994
10.0,14.394331533171083,4.3943315331710835,43.943315331710835
17.0,14.387654882154878,2.6123451178451216,15.366735987324246
16.0,10.604266971475006,5.395733028524994,33.72333142828121
8.0,10.293964123864242,2.2939641238642423,28.67455154830303
14.0,10.768684495529307,3.231315504470693,23.08082503193352
10.0,12.107405753215666,2.107405753215666,21.074057532156658
14.0,12.062944304406223,1.9370556955937772,13.836112111384121
13.0,13.91332101128556,0.9133210112855608,7.0255462406581595
17.0,13.91608730517686,3.0839126948231392,18.140662910724348
9.0,11.957020195685246,2.9570201956852458,32.855779952058285
11.0,11.345655729581772,0.3456557295817717,3.1423248143797426
12.0,11.38306775374682,0.6169322462531799,5.141102052109833
10.0,11.072639302777302,1.0726393027773025,10.726393027773025
12.0,12.524086886016256,0.5240868860162564,4.367390716802136
17.0,14.633574470899472,2.3664255291005283,13.920150171179579
11.0,14.797324786324792,3.7973247863247916,34.52113442113447
15.0,11.292998882845156,3.707001117154844,24.713340781032294
14.0,11.548665952849207,2.4513340471507927,17.50952890821995
9.0,11.70380555795744,2.7038055579574394,30.042283977304884
21.0,11.198682431482524,9.801317568517476,46.67294080246417
16.0,12.198248645921636,3.8017513540783643,23.760945962989776
21.0,15.438812271062277,5.561187728937723,26.481846328274873
18.0,15.82545608465609,2.174543915343911,12.080799529688393
16.0,12.59559571719439,3.4044042828056096,21.27752676753506
15.0,12.998542041051703,2.001457958948297,13.343053059655313
13.0,13.099597321616043,0.09959732161604329,0.7661332432003329
22.0,13.754977395040447,8.245022604959553,37.47737547708888
10.0,14.265350473471829,4.265350473471829,42.65350473471828
21.0,15.97636948151199,5.023630518488011,23.922050088038148
13.0,15.781299616054179,2.781299616054179,21.39461243118599
14.0,14.214924418290924,0.21492441829092357,1.5351744163637397
12.0,12.823133461811477,0.8231334618114765,6.859445515095637
7.0,12.875522031759834,5.875522031759834,83.93602902514048
12.0,14.665808879325487,2.6658088793254873,22.21507399437906
12.0,14.440891400084029,2.4408914000840287,20.340761667366905
11.0,17.592011115915763,6.5920111159157635,59.927373781052395
16.0,17.930869824333303,1.9308698243333033,12.067936402083145
13.0,14.351945845683616,1.3519458456836162,10.399583428335509
13.0,13.73854777959708,0.7385477795970807,5.68113676613139
13.0,15.605714451447206,2.6057144514472057,20.04395731882466
11.0,15.060913179385771,4.060913179385771,36.91739253987065
13.0,15.770970060635355,2.7709700606353547,21.31515431257965
10.0,16.281829949527218,6.281829949527218,62.81829949527218
17.0,16.536531323884606,0.46346867611539366,2.726286330090551
11.0,13.99662438859206,2.9966243885920605,27.24203989629146
10.0,14.757861448657406,4.7578614486574065,47.57861448657407
14.0,14.93713638370776,0.9371363837077595,6.693831312198283
17.0,14.309108345715343,2.6908916542846573,15.828774436968573
11.0,14.49665475522999,3.49665475522999,31.78777050209082
19.0,17.988397218301973,1.011602781698027,5.324225166831722
17.0,18.074449504199496,1.074449504199496,6.3202912011735055
12.0,15.222971861496468,3.222971861496468,26.8580988458039
15.0,14.821572702531515,0.17842729746848462,1.1895153164565642
12.0,14.30454362495461,2.3045436249546096,19.20453020795508
19.0,15.299259660525589,3.700740339474411,19.477580734075847
14.0,15.281503022470712,1.2815030224707122,9.153593017647944
17.0,16.385949801712204,0.6140501982877957,3.6120599899282104
19.0,15.902132443281316,3.0978675567186844,16.304566087993074
18.0,15.165493549703736,2.8345064502962636,15.747258057201464
15.0,13.896357293017472,1.1036427069825283,7.357618046550189
15.0,13.189118441946732,1.8108815580532678,12.072543720355117
9.0,14.924819946100978,5.924819946100978,65.83133273445532
16.0,14.021148916018946,1.9788510839810538,12.367819274881587
13.0,15.580864948666273,2.5808649486662727,19.852807297432868
18.0,16.205226544354588,1.7947734556454122,9.970963642474512
12.0,15.370175529093283,3.3701755290932827,28.08479607577736
14.0,13.808270519630666,0.19172948036933413,1.3694962883523867
21.0,14.50326109067244,6.49673890932756,30.936851949178855
8.0,14.5729752532222,6.5729752532222,82.1621906652775
15.0,15.197323510166719,0.19732351016671856,1.3154900677781238
14.0,17.24490402962422,3.2449040296242195,23.17788592588728
21.0,17.53651979509588,3.463480204904119,16.492762880495807
12.0,14.760234230805285,2.7602342308052847,23.001951923377373
14.0,14.893306466165038,0.8933064661650381,6.380760472607415
9.0,13.671734907360085,4.671734907360085,51.90816563733427
18.0,14.712849641411598,3.287150358588402,18.261946436602233
12.0,14.791585986312239,2.7915859863122385,23.263216552601985
23.0,19.51852860616041,3.481471393839591,15.136832147128656
19.0,19.77584451992583,0.7758445199258297,4.083392210135946
10.0,14.23066575441753,4.2306657544175295,42.306657544175295
17.0,14.493413076121232,2.5065869238787677,14.744628963992751
25.0,15.017353524690625,9.982646475309375,39.9305859012375
22.0,15.066834805091942,6.933165194908058,31.514387249582082
16.0,14.57606476728735,1.4239352327126493,8.899595204454059
34.0,20.32747727272727,13.672522727272732,40.213302139037445
22.0,21.75677397168099,0.24322602831901108,1.105572855995505
18.0,16.2293747935395,1.770625206460501,9.836806702558338
9.0,15.94691463782305,6.946914637823051,77.18794042025611
22.0,16.993519894000272,5.006480105999728,22.75672775454422
17.0,17.62818654273242,0.6281865427324185,3.6952149572495205
19.0,17.641053204553753,1.358946795446247,7.152351554980248
24.0,24.073729140140905,0.07372914014090526,0.3072047505871053
25.0,25.225223467164643,0.2252234671646427,0.9008938686585708
23.0,16.002846934326442,6.997153065673558,30.4224046333633
17.0,16.12719466708998,0.8728053329100192,5.1341490171177595
12.0,15.696042156586506,3.696042156586506,30.800351304887545
19.0,15.824217167122637,3.1757828328773634,16.714646488828226
6.0,16.602788920651093,10.602788920651093,176.7131486775182
23.0,24.120138651218056,1.1201386512180562,4.870168048774158
28.0,24.582164314443734,3.417835685556266,12.206556019843807
11.0,16.82349682287829,5.82349682287829,52.940880207984456
20.0,17.039824749737914,2.960175250262086,14.800876251310429
16.0,16.569084985055735,0.5690849850557349,3.556781156598343
20.0,17.10219051022172,2.897809489778279,14.489047448891396
17.0,16.589101409341673,0.4108985906583271,2.4170505332842773
21.0,23.859717498550832,2.8597174985508325,13.617702374051582
20.0,24.875391654641653,4.875391654641653,24.376958273208267
12.0,16.290139889881015,4.290139889881015,35.75116574900846
14.0,17.12061986633294,3.120619866332941,22.29014190237815
17.0,16.657145727795566,0.3428542722044341,2.016789836496671
18.0,16.046661916775882,1.9533380832241178,10.851878240133988
18.0,18.06152323284699,0.061523232846990794,0.3417957380388378
20.0,19.205224686594303,0.7947753134056974,3.973876567028487
15.0,19.39465225401038,4.394652254010381,29.297681693402545
20.0,17.513188207500125,2.486811792499875,12.434058962499375
14.0,17.097403775417362,3.0974037754173622,22.12431268155259
11.0,16.251655587313916,5.251655587313916,47.7423235210356
14.0,16.608390074560212,2.608390074560212,18.63135767543009
13.0,16.6541169041387,3.6541169041387,28.10859157029769
17.0,18.315941989416235,1.3159419894162347,7.7408352318602045
15.0,18.074699564085563,3.074699564085563,20.497997093903752
10.0,16.571267569020566,6.571267569020566,65.71267569020567
11.0,16.911465342138424,5.911465342138424,53.740594019440216
18.0,16.28706688455226,1.7129331154477399,9.516295085820776
17.0,17.030450990648884,0.030450990648883902,0.17912347440519943
18.0,16.533561616793545,1.4664383832064551,8.146879906702528
15.0,17.611240193154103,2.611240193154103,17.40826795436069
21.0,16.96901280205685,4.030987197943151,19.195177133062625
22.0,16.20412184631521,5.795878153684789,26.344900698567226
16.0,16.438946111635634,0.4389461116356337,2.7434131977227105
21.0,16.08125201562509,4.91874798437491,23.422609449404337
15.0,16.363647457512705,1.3636474575127053,9.090983050084702
10.0,16.32026798294856,6.320267982948561,63.20267982948561
20.0,17.270664445306053,2.7293355546939466,13.646677773469735
11.0,17.586505649304364,6.586505649304364,59.877324084585126
21.0,15.409191954146904,5.590808045853096,26.622895456443317
19.0,16.186199156840704,2.813800843159296,14.809478121891031
18.0,16.401133992042983,1.5988660079570174,8.882588933094542
15.0,16.94341153029466,1.9434115302946608,12.956076868631072
17.0,16.194589998299502,0.8054100017004977,4.737705892355868
17.0,18.57696549312547,1.5769654931254706,9.276267606620415
15.0,18.970633275773146,3.970633275773146,26.470888505154306
16.0,16.02539630815393,0.02539630815392968,0.1587269259620605
14.0,15.804529380772319,1.804529380772319,12.889495576945137
11.0,15.64735910596507,4.647359105965069,42.248719145136995
14.0,16.277261201611,2.277261201611001,16.266151440078577
13.0,16.07038189837562,3.0703818983756186,23.618322295197068
23.0,17.478792382674488,5.521207617325512,24.005250510110923
21.0,16.71663393012041,4.283366069879591,20.396981285140907
8.0,16.193761950257052,8.193761950257052,102.42202437821315
13.0,16.419799388351898,3.4197993883518976,26.306149141168444
9.0,15.619045106499085,6.619045106499085,73.54494562776762
17.0,16.085161825487052,0.9148381745129477,5.381401026546751
21.0,16.806872384970728,4.1931276150292724,19.96727435728225
18.0,17.82748940642964,0.1725105935703617,0.9583921865020094
17.0,18.714499811267125,1.7144998112671246,10.085293007453675
14.0,15.199777617327214,1.1997776173272143,8.569840123765816
17.0,15.49687207723939,1.5031279227606102,8.841928957415353
13.0,15.125584830704348,2.125584830704348,16.350652543879598
15.0,15.504299304024414,0.5042993040244141,3.361995360162761
17.0,15.402108034583023,1.5978919654169772,9.399364502452807
14.0,18.499587524491275,4.499587524491275,32.139910889223394
24.0,18.42027969606401,5.579720303935989,23.24883459973329
20.0,15.758716071868985,4.241283928131015,21.206419640655074
19.0,14.890671367452937,4.109328632547063,21.62804543445823
13.0,15.347489725071936,2.347489725071936,18.057613269784127
17.0,15.60783837542453,1.3921616245754702,8.18918602691453
18.0,16.278775641002927,1.7212243589970733,9.56235754998374
17.0,19.957139617276102,2.957139617276102,17.394938925153543
18.0,19.876649636612676,1.876649636612676,10.425831314514866
23.0,14.204815954152743,8.795184045847257,38.239930634118515
17.0,13.916229732757923,3.083770267242077,18.13982510142398
14.0,14.257967698218554,0.2579676982185539,1.8426264158468135
13.0,13.970506134647515,0.9705061346475148,7.465431804980883
13.0,14.883760857246534,1.8837608572465339,14.490468132665645
19.0,20.56237112178292,1.5623711217829204,8.223005904120633
24.0,20.26926498038999,3.730735019610009,15.544729248375036
20.0,14.32998096845892,5.670019031541081,28.3500951577054
18.0,13.654532404371633,4.345467595628367,24.141486642379817
13.0,13.880173687855109,0.880173687855109,6.770566829654684
22.0,14.16365928377406,7.836340716225941,35.61973052829973
13.0,13.931994084306853,0.9319940843068526,7.169185263898867
13.0,19.72102455695468,6.721024556954681,51.7001888996514
26.0,20.792384717134723,5.207615282865277,20.02928954948183
28.0,13.84472941645575,14.15527058354425,50.55453779837232
20.0,13.95724973310225,6.04275026689775,30.213751334488748
12.0,14.254747749690951,2.254747749690951,18.789564580757926
12.0,15.584044009543259,3.584044009543259,29.867033412860494
11.0,14.616199270791798,3.616199270791798,32.87453882537998
20.0,19.181798365753046,0.8182016342469538,4.091008171234769
30.0,22.097441519101828,7.902558480898172,26.341861602993905
18.0,16.643702275279804,1.3562977247201964,7.534987359556647
12.0,16.45284817064169,4.4528481706416905,37.107068088680755
6.0,15.765208014551266,9.765208014551266,162.75346690918778
15.0,15.874034732851888,0.8740347328518876,5.826898219012584
17.0,16.2844875198435,0.7155124801565016,4.208896942097068
16.0,23.999037920533016,7.999037920533016,49.993987003331355
26.0,25.401018518518526,0.5989814814814736,2.3037749287748985
15.0,15.846695422537538,0.8466954225375378,5.644636150250252
15.0,16.237318218778775,1.2373182187787748,8.248788125191831
14.0,16.17561588485667,2.1756158848566685,15.540113463261918
13.0,15.694176666477084,2.694176666477084,20.72443589597757
17.0,15.498032370856299,1.5019676291437012,8.8351037008453
15.0,18.39945186741363,3.3994518674136316,22.663012449424212
21.0,19.5346216931217,1.4653783068783,6.977991937515713
18.0,14.926967579355878,3.0730324206441217,17.07240233691179
9.0,15.490795343950207,6.490795343950207,72.11994826611341
18.0,14.886760047160633,3.1132399528393666,17.295777515774258
10.0,15.303934459809737,5.303934459809737,53.03934459809737
21.0,15.533179448347555,5.466820551652445,26.032478817392597
19.0,15.764249025632928,3.235750974367072,17.030268286142483
11.0,16.482515734552116,5.482515734552116,49.84105213229197
11.0,14.608285287488163,3.6082852874881635,32.80259352261967
14.0,14.391667785192382,0.3916677851923822,2.797627037088444
20.0,13.708010065021172,6.291989934978828,31.45994967489414
14.0,13.837648056085785,0.16235194391421537,1.1596567422443955
12.0,14.155477727046382,2.1554777270463816,17.96231439205318
18.0,17.882929429705726,0.11707057029427403,0.6503920571904114
16.0,16.607084247313217,0.6070842473132174,3.794276545707609
18.0,14.922703685623638,3.077296314376362,17.096090635424233
14.0,13.485371207706315,0.514628792293685,3.6759199449548925
15.0,13.691979014501358,1.3080209854986418,8.720139903324279
15.0,13.412172612782507,1.5878273872174926,10.585515914783285
14.0,13.96580250621931,0.034197493780689925,0.24426781271921377
16.0,16.553319974669925,0.5533199746699253,3.4582498416870333
15.0,15.907179179815072,0.9071791798150723,6.047861198767149
15.0,13.959187644884127,1.0408123551158734,6.9387490341058236
20.0,14.304468921869042,5.6955310781309585,28.477655390654792
15.0,14.47370593314414,0.5262940668558596,3.508627112372397
18.0,14.697527796275114,3.3024722037248857,18.347067798471585
21.0,16.81921157901469,4.180788420985309,19.90851629040623
17.0,17.117694489424764,0.11769448942476401,0.6923205260280236
14.0,17.68050390006907,3.68050390006907,26.28931357192193
13.0,16.560418313443428,3.560418313443428,27.38783318033406
10.0,16.22963699475168,6.229636994751679,62.296369947516794
8.0,16.794886808080303,8.794886808080303,109.93608510100378
20.0,17.052249705766123,2.9477502942338774,14.738751471169387
13.0,15.948903976673162,2.9489039766731615,22.683876743639704
13.0,16.329388352758066,3.329388352758066,25.61067963660051
18.0,15.858761642403492,2.1412383575965084,11.895768653313937
13.0,16.55887164581847,3.5588716458184706,27.37593573706516
16.0,15.877337705160445,0.12266229483955549,0.7666393427472218
16.0,13.845473357902328,2.1545266420976716,13.465791513110448
11.0,13.978049324175444,2.978049324175444,27.07317567432222
15.0,13.804222740875954,1.1957772591240463,7.971848394160309
12.0,15.681014136922773,3.681014136922773,30.675117807689773
18.0,16.401284029542104,1.5987159704578957,8.881755391432753
7.0,13.646782157849179,6.646782157849179,94.95403082641684
14.0,13.3075849817951,0.6924150182048994,4.945821558606424
11.0,14.138483485598163,3.1384834855981634,28.531668050892396
15.0,13.446600104963398,1.553399895036602,10.355999300244013
5.0,14.04497821964176,9.04497821964176,180.8995643928352
16.0,16.05192768670037,0.0519276867003704,0.324548041877315
18.0,17.62482360090465,0.3751763990953485,2.0843133283074917
12.0,13.904039059165108,1.9040390591651075,15.866992159709229
10.0,13.329728719224669,3.3297287192246685,33.297287192246685
14.0,13.093738148655376,0.9062618513446239,6.473298938175885
18.0,12.286949371688031,5.713050628311969,31.739170157288715
9.0,13.059781371973296,4.059781371973296,45.1086819108144
14.0,15.486397488072349,1.486397488072349,10.617124914802492
15.0,15.969712049223256,0.969712049223256,6.464746994821708
16.0,12.589031616716502,3.410968383283498,21.318552395521863
15.0,12.691883150853181,2.3081168491468187,15.387445660978791
14.0,12.452864472712504,1.5471355272874963,11.050968052053545
15.0,12.452277982650015,2.547722017349985,16.9848134489999
13.0,12.19755908678175,0.8024409132182502,6.172622409371155
17.0,15.765187265200854,1.2348127347991458,7.263604322347916
13.0,16.159165049280677,3.159165049280677,24.30126960985136
14.0,11.871508149643732,2.1284918503562675,15.203513216830483
6.0,12.867118169468432,6.867118169468432,114.45196949114053
9.0,12.44273582724987,3.4427358272498694,38.25262030277632
19.0,12.334379012223298,6.665620987776702,35.082215725140536
11.0,12.446894234978306,1.4468942349783056,13.153583954348234
10.0,16.545509202100394,6.545509202100394,65.45509202100395
9.0,17.31347997971044,8.31347997971044,92.37199977456044
9.0,12.023777150194137,3.023777150194137,33.59752389104597
8.0,12.175887137351753,4.1758871373517525,52.198589216896906
18.0,11.926716178599657,6.073283821400343,33.740465674446355
12.0,11.9728712911674,0.02712870883260088,0.22607257360500732
12.0,12.523580254579889,0.5235802545798887,4.363168788165739
17.0,17.081419531153472,0.08141953115347178,0.478938418549834
11.0,15.873463319826776,4.873463319826776,44.30421199842524
15.0,11.842725703934132,3.157274296065868,21.048495307105785
15.0,12.35133126103389,2.6486687389661103,17.6577915931074
16.0,12.631274819455234,3.368725180544766,21.05453237840479
11.0,12.676119479212574,1.6761194792125735,15.237449811023396
9.0,12.633758090313261,3.633758090313261,40.37508989236957
17.0,16.51986852279352,0.48013147720648064,2.8243028070969447
11.0,16.501842127572974,5.501842127572974,50.01674661429977
12.0,12.449338371255662,0.4493383712556618,3.7444864271305147
10.0,12.190022615799059,2.1900226157990588,21.900226157990588
14.0,12.181749922726777,1.8182500772732233,12.987500551951594
9.0,12.199345542960339,3.199345542960339,35.54828381067043
13.0,11.873902826143999,1.1260971738560013,8.662285952738472
8.0,14.886500000000002,6.886500000000002,86.08125000000003
11.0,15.903093999774855,4.903093999774855,44.57358181613505
12.0,11.695632759032362,0.3043672409676379,2.5363936747303155
14.0,11.39684768287095,2.60315231712905,18.593945122350355
13.0,12.082613835209198,0.9173861647908019,7.056816652236939
13.0,11.666697573455258,1.3333024265447424,10.256172511882635
7.0,12.697518449696613,5.697518449696613,81.39312070995162
6.0,14.289078788134647,8.289078788134647,138.15131313557745
16.0,14.26682987038572,1.7331701296142796,10.832313310089248
12.0,11.776737597702999,0.22326240229700112,1.860520019141676
10.0,11.84920823770685,1.8492082377068506,18.492082377068506
11.0,11.691488679856539,0.6914886798565387,6.286260725968535
11.0,11.494927103460714,0.49492710346071433,4.499337304188312
5.0,11.349575519955811,6.3495755199558115,126.99151039911622
13.0,14.170416905973955,1.1704169059739549,9.003206969030423
14.0,13.647192530361036,0.3528074696389645,2.520053354564032
10.0,11.800331499835956,1.8003314998359556,18.003314998359556
13.0,11.875061462385808,1.1249385376141916,8.653373366263011
8.0,11.746759753152327,3.746759753152327,46.83449691440409
10.0,11.793338105704105,1.7933381057041053,17.933381057041053
9.0,9.881520754044692,0.8815207540446917,9.79467504494102
16.0,13.657369476709027,2.342630523290973,14.64144077056858
9.0,13.972761160804657,4.972761160804657,55.25290178671841
21.0,11.134970147021068,9.865029852978932,46.97633263323301
8.0,11.029101495674382,3.0291014956743822,37.86376869592978
9.0,10.946610078692684,1.946610078692684,21.629000874363157
16.0,10.454079392640935,5.545920607359065,34.66200379599415
14.0,10.395036057182926,3.604963942817074,25.749742448693386
17.0,15.238054189339397,1.7619458106606025,10.364387121532955
16.0,16.026534893755485,0.026534893755485456,0.1658430859717841
13.0,11.075990189853544,1.9240098101464564,14.800075462665049
12.0,11.361491217625437,0.6385087823745632,5.320906519788027
16.0,10.689167409387201,5.310832590612799,33.192703691329996
10.0,10.846174235600182,0.8461742356001825,8.461742356001825
10.0,11.007318524767054,1.0073185247670544,10.073185247670544
17.0,17.19995119695119,0.19995119695119,1.1761835114775883
24.0,17.48414971139971,6.515850288600291,27.149376202501212
10.0,12.508147126656809,2.5081471266568087,25.08147126656809
19.0,11.770504938241697,7.229495061758303,38.04997400925423
9.0,11.570691445959204,2.570691445959204,28.5632382884356
11.0,12.223645816732075,1.2236458167320752,11.124052879382502
7.0,12.012224173468011,5.012224173468011,71.60320247811444
25.0,18.235261840011848,6.764738159988152,27.05895263995261
20.0,18.689263736263737,1.3107362637362634,6.553681318681318
9.0,12.532372169707438,3.532372169707438,39.24857966341598
13.0,11.710379431016015,1.2896205689839846,9.920158222953727
8.0,12.288388222601217,4.288388222601217,53.60485278251521
12.0,11.843271650052579,0.15672834994742146,1.3060695828951787
12.0,12.107437933187514,0.10743793318751393,0.8953161098959495
21.0,17.418450592581408,3.581549407418592,17.054997178183772
6.0,17.962017511017507,11.962017511017507,199.36695851695845
14.0,12.905696346117693,1.0943036538823065,7.816454670587904
10.0,11.667473161188346,1.6674731611883455,16.674731611883455
8.0,12.283798857033998,4.283798857033998,53.54748571292498
12.0,12.058730504823702,0.05873050482370168,0.48942087353084734
13.0,13.252440600603878,0.25244060060387774,1.9418507738759825
10.0,16.75457584098677,6.754575840986771,67.5457584098677
23.0,16.254613414320076,6.745386585679924,29.327767763825758
11.0,12.346454838707515,1.3464548387075155,12.240498533704686
11.0,13.006799437498541,2.0067994374985414,18.243631249986738
12.0,12.189821433371266,0.18982143337126622,1.5818452780938852
20.0,12.824055969165453,7.175944030834547,35.87972015417273
15.0,13.398840111194062,1.6011598888059382,10.674399258706254
19.0,15.406696577914333,3.5933034220856666,18.912123274135087
20.0,15.507650281618025,4.492349718381975,22.461748591909874
13.0,14.136641953596707,1.1366419535967065,8.743399643051589
12.0,13.074217234599463,1.0742172345994625,8.951810288328854
14.0,13.013884477889667,0.9861155221103335,7.043682300788097
8.0,14.158739087533867,6.158739087533867,76.98423859417333
15.0,14.204837952523404,0.7951620474765964,5.301080316510642
14.0,15.419881501028355,1.419881501028355,10.142010721631108
10.0,15.681056738616162,5.681056738616162,56.810567386161615
18.0,13.449671765516719,4.550328234483281,25.279601302684895
16.0,12.442526594816094,3.557473405183906,22.234208782399413
10.0,12.014201500672797,2.0142015006727974,20.142015006727974
12.0,11.99706002103293,0.0029399789670705445,0.02449982472558787
12.0,12.824661275991506,0.824661275991506,6.872177299929216
14.0,15.688500383661939,1.688500383661939,12.060717026156707
18.0,15.261614711873253,2.7383852881267465,15.213251600704147
9.0,12.560311820615288,3.560311820615288,39.55902022905875
12.0,12.882914326461606,0.8829143264616057,7.357619387180048
15.0,11.971666570343439,3.028333429656561,20.18888953104374
9.0,12.108725783919773,3.1087257839197733,34.54139759910859
16.0,11.827011288751862,4.172988711248138,26.08117944530086
15.0,14.943068022264649,0.05693197773535097,0.37954651823567315
12.0,16.396244287299012,4.396244287299012,36.6353690608251
20.0,12.684414032040548,7.315585967959452,36.57792983979726
15.0,11.611822137722939,3.388177862277061,22.587852415180407
6.0,13.243818087051363,7.243818087051363,120.73030145085603
6.0,15.183409204333099,9.183409204333099,153.05682007221833
4.0,11.20449047194404,7.204490471944039,180.11226179860097
9.0,12.085664156694614,3.085664156694614,34.28515729660682
7.0,11.313939832074896,4.313939832074896,61.62771188678422
9.0,11.732648209078006,2.7326482090780058,30.36275787864451
9.0,13.123329035361296,4.123329035361296,45.81476705956995
7.0,13.080081655548124,6.080081655548124,86.8583093649732
10.0,10.687474121557456,0.6874741215574556,6.874741215574557
8.0,9.786692199305978,1.7866921993059783,22.333652491324727
4.0,10.535202484665234,6.535202484665234,163.38006211663085
6.0,9.730194768851634,3.730194768851634,62.16991281419389
10.0,9.925599642550624,0.07440035744937568,0.7440035744937568
7.0,12.577026003660364,5.5770260036603645,79.67180005229092
7.0,10.995592077809466,3.995592077809466,57.07988682584951
3.0,10.162523275861803,7.162523275861803,238.7507758620601
8.0,9.60398001243257,1.6039800124325705,20.049750155407132
8.0,10.217511114047012,2.217511114047012,27.71888892558765
6.0,10.398360528723272,4.398360528723272,73.30600881205453
8.0,10.237905334364829,2.2379053343648287,27.973816679560358
6.0,10.09205423292614,4.09205423292614,68.20090388210232
3.0,9.731406186528094,6.731406186528094,224.38020621760316
5.0,9.632025613275609,4.632025613275609,92.64051226551217
8.0,9.871686507936504,1.871686507936504,23.3960813492063
2.0,10.066420387576887,8.066420387576887,403.32101937884437
11.0,9.920325149481648,1.0796748505183515,9.815225913803195
8.0,10.23560405643739,2.2356040564373902,27.945050705467377
11.0,10.137529450093409,0.8624705499065914,7.840641362787195
7.0,8.852886851710378,1.8528868517103785,26.469812167291124
8.0,8.269047619047619,0.269047619047619,3.3630952380952372
12.0,8.016178757788056,3.9838212422119437,33.198510351766195
13.0,7.627987600209984,5.372012399790016,41.32317230607704
9.0,7.687123618369058,1.3128763816309421,14.587515351454913
7.0,8.082241033522259,1.0822410335222585,15.460586193175121
6.0,8.781688179295072,2.781688179295072,46.36146965491787
6.0,8.884596638655466,2.8845966386554664,48.07661064425777
10.0,7.335034594838096,2.6649654051619036,26.649654051619038
11.0,7.55234967086054,3.44765032913946,31.342275719449635
15.0,6.872846687450786,8.127153312549215,54.18102208366143
6.0,6.763668534273374,0.763668534273374,12.727808904556234
5.0,6.987505700494688,1.9875057004946877,39.75011400989376
7.0,8.852655486545682,1.8526554865456824,26.466506950652608
0.0,9.673058577606675,9.673058577606675,
5.0,7.546041244085582,2.5460412440855817,50.92082488171164
11.0,7.224920463098727,3.7750795369012726,34.318904880920655
8.0,7.850584980852243,0.14941501914775657,1.867687739346957
12.0,8.344221842721844,3.6557781572781565,30.46481797731797
6.0,7.583844442594441,1.5838444425944411,26.397407376574016
12.0,9.274828919428412,2.725171080571588,22.70975900476323
10.0,7.791549918108845,2.208450081891155,22.08450081891155
6.0,6.955759920634922,0.9557599206349217,15.929332010582028
7.0,7.224311502416342,0.22431150241634157,3.204450034519165
14.0,7.046817200422041,6.953182799577959,49.665591425556855
13.0,7.263243758048301,5.736756241951699,44.128894168859226
10.0,7.127977212187559,2.8720227878124414,28.720227878124415
17.0,10.100600298621128,6.899399701378872,40.58470412575807
6.0,10.547550838988341,4.547550838988341,75.79251398313902
11.0,9.611055043522787,1.3889449564772125,12.626772331611022
6.0,9.511302183519929,3.5113021835199287,58.52170305866547
8.0,9.764286122427782,1.764286122427782,22.053576530347275
6.0,9.456424381174383,3.456424381174383,57.60707301957305
10.0,10.47434835045129,0.4743483504512902,4.743483504512902
12.0,12.148069381598793,0.14806938159879302,1.233911513323275
12.0,11.33570523594053,0.6642947640594699,5.535789700495583
14.0,10.812607804232798,3.1873921957672025,22.767087112622875
9.0,10.81181969600448,1.8118196960044806,20.13132995560534
5.0,10.556928430945225,5.556928430945225,111.1385686189045
12.0,10.537374777798696,1.4626252222013036,12.188543518344197
4.0,9.98875686231777,5.98875686231777,149.71892155794424
14.0,12.085297138778882,1.9147028612211177,13.676449008722269
18.0,12.458913540895283,5.541086459104717,30.78381366169287
4.0,9.675281404440444,5.675281404440444,141.8820351110111
10.0,9.849892763034063,0.15010723696593686,1.5010723696593686
9.0,10.069699545923076,1.0696995459230756,11.885550510256396
13.0,10.4280264990054,2.5719735009946003,19.78441154611231
7.0,9.936691547058498,2.9366915470584978,41.952736386549965
12.0,12.239915754424377,0.23991575442437707,1.9992979535364757
15.0,14.380421855921856,0.6195781440781438,4.1305209605209585
8.0,9.672558194370875,1.6725581943708754,20.906977429635944
13.0,9.092844231654013,3.907155768345987,30.05504437189221
8.0,10.120445158256537,2.120445158256537,26.50556447820671
8.0,10.48820902221062,2.4882090222106203,31.102612777632753
14.0,10.472509157509158,3.5274908424908418,25.196363160648872
11.0,14.549298840048833,3.5492988400488326,32.266353091353025
17.0,14.398802910052904,2.601197089947096,15.301159352629975
6.0,10.079416012183747,4.0794160121837475,67.99026686972913
6.0,10.748715540736,4.748715540736001,79.14525901226668
8.0,10.053033437747857,2.0530334377478567,25.66291797184821
6.0,10.884723874691616,4.884723874691616,81.4120645781936
7.0,10.951118625365773,3.9511186253657726,56.44455179093961
19.0,13.92608261183261,5.07391738816739,26.704828358775735
7.0,13.558138888888886,6.558138888888886,93.68769841269837
13.0,10.649479204956835,2.350520795043165,18.08092919263973
6.0,10.448787300100635,4.448787300100635,74.14645500167725
7.0,10.306834610905296,3.3068346109052964,47.24049444150423
13.0,11.07722861919994,1.9227713808000608,14.790549083077392
11.0,10.702333455756566,0.29766654424343386,2.706059493122126
6.0,14.581571428571424,8.581571428571424,143.0261904761904
9.0,13.369696321897933,4.3696963218979334,48.55218135442148
5.0,10.024489845944476,5.024489845944476,100.48979691888952
8.0,9.70773584673942,1.7077358467394195,21.346698084242743
6.0,10.249806643679763,4.249806643679763,70.83011072799606
13.0,10.650039879244515,2.349960120755485,18.07661631350373
14.0,10.055719761274215,3.944280238725785,28.17343027661275
14.0,13.378477707179314,0.6215222928206856,4.439444948719183
14.0,13.0841379766466,0.9158620233533998,6.541871595381428
5.0,9.734895513024544,4.734895513024544,94.69791026049087
14.0,9.208464162360931,4.791535837639069,34.22525598313621
7.0,9.50218997830597,2.502189978305969,35.7455711186567
7.0,9.861517060260825,2.861517060260825,40.878815146583214
6.0,9.563793910851736,3.563793910851736,59.39656518086226
8.0,14.03250121607783,6.032501216077829,75.40626520097287
7.0,14.518122895622891,7.518122895622891,107.40175565175558
12.0,9.623806158484063,2.3761938415159367,19.80161534596614
10.0,10.121681916598185,0.12168191659818461,1.2168191659818461
11.0,9.847971164021164,1.152028835978836,10.47298941798942
6.0,10.786449424214126,4.786449424214126,79.77415707023545
6.0,10.178399258693371,4.178399258693371,69.63998764488952
6.0,11.780777155306566,5.780777155306566,96.34628592177611
9.0,10.986931795188841,1.9869317951888412,22.07701994654268
5.0,9.078973475814365,4.078973475814365,81.5794695162873
20.0,9.971654780457428,10.028345219542572,50.141726097712855
15.0,10.804145257254302,4.1958547427456985,27.97236495163799
4.0,11.043844364714568,7.043844364714568,176.0961091178642
6.0,10.925102385196505,4.925102385196505,82.08503975327508
8.0,11.77923926944515,3.7792392694451493,47.24049086806437
13.0,10.430179729431272,2.5698202705687283,19.767848235144065
9.0,9.838212254702455,0.8382122547024551,9.313469496693944
9.0,9.994820679148855,0.9948206791488552,11.053563101653946
10.0,10.301430905695613,0.3014309056956126,3.014309056956126
11.0,9.408569530710835,1.5914304692891648,14.467549720810588
11.0,9.664914799253037,1.3350852007469634,12.137138188608757
12.0,10.139450435729845,1.8605495642701548,15.50457970225129
7.0,12.188192829909735,5.188192829909735,74.11704042728192
7.0,9.64122551361682,2.6412255136168206,37.731793051668866
9.0,10.042325810718554,1.0423258107185536,11.581397896872819
8.0,9.743202129933112,1.7432021299331115,21.790026624163893
9.0,10.080062791014518,1.0800627910145177,12.000697677939085
6.0,9.909548761423759,3.9095487614237587,65.1591460237293
12.0,12.36224374699375,0.36224374699374984,3.0186978916145817
15.0,11.161364015614017,3.8386359843859825,25.590906562573217
11.0,9.376756980648281,1.6232430193517189,14.756754721379261
11.0,9.69219374680168,1.3078062531983203,11.889147756348367
10.0,9.463796987920144,0.5362030120798558,5.362030120798558
12.0,9.650130604510235,2.3498693954897654,19.58224496241471
8.0,9.525619926595704,1.525619926595704,19.0702490824463
15.0,12.47485969215969,2.52514030784031,16.834268718935398
9.0,12.663242425376858,3.6632424253768576,40.70269361529842
10.0,9.570588227427718,0.4294117725722817,4.294117725722817
8.0,9.850046204635696,1.8500462046356958,23.125577557946198
6.0,10.03138684221981,4.03138684221981,67.18978070366349
10.0,10.21375036984453,0.21375036984452933,2.1375036984452933
12.0,10.3955693209681,1.6044306790318998,13.370255658599165
11.0,14.166714285714281,3.1667142857142814,28.788311688311648
11.0,14.6333835978836,3.6333835978836007,33.03075998076
11.0,9.934629931510335,1.0653700684896652,9.685182440815138
12.0,10.318027326839825,1.6819726731601747,14.016438943001456
6.0,10.170619727519728,4.170619727519728,69.51032879199546
2.0,10.027262811899824,8.027262811899824,401.3631405949912
13.0,9.679569600769598,3.3204303992304016,25.54177230177232
11.0,13.813649470899476,2.8136494708994757,25.5786315536316
12.0,14.253140211640211,2.2531402116402113,18.776168430335094
13.0,9.897329052195294,3.1026709478047056,23.866699598497735
12.0,10.125553607144049,1.8744463928559512,15.620386607132927
10.0,10.304131966213857,0.3041319662138573,3.041319662138573
10.0,9.5607223899395,0.4392776100605005,4.392776100605005
7.0,9.36735716253946,2.3673571625394594,33.81938803627799
7.0,14.178836700336696,7.178836700336696,102.55481000480995
15.0,13.827938853948286,1.172061146051714,7.813740973678093
7.0,9.675992394846439,2.675992394846439,38.228462783520555
7.0,9.789765900589298,2.7897659005892983,39.853798579847115
7.0,9.784955937971473,2.784955937971473,39.7850848281639
4.0,10.741050906607098,6.741050906607098,168.52627266517746
9.0,10.538126135660798,1.5381261356607983,17.090290396231094
10.0,13.18923316498317,3.18923316498317,31.8923316498317
13.0,14.782791005291001,1.782791005291001,13.71377696377693
7.0,10.055709120133999,3.055709120133999,43.6529874304857
7.0,9.970726352587583,2.970726352587583,42.43894789410833
10.0,9.78446786316489,0.21553213683510997,2.1553213683510997
11.0,9.758977502232895,1.241022497767105,11.282022706973681
8.0,9.613025911718923,1.613025911718923,20.162823896486536
6.0,12.581814616402115,6.581814616402115,109.69691027336859
15.0,12.05384792464879,2.9461520753512094,19.641013835674727
8.0,9.506909500010664,1.5069095000106643,18.836368750133303
9.0,9.892453267302608,0.8924532673026082,9.916147414473425
12.0,10.003644119494679,1.9963558805053214,16.63629900421101
8.0,10.475945575046737,2.4759455750467367,30.94931968808421
11.0,9.599790057657529,1.400209942342471,12.729181294022462
9.0,10.870382177476898,1.8703821774768983,20.78202419418776
9.0,11.384785676759615,2.3847856767596145,26.497618630662384
7.0,9.135654916921313,2.135654916921313,30.50935595601875
9.0,9.376129040270438,0.37612904027043825,4.179211558560425
10.0,9.497740291021541,0.5022597089784586,5.022597089784586
5.0,9.294593466734824,4.294593466734824,85.89186933469648
8.0,9.620062363415487,1.620062363415487,20.250779542693586
11.0,12.85679028203764,1.8567902820376396,16.879911654887632
8.0,12.639039345839342,4.6390393458393415,57.987991822991766
13.0,9.058704566671476,3.9412954333285235,30.31765717945018
5.0,9.942150134544681,4.942150134544681,98.84300269089363
3.0,9.589500970842888,6.589500970842888,219.65003236142962
8.0,9.42949891014705,1.4294989101470499,17.86873637683812
6.0,9.56638482477181,3.5663848247718093,59.43974707953016
16.0,11.637994535577144,4.362005464422856,27.262534152642846
7.0,10.17433510776064,3.1743351077606405,45.34764439658058
5.0,9.487064943003634,4.4870649430036345,89.74129886007269
7.0,9.489541957157478,2.4895419571574777,35.56488510224968
13.0,8.942505297658972,4.057494702341028,31.2114977103156
11.0,10.141176188523064,0.8588238114769364,7.807489195244877
5.0,8.96695258958032,3.9669525895803197,79.3390517916064
6.0,10.774218062848709,4.774218062848709,79.57030104747848
8.0,9.706319664902999,1.706319664902999,21.328995811287488
7.0,8.82563951362116,1.8256395136211605,26.080564480302293
7.0,9.132482617438177,2.1324826174381766,30.464037391973953
8.0,9.081835450468782,1.0818354504687822,13.522943130859776
5.0,9.752180360350799,4.752180360350799,95.04360720701598
7.0,9.519933244950407,2.5199332449504066,35.99904635643438
11.0,9.541415265798086,1.4585847342019136,13.259861220017397
8.0,9.440519761126291,1.440519761126291,18.006497014078636
6.0,9.492688973198035,3.4926889731980353,58.211482886633924
10.0,9.416514877232268,0.5834851227677316,5.834851227677316
5.0,9.421766521721013,4.421766521721013,88.43533043442025
7.0,8.95543456456898,1.9554345645689803,27.934779493842576
8.0,8.608438291925738,0.6084382919257383,7.6054786490717285
15.0,9.801116673922609,5.198883326077391,34.65922217384927
8.0,10.09034054074632,2.09034054074632,26.129256759329
2.0,8.527423823044577,6.527423823044577,326.37119115222885
18.0,8.673324825956835,9.326675174043165,51.81486207801759
7.0,7.879304443960709,0.8793044439607094,12.561492056581564
4.0,8.579464674758794,4.579464674758794,114.48661686896986
6.0,8.011095731702586,2.0110957317025857,33.5182621950431
11.0,9.960987338938113,1.0390126610618875,9.445569646017159
11.0,9.437969624933066,1.562030375066934,14.200276136972127
9.0,7.306447272655925,1.6935527273440751,18.81725252604528
16.0,8.943363290747735,7.056636709252265,44.103979432826655
10.0,9.384583318845467,0.6154166811545334,6.154166811545334
3.0,9.225951992451998,6.225951992451998,207.53173308173328
3.0,9.251949743682482,6.2519497436824825,208.39832478941608
13.0,9.377379656405973,3.6226203435940274,27.866310335338675
11.0,10.310911779745112,0.689088220254888,6.264438365953527
5.0,8.849923752748948,3.849923752748948,76.99847505497897
7.0,8.76659980701598,1.7665998070159805,25.237140100228295
2.0,8.758727002331607,6.758727002331607,337.93635011658034
3.0,9.015620546538235,6.015620546538235,200.52068488460785
10.0,8.796377061935887,1.2036229380641128,12.036229380641128
6.0,10.553776865535484,4.553776865535484,75.89628109225806
8.0,10.418139231668643,2.4181392316686434,30.226740395858045
7.0,9.379139663182354,2.379139663182354,33.98770947403363
2.0,10.067119483242127,8.067119483242127,403.35597416210635
6.0,9.343734126984135,3.3437341269841347,55.728902116402246
6.0,9.689191919191924,3.6891919191919236,61.48653198653206
12.0,9.931177185387714,2.068822814612286,17.24019012176905
14.0,10.107748314424015,3.892251685575985,27.801797754114183
16.0,9.747084183450982,6.252915816549018,39.080723853431365
5.0,9.16160891885892,4.161608918858921,83.23217837717841
6.0,7.831709033145813,1.8317090331458132,30.528483885763553
9.0,7.801048840944006,1.1989511590559943,13.321679545066603
11.0,7.5383691595143185,3.4616308404856815,31.46937127714256
4.0,7.851456245143745,3.851456245143745,96.28640612859363
8.0,8.754531746031743,0.7545317460317431,9.43164682539679
13.0,9.544597883597886,3.455402116402114,26.58001628001626
5.0,8.978974396727311,3.9789743967273115,79.57948793454624
10.0,7.556892375464917,2.4431076245350827,24.431076245350827
4.0,8.020927994554514,4.020927994554514,100.52319986386284
3.0,9.05928207753208,6.05928207753208,201.97606925106933
8.0,8.84904696767488,0.8490469676748802,10.613087095936002
8.0,9.544196528779864,1.5441965287798638,19.302456609748297
10.0,10.156832534915868,0.15683253491586768,1.5683253491586768
4.0,8.248801967724502,4.248801967724502,106.22004919311254
3.0,7.486698454255136,4.486698454255136,149.55661514183788
5.0,6.759336146508683,1.7593361465086828,35.18672293017365
8.0,6.7976829004329,1.2023170995671002,15.028963744588753
9.0,7.446357142857149,1.5536428571428509,17.262698412698345
9.0,7.3458734263820435,1.6541265736179565,18.379184151310625
9.0,8.249953031961656,0.7500469680383439,8.333855200426044
5.0,7.317364824942521,2.317364824942521,46.34729649885042
10.0,6.96241946016946,3.0375805398305404,30.375805398305406
6.0,6.625433681053247,0.6254336810532468,10.42389468422078
8.0,7.288022105672106,0.7119778943278936,8.89972367909867
3.0,6.911741968798909,3.911741968798909,130.39139895996362
9.0,8.864729169371572,0.13527083062842848,1.503009229204761
10.0,7.982149470899471,2.017850529100529,20.178505291005287
8.0,7.557709728472804,0.44229027152719613,5.528628394089951
5.0,8.679531270315312,3.6795312703153122,73.59062540630624
6.0,8.289782382084804,2.2897823820848036,38.163039701413396
6.0,8.597922567957138,2.597922567957138,43.29870946595229
11.0,7.697849096761292,3.302150903238708,30.019553665806438
7.0,8.479528780875338,1.479528780875338,21.136125441076256
8.0,8.439845588105179,0.4398455881051788,5.498069851314735
9.0,7.26258584775992,1.7374141522400803,19.304601691556446
8.0,7.008129185841008,0.9918708141589923,12.398385176987404
7.0,7.365664416002445,0.3656644160024447,5.223777371463496
4.0,6.247977616147347,2.247977616147347,56.199440403683674
10.0,7.495345870575203,2.5046541294247966,25.046541294247966
7.0,8.611731129981134,1.611731129981134,23.024730428301915
8.0,9.129781783998203,1.1297817839982027,14.122272299977535
9.0,7.567785099511507,1.4322149004884928,15.913498894316586
2.0,7.427937575071724,5.427937575071724,271.3968787535862
5.0,7.684969632097924,2.684969632097924,53.699392641958475
8.0,7.6271403311937895,0.37285966880621046,4.660745860077631
9.0,7.620359381359381,1.379640618640619,15.329340207117989
13.0,9.032247002997007,3.967752997002993,30.521176900023022
17.0,8.955334304584307,8.044665695415693,47.321562914209956
4.0,7.72214764113531,3.72214764113531,93.05369102838274
8.0,7.5616639646755885,0.43833603532441145,5.479200441555143
5.0,7.571525556278278,2.571525556278278,51.43051112556556
4.0,8.02966387937163,4.029663879371631,100.74159698429077
8.0,7.727331790983014,0.2726682090169863,3.4083526127123287
10.0,9.37875368978001,0.6212463102199894,6.212463102199894
6.0,8.512670687134506,2.5126706871345057,41.8778447855751
9.0,8.388039021164024,0.6119609788359757,6.799566431510841
9.0,7.847894425622688,1.1521055743773116,12.801173048636796
5.0,7.3316307529478975,2.3316307529478975,46.63261505895795
15.0,7.146622328069311,7.853377671930689,52.35585114620459
5.0,8.154672448370029,3.154672448370029,63.093448967400576
9.0,8.390201982228302,0.6097980177716984,6.775533530796649
5.0,8.823243849136217,3.823243849136217,76.46487698272433
3.0,7.24603638933528,4.24603638933528,141.534546311176
8.0,7.516501769888361,0.48349823011163906,6.043727876395488
11.0,7.006639562651153,3.993360437348847,36.303276703171335
4.0,8.801088635474995,4.801088635474995,120.02721588687488
9.0,7.867428258100794,1.1325717418992056,12.584130465546728
5.0,8.632633578544986,3.6326335785449864,72.65267157089973
15.0,8.76049958306713,6.23950041693287,41.59666944621913
10.0,6.782404735327275,3.217595264672725,32.17595264672725
6.0,7.042674235976482,1.0426742359764818,17.377903932941365
8.0,7.604744812073027,0.39525518792697323,4.940689849087166
4.0,6.932881296036805,2.932881296036805,73.32203240092012
9.0,7.499350728885856,1.5006492711141437,16.673880790157153
11.0,8.340139941846259,2.6598600581537415,24.180545983215833
8.0,8.840805996036977,0.8408059960369769,10.510074950462212
5.0,8.253921334021287,3.253921334021287,65.07842668042574
7.0,9.224244725968283,2.2242447259682834,31.774924656689763
7.0,8.820972827616984,1.820972827616984,26.01389753738549
9.0,9.029930755267696,0.02993075526769573,0.33256394741884143
8.0,8.74266343841344,0.7426634384134392,9.283292980167989
9.0,8.65168419312169,0.34831580687830943,3.870175631981216
5.0,8.523571961854572,3.5235719618545716,70.47143923709143
8.0,7.453113511120297,0.5468864888797027,6.836081110996284
3.0,7.35334398435077,4.35334398435077,145.11146614502567
6.0,8.232309361566152,2.232309361566152,37.20515602610253
11.0,8.996317335442335,2.0036826645576653,18.21529695052423
12.0,9.12208180708181,2.877918192918189,23.982651607651576
9.0,8.368600653041192,0.6313993469588084,7.015548299542315
6.0,8.616611726752705,2.616611726752705,43.61019544587841
11.0,9.11575503519018,1.8842449648098203,17.129499680089275
8.0,7.8267121529825685,0.1732878470174315,2.1660980877178937
5.0,7.9833206136184085,2.9833206136184085,59.66641227236818
6.0,7.8684821915118395,1.8684821915118395,31.14136985853066
3.0,8.503280198504228,5.503280198504228,183.44267328347428
2.0,8.581171330658659,6.581171330658659,329.05856653293296
6.0,9.003719855530358,3.003719855530358,50.06199759217264
7.0,9.163459003158627,2.1634590031586267,30.906557187980383
11.0,9.43967417134775,1.5603258286522497,14.184780260474996
5.0,8.862065168785016,3.8620651687850156,77.24130337570031
11.0,8.889602891955098,2.1103971080449018,19.185428254953653
7.0,8.008898361467288,1.0088983614672884,14.412833735246977
7.0,8.004254459254966,1.004254459254966,14.346492275070943
14.0,8.88297807775014,5.11702192224986,36.550156587498996
8.0,6.988186766174367,1.0118132338256327,12.64766542282041
10.0,7.481975244519739,2.518024755480261,25.18024755480261
5.0,7.639309041693191,2.639309041693191,52.78618083386382
5.0,7.225827852459432,2.2258278524594317,44.516557049188634
7.0,8.36663464029007,1.3666346402900693,19.52335200414385
11.0,8.118450174009002,2.881549825990998,26.19590750900907
6.0,7.388302669552668,1.388302669552668,23.138377825877797
9.0,8.07338202075702,0.9266179792429803,10.295755324922002
6.0,7.557629509379512,1.5576295093795123,25.96049182299187
4.0,6.66545979020979,2.6654597902097903,66.63649475524475
7.0,6.552281172531174,0.44771882746882596,6.395983249554657
10.0,6.589007427757427,3.4109925722425727,34.10992572242573
12.0,8.480944228217604,3.519055771782396,29.325464764853297
9.0,9.511353707886325,0.5113537078863253,5.681707865403615
5.0,7.510300162297441,2.5103001622974412,50.20600324594883
10.0,8.05370982581195,1.94629017418805,19.4629017418805
7.0,7.078557601617385,0.07855760161738523,1.122251451676932
9.0,7.820036859466695,1.1799631405333049,13.110701561481164
11.0,7.910123070477908,3.0898769295220916,28.089790268382654
10.0,9.03369311107572,0.9663068889242794,9.663068889242794
9.0,8.70007382951212,0.29992617048788084,3.332513005420898
8.0,8.101858018824547,0.10185801882454726,1.2732252353068407
7.0,8.157570236432337,1.1575702364323366,16.536717663319095
5.0,7.3932713837467965,2.3932713837467965,47.86542767493593
11.0,7.388366705241308,3.6116332947586924,32.83302995235175
6.0,8.147644682789448,2.1476446827894478,35.794078046490796
18.0,10.962925949246426,7.037074050753574,39.09485583751986
16.0,10.576903593910123,5.423096406089877,33.89435253806173
13.0,9.784900677279703,3.215099322720297,24.731533251694593
5.0,9.494765146144175,4.494765146144175,89.8953029228835
8.0,9.711301534592328,1.7113015345923284,21.391269182404105
7.0,9.369441533774863,2.3694415337748627,33.849164768212326
9.0,10.020896865480191,1.020896865480191,11.343298505335458
7.0,11.172325630252104,4.172325630252104,59.60465186074434
14.0,12.175777155306566,1.824222844693434,13.030163176381674
8.0,9.869196969696974,1.869196969696974,23.364962121212173
8.0,10.202979446479445,2.2029794464794445,27.537243080993058
7.0,10.391474867724865,3.391474867724865,48.44964096749807
11.0,10.927239015412926,0.07276098458707381,0.6614634962461255
1.0,11.256865079365086,10.256865079365086,1025.6865079365086
6.0,11.411061118363696,5.411061118363696,90.18435197272827
12.0,11.647905806182113,0.3520941938178872,2.934118281815727
4.0,10.196101491101492,6.196101491101492,154.9025372775373
6.0,10.620881696196625,4.620881696196625,77.01469493661041
4.0,10.464800473383201,6.464800473383201,161.62001183458003
8.0,10.50442402806533,2.50442402806533,31.305300350816623
8.0,10.110185180370252,2.1101851803702516,26.377314754628145
10.0,10.908560816152773,0.9085608161527734,9.085608161527734
4.0,11.015704582952418,7.015704582952418,175.39261457381045
3.0,9.679866793309827,6.679866793309827,222.6622264436609
9.0,9.413348173041209,0.41334817304120897,4.592757478235655
10.0,9.141589949238865,0.858410050761135,8.58410050761135
11.0,9.443494560450441,1.556505439549559,14.150049450450537
8.0,9.472022385022388,1.4720223850223881,18.40027981277985
10.0,9.941654317572844,0.058345682427155765,0.5834568242715577
8.0,10.999243746993749,2.9992437469937485,37.49054683742186
10.0,8.916210317460317,1.0837896825396829,10.837896825396829
12.0,9.133404761904762,2.866595238095238,23.88829365079365
5.0,9.31836360806949,4.31836360806949,86.36727216138979
8.0,9.408776065981959,1.408776065981959,17.60970082477449
6.0,9.349404761904767,3.3494047619047667,55.82341269841278
16.0,10.269035435811752,5.730964564188248,35.81852852617655
15.0,9.091575765892562,5.908424234107438,39.389494894049584
5.0,7.786150793650795,2.786150793650795,55.7230158730159
9.0,8.731985099322577,0.2680149006774233,2.9779433408602585
14.0,7.7705485047739105,6.2294514952260895,44.49608210875778
4.0,8.56827055352056,4.568270553520559,114.20676383801398
8.0,8.690055525530932,0.6900555255309317,8.625694069136646
19.0,10.817538425925926,8.182461574074074,43.06558723196881
8.0,11.989988095238095,3.989988095238095,49.874851190476186
5.0,9.485672919672918,4.485672919672918,89.71345839345837
13.0,9.951002299886738,3.0489977001132615,23.453828462409703
8.0,10.667836899010814,2.6678368990108137,33.34796123763517
7.0,9.605144179894182,2.6051441798941823,37.21634542705975
9.0,10.53222849036293,1.5322284903629306,17.024761004032563
17.0,11.935097159376571,5.064902840623429,29.793546121314286
12.0,11.529319483348894,0.47068051665110566,3.9223376387592137
6.0,9.791277777777777,3.7912777777777773,63.18796296296295
9.0,9.840219649364958,0.8402196493649576,9.335773881832862
11.0,9.57315950271193,1.4268404972880706,12.971277248073369
7.0,10.032539474615563,3.0325394746155627,43.32199249450804
6.0,9.675643058711097,3.6756430587110973,61.26071764518496
15.0,12.70985978835979,2.2901402116402103,15.267601410934736
10.0,13.31193915343915,3.31193915343915,33.119391534391504
6.0,9.931314711927394,3.931314711927394,65.52191186545656
10.0,9.559794403920836,0.44020559607916354,4.402055960791635
13.0,9.858566902959645,3.1414330970403554,24.1648699772335
8.0,10.071749787450875,2.071749787450875,25.896872343135936
8.0,10.051208359536172,2.0512083595361723,25.640104494202156
17.0,13.870292328042323,3.129707671957677,18.410045129162807
14.0,14.26338359788359,0.2633835978835908,1.88131141345422
8.0,9.930173902448583,1.9301739024485833,24.127173780607293
7.0,9.829935555238212,2.8299355552382117,40.42765078911731
9.0,9.887532733838707,0.8875327338387073,9.86147482043008
10.0,9.532956742767036,0.46704325723296414,4.670432572329641
7.0,10.07090247388777,3.07090247388777,43.87003534125386
10.0,13.173273148148143,3.1732731481481427,31.732731481481423
10.0,13.4290119047619,3.4290119047619,34.290119047619
10.0,10.0381917989418,0.03819179894179925,0.3819179894179925
9.0,10.879877021400226,1.879877021400226,20.88752246000251
11.0,10.887564302782051,0.11243569721794877,1.0221427019813525
11.0,10.565259321475626,0.43474067852437415,3.9521879865852196
8.0,10.551185342412825,2.5511853424128255,31.889816780160317
11.0,13.9826484204793,2.9826484204793005,27.114985640720914
20.0,13.487290704665698,6.512709295334302,32.56354647667151
15.0,10.006868311830733,4.993131688169267,33.28754458779512
8.0,10.148029084582888,2.1480290845828875,26.850363557286094
11.0,10.38381653648284,0.6161834635171601,5.601667850156001
13.0,10.586700547054333,2.413299452945667,18.563841945735902
16.0,10.019098892116657,5.9809011078833425,37.380631924270894
7.0,14.117402116402111,7.117402116402111,101.67717309145874
9.0,14.344862487730133,5.344862487730133,59.387360974779256
2.0,10.428348981472364,8.428348981472364,421.41744907361823
9.0,10.436629698982173,1.4366296989821734,15.962552210913039
9.0,11.007840635719202,2.0078406357192016,22.309340396880017
7.0,11.553108815880652,4.553108815880652,65.04441165543788
13.0,11.452883282757362,1.5471167172426377,11.900897824943367
7.0,14.31472832722833,7.31472832722833,104.49611896040471
9.0,14.12301211751212,5.12301211751212,56.92235686124578
12.0,10.689968931587574,1.3100310684124263,10.916925570103553
11.0,10.10129545062231,0.8987045493776904,8.170041357979004
9.0,10.51548444923755,1.5154844492375492,16.838716102639438
9.0,10.736500190481092,1.7365001904810917,19.29444656090102
13.0,10.485279315256253,2.5147206847437467,19.34400526725959
8.0,14.08098436748437,6.080984367484371,76.01230459355463
11.0,14.677277777777771,3.677277777777771,33.42979797979792
10.0,10.284186843416403,0.28418684341640343,2.8418684341640343
5.0,10.099222816977464,5.0992228169774645,101.9844563395493
13.0,10.267300381587287,2.7326996184127132,21.02076629548241
13.0,11.074332249288485,1.925667750711515,14.812828851627039
11.0,10.869314338396178,0.1306856616038221,1.1880514691256556
9.0,12.251740741875174,3.2517407418751745,36.13045268750194
13.0,13.608608465608468,0.6086084656084676,4.681603581603596
10.0,10.373433133950865,0.37343313395086497,3.7343313395086493
17.0,10.833160372694413,6.1668396273055865,36.275527219444626
9.0,10.396518797683727,1.3965187976837274,15.516875529819194
8.0,10.520916642672878,2.520916642672878,31.511458033410978
9.0,10.812641678506607,1.8126416785066066,20.14046309451785
5.0,14.06394378306878,9.06394378306878,181.2788756613756
13.0,14.325294973544976,1.3252949735449757,10.194576719576737
1.0,9.926294695582197,8.926294695582197,892.6294695582196
11.0,10.787351933356017,0.2126480666439825,1.9331642422180229
10.0,10.593152570556613,0.5931525705566134,5.931525705566134
10.0,10.776461065758859,0.7764610657588591,7.764610657588592
9.0,10.10262543627588,1.1026254362758792,12.251393736398658
9.0,12.813444585870686,3.813444585870686,42.37160650967429
11.0,14.399105599647267,3.3991055996472674,30.900959996793343
12.0,9.655500645410102,2.3444993545898978,19.537494621582482
11.0,9.880600214600213,1.1193997853997875,10.176361685452614
4.0,10.269916310052352,6.269916310052352,156.7479077513088
10.0,10.63721898121372,0.6372189812137208,6.372189812137208
8.0,10.05921608545489,2.0592160854548904,25.74020106818613
10.0,13.991514250773683,3.991514250773683,39.91514250773683
16.0,14.144329065588495,1.8556709344115045,11.597943340071904
11.0,10.055156541262356,0.944843458737644,8.589485988524036
7.0,10.092025505757851,3.092025505757851,44.171792939397875
10.0,9.713117997012732,0.2868820029872676,2.8688200298726763
5.0,9.67125029619503,4.67125029619503,93.4250059239006
8.0,9.841205527448711,1.841205527448711,23.015069093108885
11.0,13.347433201058198,2.347433201058198,21.340301827801802
15.0,13.635499338624337,1.3645006613756632,9.096671075837754
6.0,9.67927373552373,3.6792737355237293,61.32122892539549
6.0,10.190499481047134,4.190499481047134,69.84165801745222
9.0,10.531584704184699,1.5315847041846986,17.017607824274428
10.0,10.094375933512481,0.09437593351248097,0.9437593351248098
9.0,9.969326420062972,0.9693264200629716,10.770293556255242
10.0,13.504708454717896,3.504708454717896,35.04708454717896
9.0,13.986020411421269,4.9860204114212685,55.40022679356965
5.0,9.865856161563297,4.865856161563297,97.31712323126594
11.0,9.390956079628852,1.609043920371148,14.627672003374073
7.0,8.862416953681507,1.8624169536815067,26.605956481164384
13.0,9.371555187101011,3.628444812898989,27.911113945376837
8.0,8.685536934547462,0.6855369345474625,8.569211681843282
21.0,13.18527487383517,7.814725126164831,37.2129767912611
12.0,11.959095959595956,0.04090404040404394,0.3408670033670328
9.0,9.570293379666559,0.570293379666559,6.336593107406212
13.0,9.633460927552838,3.3665390724471624,25.896454403439712
12.0,8.93273654670346,3.0672634532965404,25.56052877747117
4.0,9.61065912412484,5.61065912412484,140.26647810312102
10.0,9.324039600541504,0.6759603994584964,6.759603994584965
18.0,13.502278998778998,4.497721001221002,24.987338895672234
7.0,14.203268518518513,7.203268518518513,102.9038359788359
10.0,9.754861866969014,0.24513813303098608,2.451381330309861
8.0,9.698001587420935,1.6980015874209347,21.225019842761682
1.0,10.147532823472757,9.147532823472757,914.7532823472757
8.0,10.117164105035956,2.1171641050359558,26.464551312949446
8.0,9.70529195668166,1.7052919566816591,21.31614945852074
6.0,14.116900793650787,8.116900793650787,135.28167989417977
9.0,13.114055555555554,4.114055555555554,45.71172839506171
3.0,9.703878185617677,6.703878185617677,223.46260618725591
6.0,9.935229090354087,3.9352290903540865,65.58715150590145
8.0,9.274389268461013,1.2743892684610127,15.92986585576266
9.0,10.095837414505098,1.0958374145050982,12.175971272278868
6.0,10.094208796391184,4.094208796391184,68.2368132731864
8.0,11.068455142485849,3.068455142485849,38.35568928107311
8.0,11.314715881472921,3.314715881472921,41.43394851841151
3.0,9.175240960564494,6.175240960564494,205.8413653521498
9.0,9.38267734770676,0.38267734770676043,4.251970530075115
8.0,9.441866168689696,1.441866168689696,18.023327108621203
3.0,9.46811227406754,6.46811227406754,215.60374246891797
12.0,9.298687043133212,2.701312956866788,22.510941307223234
8.0,9.592414219223048,1.5924142192230484,19.905177740288103
9.0,10.058238613238613,1.058238613238613,11.758206813762367
14.0,9.0624790086434,4.9375209913566,35.26800708111857
2.0,9.29639728789729,7.296397287897291,364.8198643948645
13.0,8.983588753037933,4.0164112469620665,30.895471130477436
7.0,9.02299615024615,2.0229961502461506,28.899945003516436
11.0,9.221090214708349,1.778909785291651,16.17190713901501
11.0,10.696688746438745,0.30331125356125455,2.7573750323750414
9.0,9.615808674482384,0.6158086744823841,6.842318605359823
2.0,9.011188898030074,7.011188898030074,350.5594449015037
8.0,7.527013972622624,0.4729860273773756,5.912325342217195
3.0,7.464367658853904,4.464367658853904,148.81225529513014
8.0,8.085488452983569,0.08548845298356866,1.0686056622946083
7.0,7.859135072443895,0.8591350724438946,12.273358177769923
11.0,8.738832010582012,2.261167989417988,20.556072631072617
4.0,8.627726190476194,4.627726190476194,115.69315476190485
6.0,6.996170273492811,0.9961702734928108,16.602837891546848
4.0,7.087809798293494,3.0878097982934936,77.19524495733734
7.0,6.933099206349204,0.06690079365079615,0.9557256235828022
8.0,7.131939514189517,0.8680604858104832,10.85075607263104
9.0,7.035614858772104,1.964385141227896,21.826501569198843
7.0,9.19648910779889,2.1964891077988895,31.37841582569842
9.0,8.812429788238713,0.18757021176128674,2.084113464014297
2.0,6.9864028037647845,4.9864028037647845,249.32014018823924
3.0,6.435508555920387,3.4355085559203866,114.5169518640129
2.0,7.00869171053655,5.00869171053655,250.4345855268275
6.0,7.300937488805122,1.300937488805122,21.682291480085368
6.0,7.7807195186832265,1.7807195186832265,29.67865864472044
5.0,7.489076613473673,2.4890766134736726,49.78153226947345
11.0,7.960221450596957,3.039778549403043,27.63435044911857
8.0,7.240599478851501,0.7594005211484989,9.492506514356236
9.0,7.866074731189553,1.1339252688104473,12.599169653449415
6.0,6.8281209245348755,0.8281209245348755,13.802015408914592
3.0,7.747626113671276,4.747626113671276,158.25420378904255
7.0,6.510103579239764,0.4898964207602363,6.998520296574805
9.0,7.818045168067227,1.1819548319327726,13.132831465919695
3.0,7.963647681294739,4.963647681294739,165.45492270982461
9.0,6.599015357156345,2.400984642843655,26.677607142707277
10.0,6.324975332537494,3.6750246674625062,36.75024667462507
3.0,7.113501200899496,4.113501200899496,137.11670669664986
10.0,6.750794969930773,3.249205030069227,32.49205030069227
7.0,7.033980135969766,0.03398013596976579,0.485430513853797
10.0,7.95772971343009,2.0422702865699103,20.4227028656991
11.0,7.729713859118529,3.2702861408814714,29.729874008013375
3.0,6.709682477664953,3.709682477664953,123.65608258883177
8.0,6.657763420925804,1.3422365790741964,16.777957238427454
6.0,6.286096950574991,0.28609695057499085,4.76828250958318
6.0,6.864822974939527,0.8648229749395266,14.413716248992111
9.0,6.681985619473924,2.3180143805260762,25.755715339178625
12.0,8.251759402906464,3.7482405970935364,31.235338309112805
13.0,8.489370432617493,4.510629567382507,34.69715051832697
12.0,6.317472911880202,5.682527088119798,47.35439240099832
5.0,6.570286314919648,1.570286314919648,31.40572629839296
8.0,6.7553230131389785,1.2446769868610215,15.55846233576277
6.0,6.577673664487278,0.5776736644872784,9.627894408121307
9.0,7.028514326780552,1.9714856732194477,21.905396369104974
8.0,9.003470105820112,1.0034701058201119,12.5433763227514
10.0,8.834218783068785,1.1657812169312152,11.657812169312152
7.0,6.915727392977393,0.08427260702260675,1.2038943860372393
6.0,6.973633144633145,0.973633144633145,16.227219077219083
5.0,7.12605581953718,2.1260558195371804,42.52111639074361
12.0,7.634411499396541,4.365588500603459,36.37990417169549
11.0,7.513942691924053,3.4860573080759467,31.6914300734177
3.0,9.514811139295327,6.514811139295327,217.16037130984424
10.0,8.88306844253947,1.1169315574605303,11.169315574605303
8.0,7.327992616642617,0.672007383357383,8.400092291967287
5.0,7.8706380892255945,2.8706380892255945,57.412761784511886
11.0,7.352093431214103,3.6479065687858974,33.16278698896271
5.0,8.938913384275795,3.9389133842757946,78.77826768551589
2.0,8.833947779766106,6.833947779766106,341.6973889883053
9.0,9.92106027376626,0.9210602737662601,10.234003041847334
10.0,10.590806700866095,0.5908067008660947,5.908067008660947
4.0,8.985398545064616,4.985398545064616,124.63496362661539
6.0,8.744996865380253,2.7449968653802532,45.749947756337555
9.0,9.026222273207622,0.026222273207622493,0.2913585911958055
5.0,8.731817924145806,3.7318179241458065,74.63635848291614
6.0,8.054996263991429,2.0549962639914288,34.24993773319048
6.0,8.777810255689845,2.777810255689845,46.29683759483075
10.0,8.15578316794418,1.8442168320558192,18.442168320558192
4.0,7.798037693707259,3.7980376937072586,94.95094234268147
4.0,7.201289176168081,3.201289176168081,80.03222940420203
10.0,7.838033537625747,2.161966462374253,21.619664623742533
11.0,8.168891941391943,2.8311080586080575,25.73734598734598
7.0,8.191740792898436,1.191740792898436,17.02486846997766
7.0,7.719155667317433,0.7191556673174331,10.273652390249044
8.0,8.475539875701644,0.475539875701644,5.94424844627055
8.0,7.473571535762512,0.5264284642374877,6.580355802968596
6.0,6.931047973607326,0.9310479736073258,15.517466226788764
10.0,8.06391004390247,1.9360899560975309,19.36089956097531
10.0,7.464270221880515,2.535729778119485,25.357297781194855
5.0,7.657721175678688,2.657721175678688,53.154423513573754
10.0,8.58774353754211,1.41225646245789,14.122564624578898
10.0,7.940715413813244,2.059284586186756,20.59284586186756
7.0,7.125506265651029,0.12550626565102885,1.7929466521575548
6.0,7.4309413382669955,1.4309413382669955,23.849022304449928
3.0,7.261954843824621,4.261954843824621,142.06516146082072
2.0,7.261143148518148,5.261143148518148,263.0571574259074
2.0,7.328276316449595,5.328276316449595,266.41381582247976
5.0,9.136282889815499,4.136282889815499,82.72565779630997
6.0,8.990842413625025,2.9908424136250247,49.84737356041708
5.0,7.40489136789137,2.40489136789137,48.0978273578274
6.0,7.7699135654793565,1.7699135654793565,29.49855942465594
5.0,7.10580926911476,2.1058092691147596,42.11618538229519
10.0,6.596077483438511,3.4039225165614893,34.039225165614894
7.0,6.69123494729751,0.30876505270248966,4.410929324321281
9.0,8.370096052096052,0.6299039479039479,6.99893275448831
19.0,8.438324967388796,10.561675032611204,55.58776332953265
10.0,6.007022936901029,3.992977063098971,39.929770630989715
10.0,6.005304855138163,3.9946951448618373,39.94695144861837
12.0,6.714724909806584,5.285275090193416,44.043959084945136
7.0,6.476201019497409,0.5237989805025913,7.482842578608448
5.0,6.523515260270396,1.523515260270396,30.47030520540792
12.0,9.089817095420537,2.9101829045794627,24.251524204828854
7.0,7.830768518518521,0.8307685185185214,11.868121693121735
6.0,7.496234126984126,1.4962341269841257,24.93723544973543
7.0,7.728353835978836,0.7283538359788357,10.405054799697654
7.0,7.638499844382198,0.6384998443821983,9.121426348317119
7.0,7.308840307840308,0.3088403078403079,4.412004397718684
2.0,7.292653872053871,5.292653872053871,264.63269360269356
9.0,8.565992063492061,0.434007936507939,4.822310405643767
9.0,8.206329365079368,0.7936706349206322,8.818562610229247
7.0,6.932357868908667,0.06764213109133266,0.9663161584476094
12.0,6.8018732149153145,5.1981267850846855,43.317723209039045
5.0,6.850222769575213,1.850222769575213,37.00445539150426
8.0,6.748111250028353,1.2518887499716467,15.648609374645584
8.0,6.800950785869905,1.1990492141300946,14.988115176626183
11.0,8.68192748917749,2.3180725108225104,21.07338646202282
12.0,8.52375645961291,3.47624354038709,28.968696169892418
6.0,7.646611938384896,1.646611938384896,27.443532306414937
2.0,7.2709171352095305,5.2709171352095305,263.5458567604765
2.0,7.7505264249068855,5.7505264249068855,287.52632124534426
2.0,8.391388614390044,6.391388614390044,319.5694307195022
5.0,8.7520847583918,3.752084758391799,75.04169516783598
9.0,9.841383346197299,0.8413833461972988,9.348703846636655
10.0,9.993861842031725,0.006138157968274882,0.06138157968274882
7.0,8.9450110536973,1.9450110536973,27.785872195675715
15.0,9.061355224517062,5.938644775482938,39.59096516988625
6.0,9.205042165442222,3.2050421654422223,53.41736942403704
4.0,7.730771010492997,3.7307710104929974,93.26927526232494
11.0,7.4930247909199545,3.5069752090800455,31.881592809818592
6.0,8.694492063492063,2.6944920634920635,44.90820105820106
8.0,7.890212184873949,0.10978781512605096,1.372347689075637
7.0,7.445343250528608,0.4453432505286079,6.36204643612297
9.0,6.845795606165172,2.154204393834828,23.935604375942532
10.0,7.014767195767196,2.985232804232804,29.852328042328036
9.0,6.919597193466755,2.080402806533245,23.115586739258276
3.0,7.433784391534393,4.433784391534393,147.79281305114642
12.0,7.804025849470222,4.195974150529778,34.966451254414814
5.0,7.88049404761905,2.8804940476190497,57.609880952381
11.0,7.5318471934667635,3.4681528065332365,31.528661877574876
7.0,7.056375886995455,0.05637588699545493,0.8053698142207846
6.0,6.89843846330803,0.8984384633080298,14.973974388467163
7.0,7.595184519184517,0.5951845191845173,8.502635988350248
7.0,7.177662476412475,0.17766247641247457,2.5380353773210653
9.0,8.41181999660406,0.5881800033959408,6.535333371066009
11.0,8.140093146334443,2.8599068536655565,25.999153215141423
6.0,7.659559328553895,1.659559328553895,27.659322142564918
5.0,8.340784798534798,3.3407847985347985,66.81569597069597
10.0,7.650556747426875,2.349443252573125,23.494432525731252
4.0,7.640299864970501,3.640299864970501,91.00749662426253
5.0,8.05059944087485,3.0505994408748496,61.011988817496984
6.0,8.572484193413862,2.572484193413862,42.8747365568977
4.0,8.950992129921795,4.950992129921795,123.77480324804489
7.0,7.54292562488597,0.54292562488597,7.756080355513857
7.0,8.165104020735601,1.1651040207356012,16.644343153365732
7.0,9.031453347578354,2.0314533475783545,29.020762108262204
24.0,21.743490740740743,2.256509259259257,9.402121913580237
20.0,25.57451299344498,5.57451299344498,27.8725649672249
22.0,27.043266494845525,5.0432664948455255,22.923938612934204
26.0,23.357747964997966,2.642252035002034,10.162507826930902
29.0,23.21978459503459,5.780215404965411,19.931777258501416
27.0,25.3494563535531,1.6505436464468985,6.113124616469995
30.0,26.786063695944566,3.2139363040554336,10.713121013518112
26.0,23.288749776600664,2.711250223399336,10.427885474612832
28.0,23.682395201764905,4.317604798235095,15.420017136553913
21.0,23.720735735132074,2.720735735132074,12.955884453009874
25.0,22.366876494945174,2.633123505054826,10.532494020219303
24.0,22.67440953733188,1.3255904626681208,5.523293594450504
36.0,27.38723424669012,8.61276575330988,23.924349314749666
24.0,26.19867891830391,2.1986789183039086,9.161162159599618
17.0,23.131017209014487,6.131017209014487,36.06480711184993
29.0,23.90928298631626,5.09071701368374,17.55419659890945
17.0,23.209615845317238,6.209615845317238,36.52715203127787
26.0,23.5386093784778,2.461390621522199,9.46688700585461
30.0,22.608611100724637,7.391388899275363,24.63796299758454
30.0,27.55758339191672,2.442416608083281,8.141388693610937
32.0,26.968937830687818,5.031062169312182,15.72206927910057
29.0,24.048395898351163,4.951604101648837,17.074496902237367
21.0,24.287638122355226,3.287638122355226,15.65541963026298
16.0,23.3905518181407,7.3905518181407,46.190948863379376
29.0,24.369240193464233,4.630759806535767,15.968137263916441
26.0,23.869224876300905,2.1307751236990953,8.195288937304213
30.0,28.06663492063492,1.9333650793650783,6.444550264550261
27.0,28.184749050332393,1.1847490503323925,4.387959445675528
23.0,23.913212900291835,0.9132129002918354,3.970490870834067
25.0,23.826138016917618,1.1738619830823822,4.695447932329529
23.0,24.86378768947102,1.863787689471021,8.103424736830526
31.0,24.41797944030019,6.58202055969981,21.232324386128422
37.0,24.281178495865614,12.718821504134386,34.375193254417255
26.0,29.895651498633633,3.895651498633633,14.983274994744741
26.0,28.786889034702053,2.786889034702053,10.718803979623281
31.0,22.87328782336034,8.12671217663966,26.215200569805358
24.0,23.096588811584,0.9034111884160012,3.764213285066672
20.0,23.873530328485284,3.873530328485284,19.36765164242642
32.0,24.94924745097541,7.05075254902459,22.033601715701845
24.0,26.201078981951788,2.201078981951788,9.171162424799117
28.0,28.20394597839136,0.20394597839135997,0.728378494254857
35.0,30.111096309541693,4.8889036904583065,13.968296258452304
26.0,25.14697261039709,0.8530273896029108,3.2808745753958104
27.0,25.250287265769398,1.7497127342306023,6.480417534187416
28.0,24.998286276139286,3.001713723860714,10.720406156645408
24.0,25.764322557500734,1.7643225575007335,7.35134398958639
25.0,25.887443504122565,0.8874435041225652,3.5497740164902614
32.0,30.531242274687642,1.4687577253123578,4.589867891601118
24.0,31.29987423687423,7.299874236874231,30.41614265364263
28.0,26.14048847241838,1.8595115275816205,6.641112598505787
18.0,25.726000864008167,7.726000864008167,42.92222702226759
19.0,26.992334985472507,7.992334985472507,42.06492097617109
26.0,27.144464022730155,1.1444640227301548,4.401784702808287
23.0,27.14315937938032,4.143159379380322,18.013736432088354
37.0,33.16531956115779,3.834680438842213,10.364001186060035
41.0,33.68436188920011,7.315638110799888,17.843019782438752
32.0,26.572768794803896,5.4272312051961045,16.960097516237827
30.0,25.213556681813536,4.786443318186464,15.954811060621546
30.0,25.598557458442315,4.401442541557685,14.671475138525617
23.0,25.26733109614953,2.2673310961495297,9.857961287606651
37.0,24.778578969110903,12.221421030889097,33.030867651051615
33.0,35.73070360195361,2.730703601953607,8.274859399859414
22.0,37.066013227513224,15.066013227513224,68.4818783068783
19.0,26.952046130685275,7.952046130685275,41.85287437202776
24.0,26.898323584175667,2.8983235841756674,12.076348267398613
25.0,26.745077869055805,1.7450778690558053,6.98031147622322
33.0,27.60486691825201,5.395133081747989,16.34888812650906
30.0,26.977683749810538,3.022316250189462,10.07438750063154
24.0,36.86350396825397,12.863503968253973,53.597933201058225
35.0,35.010428571428584,0.010428571428583666,0.029795918367381904
28.0,27.478769551585973,0.5212304484140269,1.8615373157643815
32.0,26.233314277851367,5.766685722148633,18.020892881714477
39.0,26.985367374395285,12.014632625604715,30.806750322063376
27.0,27.401644796674404,0.4016447966744039,1.4875733210163107
20.0,27.038730331240224,7.038730331240224,35.19365165620112
38.0,34.201570105820096,3.798429894179904,9.995868142578693
44.0,35.74725392264185,8.252746077358147,18.75624108490488
34.0,26.545337360048094,7.454662639951906,21.925478352799722
31.0,27.407993407190897,3.5920065928091027,11.587118041319686
26.0,27.587456360691018,1.587456360691018,6.105601387273145
25.0,27.705871083122858,2.705871083122858,10.823484332491432
23.0,26.05377525715037,3.0537752571503702,13.277283726740741
45.0,37.257482804232815,7.742517195767185,17.20559376837152
37.0,34.06716005291006,2.9328399470899384,7.926594451594428
35.0,26.472817855645648,8.527182144354352,24.36337755529815
31.0,26.881615401962225,4.118384598037775,13.285111606573466
26.0,27.052345043630204,1.0523450436302042,4.047480937039246
31.0,26.66287986714195,4.33712013285805,13.990710105993712
36.0,25.861704619870277,10.138295380129723,28.161931611471452
27.0,35.78183994708994,8.781839947089942,32.525333137370154
33.0,35.169650793650796,2.1696507936507956,6.574699374699381
28.0,28.20338624063615,0.2033862406361493,0.7263794308433903
25.0,28.0841601275241,3.0841601275241004,12.336640510096402
23.0,27.9838627326419,4.983862732641899,21.668968402790867
40.0,26.923497339224994,13.076502660775006,32.691256651937515
26.0,26.493957883807234,0.4939578838072336,1.8998380146432063
29.0,32.79296296296295,3.792962962962953,13.079182630906736
28.0,32.650756613756606,4.650756613756606,16.609845049130737
25.0,28.505778686499355,3.5057786864993545,14.023114745997416
26.0,28.544008902401384,2.5440089024013837,9.784649624620705
28.0,28.43476826471031,0.4347682647103106,1.5527438025368236
23.0,27.76120403116647,4.761204031166471,20.700887092028136
25.0,27.885132752487916,2.885132752487916,11.540531009951664
38.0,31.577174603174594,6.422825396825406,16.902172096908963
28.0,31.55467831696098,3.554678316960981,12.695279703432075
37.0,26.9584376351598,10.0415623648402,27.13935774281135
24.0,27.17796034407172,3.177960344071721,13.241501433632171
28.0,26.181200911159213,1.8187990888407874,6.49571103157424
26.0,26.453041772959214,0.4530417729592138,1.7424683575354376
33.0,27.00496881789655,5.99503118210345,18.16676115788924
35.0,31.62873800011123,3.3712619998887696,9.63217714253934
39.0,32.20194471006795,6.798055289932051,17.430910999825773
33.0,27.003082879047835,5.9969171209521654,18.17247612409747
25.0,27.49838685204637,2.4983868520463695,9.993547408185478
39.0,26.85405397723444,12.14594602276556,31.143451340424516
28.0,27.211535025943597,0.7884649740564029,2.815946335915725
27.0,26.23146137437157,0.7685386256284303,2.8464393541793713
35.0,32.28638359788362,2.7136164021163793,7.753189720332513
32.0,33.25477777777778,1.2547777777777824,3.92118055555557
29.0,26.878788003039766,2.121211996960234,7.314524127449083
30.0,26.90744247060324,3.0925575293967604,10.308525097989202
34.0,27.960861252916033,6.0391387470839675,17.76217278554108
22.0,27.607505026673334,5.6075050266733335,25.488659212151514
26.0,26.542831197002357,0.5428311970023572,2.0878122961629124
24.0,32.531007936507955,8.531007936507955,35.545866402116474
35.0,32.10417460317462,2.89582539682538,8.273786848072515
21.0,28.408079357111607,7.408079357111607,35.27656836719813
14.0,27.857383854151042,13.857383854151042,98.98131324393601
35.0,27.89322663596964,7.10677336403036,20.305066754372458
26.0,27.535931602710644,1.5359316027106438,5.907429241194784
24.0,27.678189921889217,3.678189921889217,15.325791341205072
34.0,31.621035124011268,2.378964875988732,6.996955517613918
38.0,31.57107931946723,6.428920680532769,16.918212317191497
17.0,27.140969881794472,10.140969881794472,59.652764010555714
19.0,27.396869687489083,8.396869687489083,44.19405098678465
25.0,28.016200251044975,3.0162002510449746,12.064801004179898
27.0,26.737081176656034,0.2629188233439663,0.9737734197924678
27.0,26.646241317284193,0.35375868271580657,1.3102173433918762
26.0,33.032059474294776,7.032059474294776,27.046382593441447
37.0,33.531374048609344,3.4686259513906563,9.374664733488261
26.0,26.63810312340856,0.638103123408559,2.4542427823406117
22.0,26.392150826642503,4.392150826642503,19.964321939284105
21.0,27.45318999431084,6.45318999431084,30.729476163384952
30.0,26.513651321440104,3.486348678559896,11.621162261866319
21.0,26.292959357561948,5.292959357561948,25.204568369342606
33.0,33.238104497354506,0.2381044973545059,0.7215287798621391
43.0,34.06970238095237,8.930297619047629,20.76813399778518
27.0,25.218644354020963,1.781355645979037,6.597613503626063
26.0,24.588953466277435,1.4110465337225655,5.427102052779098
16.0,25.913004647155958,9.913004647155958,61.95627904472474
24.0,25.205168762117257,1.2051687621172569,5.021536508821903
27.0,25.049608310872888,1.9503916891271125,7.223672922693009
44.0,33.90125518925521,10.09874481074479,22.951692751692708
30.0,35.14262121212122,5.14262121212122,17.142070707070733
26.0,23.07239833297786,2.9276016670221416,11.260006411623621
27.0,23.26127178424749,3.7387282157525092,13.84714153982411
25.0,25.356485318686453,0.3564853186864525,1.42594127474581
24.0,23.592679126714234,0.4073208732857658,1.6971703053573577
26.0,24.458228032075596,1.5417719679244044,5.929892184324633
30.0,35.813751322751344,5.813751322751344,19.37917107583781
32.0,35.9260992063492,3.9260992063491997,12.269060019841248
31.0,23.37524942430186,7.62475057569814,24.59596959902626
23.0,23.779059307684374,0.7790593076843741,3.3872143812364093
25.0,23.584164719335337,1.4158352806646626,5.66334112265865
23.0,23.826712675307288,0.826712675307288,3.5944029361186436
16.0,23.479662265206397,7.479662265206397,46.74788915753998
36.0,35.21934175084175,0.7806582491582503,2.1684951365506953
33.0,35.720044973544994,2.7200449735449936,8.24256052589392
25.0,22.657876528233423,2.342123471766577,9.368493887066307
24.0,22.36860625202735,1.6313937479726484,6.797473949886035
28.0,23.23706121454311,4.762938785456889,17.01049566234603
34.0,22.86906598521551,11.13093401478449,32.73804121995438
26.0,23.027982742589064,2.9720172574109363,11.430835605426678
29.0,35.83501190476192,6.83501190476192,23.56900656814455
34.0,35.43105687830689,1.4310568783068902,4.208990818549677
20.0,21.048184801147077,1.0481848011470767,5.240924005735383
25.0,21.373689494530904,3.626310505469096,14.505242021876386
26.0,21.97564574117099,4.02435425882901,15.47828561088081
26.0,22.515146843415515,3.484853156584485,13.403281371478789
22.0,21.574878351365545,0.42512164863445534,1.932371130156615
26.0,29.07039550264551,3.0703955026455105,11.809213471713502
22.0,28.6274642857143,6.6274642857143,30.12483766233773
28.0,21.68275251696235,6.317247483037651,22.561598153705894
28.0,21.864689390891733,6.1353106091082665,21.911823603958094
20.0,21.798502347212185,1.7985023472121853,8.992511736060926
19.0,22.020139917158584,3.020139917158584,15.895473248203073
16.0,21.626889391009986,5.6268893910099855,35.16805869381241
27.0,29.979394179894175,2.979394179894175,11.034793258867316
27.0,27.811009625875485,0.8110096258754851,3.0037393550943894
24.0,22.732824087748007,1.267175912251993,5.279899634383304
27.0,22.476564410227464,4.523435589772536,16.753465147305686
30.0,22.50088225279567,7.49911774720433,24.997059157347767
22.0,22.972783970472832,0.9727839704728325,4.421745320331056
25.0,22.531069734141457,2.4689302658585426,9.87572106343417
25.0,24.632359730006836,0.36764026999316357,1.4705610799726543
35.0,24.695710014037942,10.304289985962058,29.44082853132016
19.0,21.25672914844252,2.2567291484425205,11.877521833908004
19.0,21.697853093375556,2.6978530933755565,14.19922680723977
21.0,22.652810461030132,1.652810461030132,7.87052600490539
28.0,22.426259737443477,5.573740262556523,19.906215223416154
29.0,22.412703650663513,6.587296349336487,22.714814997712026
27.0,25.50884434851455,1.4911556514854496,5.522798709205369
31.0,24.99137505133093,6.00862494866907,19.382661124738934
27.0,22.432864876348926,4.567135123651074,16.915315272781754
21.0,22.088055607943165,1.088055607943165,5.181217180681737
28.0,20.690151232920375,7.309848767079625,26.10660273957009
29.0,21.141993258557406,7.858006741442594,27.096574970491705
26.0,20.691789021164023,5.308210978835977,20.416196072446063
22.0,24.782017195767196,2.782017195767196,12.64553270803271
23.0,24.774353174603178,1.7743531746031778,7.714579020013816
20.0,20.079143895556946,0.07914389555694612,0.39571947778473066
16.0,20.134320566577806,4.134320566577806,25.839503541111284
27.0,21.417410544550414,5.582589455449586,20.676257242405875
24.0,20.383073768823767,3.616926231176233,15.070525963234305
25.0,20.45176442391656,4.548235576083439,18.192942304333755
25.0,25.351476336092208,0.3514763360922082,1.4059053443688327
27.0,25.404952703447915,1.5950472965520852,5.907582579822538
18.0,20.049133879455045,2.049133879455045,11.384077108083584
26.0,20.94649268530084,5.053507314699161,19.43656659499677
18.0,21.242824351774402,3.242824351774402,18.015690843191123
17.0,20.798925182553067,3.7989251825530665,22.34661872090039
25.0,21.21388306679357,3.7861169332064293,15.144467732825717
26.0,24.681028683840076,1.3189713161599244,5.072966600615094
21.0,24.675248229397063,3.675248229397063,17.501182044747917
16.0,21.294887024864828,5.294887024864828,33.093043905405175
26.0,19.874949317719867,6.125050682280133,23.55788723953897
27.0,21.829252502156642,5.170747497843358,19.150916658679105
21.0,21.561043756967162,0.5610437569671625,2.6716369379388687
16.0,20.8304221681622,4.830422168162201,30.190138551013757
15.0,24.951220660931234,9.951220660931234,66.3414710728749
17.0,24.953473760842733,7.9534737608427335,46.78513976966314
19.0,20.608495703983483,1.6084957039834826,8.46576686307096
30.0,20.027971444806397,9.972028555193603,33.240095183978674
16.0,20.91707963643182,4.917079636431819,30.731747727698867
17.0,20.180362113132023,3.1803621131320234,18.708012430188372
19.0,21.254439837215447,2.254439837215447,11.86547282744972
25.0,24.507463492270524,0.49253650772947566,1.9701460309179026
30.0,23.9135582010582,6.086441798941799,20.288139329805997
19.0,20.824974280234763,1.8249742802347626,9.605127790709277
17.0,21.0754274299725,4.0754274299725,23.97310252925
18.0,21.40078837982755,3.4007883798275493,18.89326877681972
15.0,19.739516520570312,4.739516520570312,31.59677680380208
22.0,19.769819210006037,2.2301807899939625,10.137185409063466
29.0,25.679851098823992,3.320148901176008,11.448789314400027
32.0,26.23898214285715,5.76101785714285,18.003180803571407
27.0,19.837199466854607,7.1628005331453934,26.52889086350146
19.0,19.602263541256775,0.6022635412567752,3.1698081118777646
19.0,20.100181037061958,1.100181037061958,5.790426510852411
17.0,19.36779050174727,2.367790501747269,13.928179422042758
25.0,19.653344332795502,5.346655667204498,21.386622668817992
25.0,27.039155924093908,2.039155924093908,8.156623696375632
32.0,26.943019719612117,5.056980280387883,15.803063376212133
15.0,20.17443377881923,5.174433778819228,34.496225192128186
28.0,20.21035355841932,7.789646441580679,27.820165862788137
22.0,19.441432825933706,2.558567174066294,11.629850791210426
20.0,19.598166397403904,0.4018336025960956,2.009168012980478
20.0,19.701112378031493,0.2988876219685075,1.4944381098425374
20.0,27.027050836146422,7.027050836146422,35.13525418073211
25.0,27.5384331112787,2.5384331112786995,10.153732445114798
23.0,20.51564260070126,2.484357399298741,10.801553909994526
26.0,19.809605428205845,6.190394571794155,23.809209891515977
21.0,18.875813649530482,2.124186350469518,10.115173097473896
16.0,19.49582077162661,3.4958207716266116,21.848879822666323
28.0,19.686555381352502,8.313444618647498,29.690873638026776
33.0,25.894873445878282,7.105126554121718,21.530686527641567
31.0,27.146640425850954,3.853359574149046,12.43019217467434
12.0,21.80538490326895,9.805384903268951,81.71154086057459
20.0,20.408813346196624,0.4088133461966237,2.0440667309831184
21.0,20.45035586545832,0.5496441345416798,2.617353021627047
23.0,19.72582971447188,3.2741702855281183,14.235522980557036
21.0,19.99145250439323,1.00854749560677,4.802607121937
27.0,23.50846103896103,3.4915389610389695,12.931625781625813
23.0,23.229095959595963,0.22909595959596274,0.996069389547664
14.0,19.737439496371056,5.737439496371056,40.981710688364686
20.0,20.448077187629714,0.44807718762971405,2.2403859381485702
19.0,20.720032096296883,1.7200320962968831,9.052800506825701
18.0,20.22521750836306,2.225217508363059,12.362319490905884
25.0,20.518067477897286,4.4819325221027135,17.927730088410854
24.0,25.084096767699183,1.084096767699183,4.517069865413262
31.0,26.42265919331802,4.577340806681981,14.765615505425748
13.0,19.272975566583806,6.272975566583806,48.25365820449082
18.0,20.17610354838139,2.1761035483813913,12.089464157674396
17.0,20.233892751698487,3.2338927516984874,19.022898539402867
17.0,20.041250024745462,3.0412500247454624,17.889706027914485
21.0,20.121743236668145,0.878256763331855,4.182175063485024
26.0,22.263402960773803,3.736597039226197,14.371527073946913
17.0,22.41795414214891,5.417954142148911,31.87031848322889
16.0,21.86926407178055,5.869264071780549,36.68290044862843
17.0,22.482194261386724,5.482194261386724,32.24820153756896
23.0,21.085668751965418,1.914331248034582,8.323179339280792
23.0,20.269305169515306,2.730694830484694,11.87258621949867
18.0,20.241369732622708,2.241369732622708,12.452054070126156
20.0,22.816084210145696,2.8160842101456964,14.08042105072848
31.0,21.785602623917477,9.214397376082523,29.72386250349201
20.0,20.072398314929778,0.072398314929778,0.36199157464889
21.0,20.11899991119421,0.8810000888057914,4.195238518122816
15.0,20.128625364704014,5.128625364704014,34.190835764693425
12.0,20.3193045510141,8.319304551014099,69.32753792511748
15.0,20.845891560926557,5.845891560926557,38.97261040617705
31.0,24.129616066939597,6.870383933060403,22.162528816323878
26.0,24.21538119995473,1.7846188000452692,6.863918461712573
24.0,20.355444425552648,3.6445555744473523,15.185648226863968
20.0,19.746284505927903,0.2537154940720967,1.2685774703604835
16.0,20.40724344576046,4.407243445760461,27.54527153600288
22.0,18.411247358702067,3.5887526412979334,16.312512005899695
21.0,18.256547613937126,2.7434523860628737,13.06405898125178
32.0,27.382343426943418,4.617656573056582,14.430176790801818
25.0,26.800860317460316,1.800860317460316,7.203441269841264
17.0,19.867930722429218,2.867930722429218,16.87018072017187
17.0,20.19045482737293,3.1904548273729283,18.767381337487812
17.0,19.751247413466388,2.7512474134663876,16.183808314508163
24.0,19.535263045392146,4.464736954607854,18.60307064419939
13.0,19.883662857351073,6.883662857351073,52.95125274885441
27.0,26.785000481000484,0.21499951899951597,0.796294514813022
26.0,26.167006798756812,0.16700679875681246,0.6423338413723556
23.0,20.49297981278875,2.50702018721125,10.900087770483696
21.0,20.015155509830283,0.9848444901697171,4.689735667474843
19.0,19.697454857966548,0.697454857966548,3.6708150419292007
17.0,19.478434196490177,2.478434196490177,14.579024685236336
14.0,19.634138810861117,5.634138810861117,40.24384864900798
23.0,27.052747792465194,4.052747792465194,17.620642575935626
19.0,26.98870018538817,7.9887001853881685,42.04579044941141
16.0,20.53399060270159,4.533990602701589,28.337441266884934
23.0,20.565726533506425,2.4342734664935755,10.58379768040685
13.0,21.028610076863654,8.028610076863654,61.75853905279733
18.0,20.090513248266767,2.0905132482667668,11.613962490370927
21.0,19.953002974951634,1.0469970250483662,4.985700119277935
26.0,27.14393249407042,1.1439324940704196,4.399740361809306
28.0,24.498222232110983,3.501777767889017,12.506349171032202
15.0,19.40744964381141,4.407449643811411,29.382997625409406
27.0,20.23521707206683,6.764782927933169,25.054751584937662
20.0,19.497923991642743,0.5020760083572569,2.5103800417862843
25.0,20.030141851303807,4.9698581486961935,19.879432594784774
16.0,19.83108990873476,3.8310899087347607,23.944311929592253
23.0,26.010039682539684,3.0100396825396842,13.087129054520366
23.0,23.623720803421612,0.6237208034216124,2.711829580093967
20.0,22.213546631330406,2.2135466313304057,11.067733156652029
20.0,22.295655975479477,2.2956559754794768,11.478279877397384
19.0,22.83759802193319,3.8375980219331893,20.197884325964154
21.0,22.558040142040433,1.5580401420404328,7.419238771621109
16.0,23.07296457593843,7.072964575938428,44.20602859961518
27.0,23.58777605261756,3.41222394738244,12.637866471786815
27.0,24.13078587684196,2.8692141231580415,10.626718974659413
22.0,20.82394678592036,1.1760532140796407,5.3456964276347305
24.0,21.702326922552725,2.297673077447275,9.573637822696979
19.0,21.963571321946326,2.9635713219463256,15.597743799717504
24.0,22.009721882148348,1.990278117851652,8.29282549104855
21.0,21.69568138185843,0.6956813818584315,3.3127684850401504
21.0,23.370870771039804,2.3708707710398045,11.28986081447526
30.0,23.62275572519336,6.377244274806639,21.25748091602213
27.0,21.95864780662825,5.0413521933717504,18.671674790265744
21.0,22.487708128447977,1.4877081284479772,7.084324421180844
9.0,21.74566632615658,12.74566632615658,141.61851473507312
18.0,21.75716287495091,3.757162874950911,20.873127083060616
13.0,21.66738515495598,8.66738515495598,66.67219349966138
22.0,23.821023693202225,1.8210236932022248,8.277380423646475
25.0,23.50556596384007,1.4944340361599302,5.977736144639721
27.0,21.99638291651561,5.003617083484389,18.53191512401626
23.0,23.17519866961766,0.17519866961766084,0.7617333461637428
25.0,20.70983785849087,4.2901621415091284,17.160648566036514
28.0,21.231019256026045,6.768980743973955,24.17493122847841
32.0,21.792631792265567,10.207368207734433,31.8980256491701
32.0,25.140244405204925,6.859755594795075,21.43673623373461
31.0,25.814232440317955,5.185767559682045,16.728282450587244
21.0,21.711861248024107,0.7118612480241069,3.3898154667814615
18.0,22.584406253627495,4.584406253627495,25.468923631263863
25.0,21.86742025794905,3.1325797420509502,12.530318968203801
25.0,21.811847505280237,3.1881524947197626,12.75260997887905
15.0,22.523828406634394,7.523828406634394,50.158856044229296
35.0,25.9627403092077,9.0372596907923,25.820741973692286
38.0,26.54945037503662,11.45054962496338,30.133025328850998
26.0,21.955169776677767,4.044830223322233,15.557039320470126
26.0,23.354498528277837,2.645501471722163,10.175005660469857
17.0,22.839837359428078,5.839837359428078,34.351984467223986
26.0,23.152227397117397,2.8477726028826034,10.952971549548476
21.0,22.586336173907966,1.5863361739079664,7.553981780514126
28.0,26.295777518777513,1.7042224812224873,6.086508861508883
39.0,28.41503162578162,10.58496837421838,27.1409445492779
14.0,24.052741423064937,10.052741423064937,71.80529587903527
21.0,23.90939259424785,2.9093925942478513,13.854250448799293
25.0,24.37644309512678,0.6235569048732188,2.494227619492875
18.0,24.093934376539625,6.093934376539625,33.855190980775696
21.0,23.645223643410656,2.645223643410656,12.596303063860267
29.0,27.315980247965538,1.6840197520344624,5.806964662187801
26.0,26.46084929558458,0.46084929558458043,1.7724972907099248
24.0,25.137397718434023,1.1373977184340234,4.7391571601417635
19.0,23.808241314241304,4.808241314241304,25.306533232848967
19.0,23.744045541948008,4.744045541948008,24.968660747094777
17.0,23.7371216147204,6.737121614720401,39.63012714541412
27.0,23.668189256395785,3.3318107436042155,12.340039791126724
26.0,30.25453174603176,4.254531746031759,16.36358363858369
28.0,30.55234860509859,2.55234860509859,9.115530732494966
25.0,23.784778308693408,1.215221691306592,4.860886765226368
26.0,24.60041407107917,1.3995859289208283,5.383022803541648
26.0,23.87196291508055,2.1280370849194483,8.184758018920956
35.0,24.052088563444684,10.947911436555316,31.279746961586618
28.0,23.937959556286273,4.062040443713727,14.507287298977595
30.0,28.597860798284266,1.402139201715734,4.673797339052446
29.0,26.516453241344163,2.4835467586558373,8.563954340192542
22.0,24.116645890358583,2.1166458903585834,9.621117683448107
23.0,23.62889934678333,0.6288993467833315,2.734344986014485
22.0,23.128220833962253,1.1282208339622528,5.12827651801024
29.0,24.106729650570813,4.893270349429187,16.873346032514437
27.0,24.33052625903686,2.6694737409631415,9.886939781344967
30.0,28.495603902578907,1.5043960974210933,5.014653658070311
29.0,28.880046974672837,0.11995302532716323,0.41363112181780426
20.0,23.981168337324927,3.9811683373249274,19.905841686624637
21.0,24.316553842219275,3.3165538422192746,15.793113534377499
27.0,24.155260217842578,2.844739782157422,10.53607326724971
28.0,23.936012497610488,4.063987502389512,14.514241079962545
34.0,23.196437365792907,10.803562634207093,31.775184218256157
29.0,30.43085781919605,1.4308578191960493,4.933992479986377
25.0,30.45344887856296,5.453448878562959,21.813795514251836
31.0,23.173036223036227,7.8269637769637725,25.24827024827023
25.0,23.613852999986445,1.3861470000135547,5.544588000054219
26.0,23.544650161055266,2.455349838944734,9.443653226710516
27.0,23.446547350178044,3.5534526498219563,13.16093574008132
27.0,23.438922571435327,3.5610774285646727,13.189175661350639
35.0,32.35825285669823,2.641747143301771,7.547848980862202
36.0,33.15039958034496,2.84960041965504,7.915556721264
33.0,24.821374220849957,8.178625779150043,24.783714482272856
26.0,25.735479034329263,0.26452096567073724,1.0173883295028356
32.0,26.024109545942903,5.975890454057097,18.67465766892843
26.0,27.28791548726526,1.2879154872652592,4.953521104866381
28.0,26.75286782577199,1.2471321742280104,4.454043479385751
33.0,36.62647476597478,3.626474765974777,10.98931747265084
36.0,37.608063492063515,1.6080634920635148,4.466843033509763
21.0,27.26418052824583,6.264180528245831,29.829431086884906
32.0,27.23205662699877,4.767943373001231,14.899823040628846
24.0,27.852848230017777,3.852848230017777,16.053534291740736
20.0,27.469575178284515,7.469575178284515,37.347875891422575
26.0,27.138199312018465,1.1381993120184646,4.3776896616094785
35.0,37.83523809523809,2.83523809523809,8.100680272108827
32.0,38.3224470899471,6.322447089947097,19.75764715608468
28.0,27.18810202318446,0.8118979768155405,2.8996356314840734
25.0,27.338047735204576,2.338047735204576,9.352190940818303
18.0,27.23592733865097,9.23592733865097,51.31070743694983
36.0,27.080579921088045,8.919420078911955,24.77616688586654
28.0,26.079146507448854,1.9208534925511458,6.8601910448255214
37.0,34.87493518518519,2.125064814814813,5.743418418418413
46.0,34.684484859461016,11.315515140538984,24.598945957693445
36.0,26.95155694335056,9.04844305664944,25.134564046248443
26.0,27.21593916892015,1.2159391689201513,4.676689111231351
31.0,26.768312982147663,4.231687017852337,13.650603283394636
27.0,26.947266464421592,0.05273353557840821,0.1953093910311415
28.0,25.836339769215193,2.1636602307848065,7.7273579670885955
45.0,36.2959920634921,8.7040079365079,19.342239858906442
37.0,34.76959391534392,2.2304060846560816,6.028124553124544
24.0,27.73566927147999,3.7356692714799884,15.565288631166618
36.0,27.74387592742114,8.25612407257886,22.93367797938572
24.0,26.73526378511136,2.7352637851113606,11.396932437964002
27.0,26.743537378383436,0.2564626216165635,0.9498615615428277
24.0,25.968584979234567,1.968584979234567,8.202437413477364
24.0,35.99817724867724,11.998177248677237,49.99240520282182
25.0,35.92212301587301,10.922123015873012,43.68849206349205
29.0,26.940012638292753,2.059987361707247,7.10340469554223
25.0,27.185432072192796,2.1854320721927962,8.741728288771185
35.0,28.76380553047377,6.236194469526229,17.81769848436065
25.0,27.537083733714177,2.5370837337141765,10.148334934856706
31.0,27.425819166085553,3.574180833914447,11.529615593272409
31.0,30.955628306878292,0.04437169312170752,0.143134493940992
37.0,31.260552910052898,5.739447089947102,15.512019162019195
24.0,28.090191519978767,4.090191519978767,17.042464666578194
29.0,29.10067230960187,0.1006723096018689,0.3471458951788583
26.0,28.79424883681261,2.79424883681261,10.747110910817732
20.0,27.837526511100744,7.837526511100744,39.18763255550372
31.0,28.08249537707094,2.9175046229290587,9.411305235255028
39.0,31.588470853858773,7.411529146141227,19.003920887541607
29.0,33.25515873015871,4.255158730158712,14.672961138478316
27.0,27.001180707618843,0.0011807076188432575,0.004372991180900954
32.0,27.934455553638507,4.065544446361493,12.704826394879664
18.0,27.4442519946371,9.4442519946371,52.46806663687278
26.0,25.972418430354264,0.027581569645736437,0.10608296017590936
42.0,26.94062488934949,15.05937511065051,35.85565502535836
30.0,33.045724867724864,3.0457248677248643,10.152416225749548
28.0,31.25057169419494,3.2505716941949387,11.609184622124781
38.0,26.61677958073,11.38322041927,29.955843208605266
31.0,27.61096179824289,3.38903820175711,10.932381295990677
30.0,27.80466295029637,2.1953370497036317,7.3177901656787725
20.0,26.70298860176711,6.70298860176711,33.51494300883555
19.0,27.84116871178992,8.84116871178992,46.532466904157474
36.0,32.28287566137568,3.7171243386243233,10.325345385067566
28.0,32.394334656084666,4.394334656084666,15.694052343159523
28.0,26.81663202146186,1.18336797853814,4.226314209064785
20.0,26.75692857141672,6.756928571416719,33.78464285708359
36.0,27.10790758065338,8.892092419346621,24.700256720407282
35.0,27.126865886966396,7.873134113033604,22.494668894381725
36.0,26.221577141783833,9.778422858216167,27.16228571726713
35.0,32.17577279800809,2.82422720199191,8.069220577119744
32.0,31.472292639277942,0.5277073607220579,1.649085502256431
25.0,26.965309415188038,1.9653094151880381,7.8612376607521535
17.0,27.786722925305366,10.786722925305366,63.451311325325676
25.0,27.059919817777434,2.059919817777434,8.239679271109736
19.0,27.159472312938234,8.159472312938234,42.94459112072755
36.0,27.46057869454725,8.539421305452748,23.720614737368745
32.0,33.580620370370376,1.5806203703703758,4.9394386574074245
31.0,32.94762566137566,1.9476256613756604,6.282663423792453
38.0,27.15792209268036,10.842077907319641,28.531783966630638
25.0,26.642099882925635,1.6420998829256348,6.568399531702538
26.0,27.24494572159502,1.2449457215950197,4.788252775365461
28.0,26.187746143492685,1.812253856507315,6.472335201811839
19.0,26.87295153411234,7.872951534112339,41.43658702164389
24.0,32.58879071527602,8.58879071527602,35.78662798031675
27.0,32.92589124437656,5.925891244376558,21.947745349542807
36.0,27.27509938826554,8.724900611734459,24.235835032595716
26.0,26.619562630800264,0.6195626308002637,2.38293319538563
25.0,26.407054431690767,1.4070544316907672,5.628217726763069
28.0,27.073250732237007,0.9267492677629932,3.3098188134392617
31.0,26.56046662951876,4.439533370481239,14.32107538864916
34.0,33.84342989417991,0.15657010582008724,0.4605003112355507
33.0,34.3019814814815,1.3019814814814978,3.945398428731812
27.0,26.2511870798683,0.7488129201317015,2.7733811856729687
29.0,24.491533697892258,4.508466302107742,15.546435524509455
34.0,25.298278172287784,8.701721827712216,25.593299493271225
28.0,24.301820405247778,3.6981795947522222,13.207784266972222
21.0,26.0265193001443,5.026519300144301,23.93580619116334
36.0,35.48891005291007,0.5110899470899284,1.4196942974720232
31.0,34.885182539682575,3.8851825396825745,12.532846902201852
28.0,25.484686013275805,2.5153139867241947,8.983264238300695
28.0,25.324894029603016,2.6751059703969844,9.553949894274945
31.0,26.18837942938051,4.811620570619489,15.521356679417705
24.0,25.894818326482717,1.8948183264827172,7.895076360344655
16.0,24.64198680817832,8.64198680817832,54.0124175511145
38.0,34.50910317460318,3.490896825396817,9.186570593149519
41.0,34.00645767195769,6.9935423280423095,17.057420312298316
27.0,24.0297176009802,2.9702823990198013,11.00104592229556
25.0,23.85599580745478,1.1440041925452213,4.576016770180885
22.0,25.826818233177207,3.8268182331772067,17.394628332623665
30.0,24.75505014200913,5.244949857990871,17.483166193302903
27.0,24.254967548770384,2.7450324512296156,10.166786856405983
32.0,35.21748544973544,3.2174854497354417,10.054642030423256
34.0,36.523785714285715,2.523785714285715,7.422899159663868
23.0,24.192710652334064,1.192710652334064,5.185698488408974
27.0,23.254559720682348,3.745440279317652,13.872001034509823
32.0,23.480263024705444,8.519736975294556,26.62417804779549
27.0,23.762470052206886,3.2375299477931136,11.990851658493014
30.0,22.56328664410774,7.436713355892259,24.789044519640864
37.0,33.948207010581996,3.0517929894180043,8.2480891605892
44.0,35.4760601851852,8.523939814814803,19.37259048821546
16.0,24.653950919450917,8.653950919450917,54.08719324656823
26.0,23.30182506001623,2.698174939983769,10.377595923014496
19.0,24.67156599832916,5.671565998329161,29.85034735962716
25.0,23.8487148508673,1.1512851491327005,4.605140596530802
27.0,24.06608597883599,2.9339140211640107,10.866348226533374
26.0,27.92685780423281,1.9268578042328102,7.410991554741578
17.0,27.187158730158732,10.187158730158732,59.924463118580775
31.0,23.04056431807747,7.959435681922528,25.675598973943643
22.0,23.381071995173496,1.381071995173496,6.277599978061345
20.0,23.933359242609246,3.933359242609246,19.66679621304623
23.0,23.847222168329083,0.8472221683290826,3.6835746449090543
30.0,23.18191231330875,6.81808768669125,22.7269589556375
25.0,29.80761111111112,4.807611111111122,19.230444444444487
28.0,28.83447799422799,0.8344779942279885,2.9802785508142446
23.0,22.835019403147218,0.1649805968527822,0.7173069428381835
25.0,22.272079407539923,2.7279205924600767,10.911682369840307
29.0,22.059308665019188,6.940691334980812,23.93341839648556
22.0,22.510466563693367,0.5104665636933667,2.3203025622425764
23.0,21.84035190453612,1.1596480954638793,5.041948241147301
22.0,26.422893790849674,4.422893790849674,20.104062685680336
27.0,26.562754210047217,0.43724578995278307,1.6194288516769744
20.0,21.854707949500902,1.8547079495009022,9.273539747504511
23.0,22.2658704972529,0.7341295027470984,3.1918674032482537
25.0,22.91458314436887,2.0854168556311308,8.341667422524523
20.0,23.089962695256805,3.089962695256805,15.449813476284024
21.0,23.37347555334098,2.373475553340981,11.302264539718959
26.0,24.775902647547003,1.224097352452997,4.708066740203835
33.0,24.72182563732563,8.27817436267437,25.085376856589004
23.0,22.96359983283279,0.03640016716720851,0.15826159637916742
24.0,22.05985556095564,1.94014443904436,8.083935162684835
21.0,21.981713893958272,0.9817138939582719,4.674828066467962
17.0,21.262318024407485,4.2623180244074845,25.07245896710285
24.0,21.47060652220213,2.5293934777978713,10.539139490824462
23.0,25.319439817904843,2.3194398179048434,10.084520947412363
26.0,26.66517419312157,0.6651741931215689,2.5583622812368034
23.0,20.36440990906843,2.6355900909315686,11.459087351876384
29.0,20.583362910785155,8.416637089214845,29.022886514533948
17.0,21.95241223427313,4.95241223427313,29.13183667219488
28.0,19.316770999189863,8.683229000810137,31.011532145750486
18.0,20.308996501703373,2.3089965017033727,12.827758342796514
21.0,25.114024739782767,4.114024739782767,19.59059399896556
23.0,25.42883883420238,2.428838834202381,10.560168844358177
20.0,19.662555938289312,0.33744406171068775,1.6872203085534387
18.0,20.47372708530505,2.4737270853050504,13.742928251694725
17.0,21.450475226021688,4.4504752260216875,26.17926603542169
39.0,20.39833710154183,18.60166289845817,47.696571534508124
20.0,20.969186349522307,0.9691863495223068,4.845931747611534
23.0,25.640136077483092,2.640136077483092,11.478852510796052
26.0,25.21625624266867,0.7837437573313295,3.0143990666589593
18.0,20.559610124408593,2.559610124408593,14.220056246714405
18.0,19.779487163378256,1.7794871633782563,9.88603979654587
15.0,20.503037705815487,5.503037705815487,36.68691803876991
27.0,19.707627162089395,7.292372837910605,27.008788288557795
19.0,20.52429314880644,1.5242931488064393,8.02259552003389
27.0,25.226547486002175,1.7734525139978246,6.568342644436386
21.0,25.505385447421514,4.505385447421514,21.45421641629292
17.0,20.502823648823846,3.5028236488238456,20.604844993081446
17.0,20.983790518284454,3.9837905182844544,23.4340618722615
21.0,21.262455777395985,0.262455777395985,1.2497894161713572
28.0,21.144782573239695,6.855217426760305,24.482919381286802
26.0,20.27495263714404,5.72504736285596,22.019412934061386
30.0,24.415795707103488,5.584204292896512,18.61401430965504
20.0,25.642485645787115,5.642485645787115,28.212428228935575
22.0,20.454544740077605,1.5454552599223952,7.024796636010887
13.0,19.61424051272658,6.614240512726582,50.878773174819855
19.0,19.555302982272156,0.5553029822721562,2.9226472751166117
26.0,21.477432093547577,4.522567906452423,17.394491947893933
14.0,21.491143858934052,7.491143858934052,53.50817042095751
30.0,25.081698629698618,4.918301370301382,16.394337901004608
28.0,27.029552946789664,0.9704470532103358,3.465882332894056
21.0,21.098617266613434,0.0986172666134344,0.4696060314925447
22.0,21.202475295190023,0.7975247048099767,3.6251122945908034
17.0,20.780274984303777,3.7802749843037766,22.236911672375157
22.0,20.861347369705832,1.1386526302941675,5.175693774064398
18.0,19.816608810210024,1.816608810210024,10.092271167833466
31.0,27.25950995010601,3.740490049893989,12.0660969351419
36.0,26.39625091543155,9.603749084568449,26.67708079046791
21.0,20.134841717582475,0.865158282417525,4.119801344845357
19.0,20.833037433734457,1.8330374337344573,9.64756544070767
17.0,20.66599712927968,3.665997129279681,21.56468899576283
21.0,19.516932920614792,1.4830670793852079,7.062224187548609
25.0,19.908056040623386,5.091943959376614,20.367775837506457
24.0,27.082284696784704,3.082284696784704,12.8428529032696
31.0,26.248225633843287,4.751774366156713,15.328304406957137
23.0,21.094609621481037,1.9053903785189625,8.284305993560706
24.0,20.849246523002968,3.150753476997032,13.128139487487633
16.0,20.62665248372187,4.62665248372187,28.916578023261685
19.0,19.973652815999614,0.9736528159996141,5.124488505261127
27.0,20.52965906414934,6.470340935850661,23.964225688335784
32.0,26.992954971635125,5.007045028364875,15.647015713640233
27.0,27.92883844205902,0.9288384420590212,3.4401423779963745
24.0,20.43001179637444,3.5699882036255595,14.87495084843983
16.0,20.099221053736148,4.099221053736148,25.620131585850924
21.0,19.926463840003912,1.0735361599960882,5.112076952362324
18.0,19.922354668498006,1.9223546684980057,10.679748158322253
17.0,19.856447520140645,2.8564475201406445,16.802632471415556
26.0,23.308994866244873,2.6910051337551266,10.350019745212027
20.0,23.516505050505046,3.516505050505046,17.58252525252523
17.0,20.485943005229107,3.4859430052291067,20.505547089582983
19.0,20.199842928229877,1.1998429282298773,6.3149627801572485
16.0,21.062699444764444,5.062699444764444,31.641871529777777
22.0,21.369845187118216,0.6301548128817842,2.8643400585535645
20.0,20.3173526731272,0.31735267312719984,1.5867633656359994
14.0,24.135791144868946,10.135791144868946,72.39850817763534
29.0,23.315249089661055,5.684750910338945,19.602589345996364
26.0,21.302992189633763,4.697007810366237,18.06541465525476
24.0,21.27027166766638,2.7297283323336217,11.37386805139009
19.0,21.386585197430172,2.386585197430172,12.560974723316695
27.0,21.11022872487841,5.889771275121589,21.813967685635514
12.0,21.819006227819955,9.819006227819955,81.82505189849962
23.0,20.98029294433648,2.0197070556635204,8.781335024624001
21.0,22.125459942687744,1.125459942687744,5.359333060417829
16.0,20.461159261926454,4.461159261926454,27.88224538704034
17.0,21.09019849905092,4.090198499050921,24.059991170887766
16.0,21.37374903362616,5.3737490336261615,33.58593146016351
19.0,20.37400580735904,1.3740058073590404,7.231609512416003
16.0,21.470856422598555,5.470856422598555,34.19285264124097
21.0,23.258798687208614,2.258798687208614,10.756184224802924
33.0,22.375328050047184,10.624671949952816,32.195975605917624
20.0,20.20578711407599,0.2057871140759886,1.028935570379943
15.0,19.636051487542822,4.636051487542822,30.90700991695215
19.0,19.07267988242487,0.07267988242486823,0.38252569697299066
16.0,18.840173096648925,2.8401730966489254,17.751081854055784
23.0,19.192692713421568,3.807307286578432,16.553509941645355
24.0,23.849286719855556,0.15071328014444418,0.6279720006018508
33.0,24.074370694522873,8.925629305477127,27.04736153174887
22.0,18.384789383627652,3.615210616372348,16.43277552896522
22.0,17.861589668760907,4.138410331239093,18.810956051086787
17.0,18.82599847465293,1.8259984746529305,10.741167497958415
14.0,18.248221298357684,4.248221298357684,30.34443784541203
19.0,18.92886032406457,0.0711396759354308,0.3744193470285832
22.0,25.683132291732296,3.6831322917322957,16.74151041696498
36.0,27.115746693121682,8.884253306878318,24.678481407995324
19.0,19.86218104393762,0.8621810439376212,4.537794968092744
21.0,20.09708159244038,0.9029184075596213,4.299611464569625
25.0,19.57895463597401,5.421045364025989,21.684181456103957
21.0,19.608136004600535,1.391863995399465,6.627923787616499
20.0,19.63919451660882,0.3608054833911787,1.8040274169558934
30.0,26.65404467973267,3.345955320267329,11.153184400891098
24.0,27.601583886926292,3.601583886926292,15.006599528859551
22.0,20.324760360463387,1.6752396395366134,7.614725634257334
19.0,19.842765414462466,0.8427654144624661,4.435607444539295
9.0,19.690928142075517,10.690928142075517,118.78809046750574
20.0,19.74615819943168,0.2538418005683205,1.2692090028416025
22.0,20.150549617118912,1.8494503828810878,8.406592649459489
23.0,26.533728462169634,3.533728462169634,15.364036792041889
24.0,26.845224481185017,2.845224481185017,11.855102004937573
17.0,19.859219363491718,2.859219363491718,16.818937432304224
18.0,20.043230084054006,2.043230084054006,11.351278244744476
22.0,20.320072651007546,1.6799273489924538,7.636033404511154
18.0,19.89569952030892,1.89569952030892,10.531664001716221
21.0,19.966182453968038,1.0338175460319619,4.922940695390294
22.0,24.88650344518455,2.8865034451845517,13.120470205384327
41.0,26.313821846282373,14.686178153717627,35.81994671638446
32.0,21.544581182711504,10.455418817288496,32.67318380402655
24.0,20.60484652777161,3.3951534722283903,14.146472800951626
15.0,20.16690811243116,5.166908112431159,34.4460540828744
25.0,20.021279960295946,4.978720039704054,19.914880158816217
20.0,20.904216788624268,0.904216788624268,4.52108394312134
29.0,26.51382184628235,2.486178153717649,8.573028116267755
22.0,24.558904761904763,2.5589047619047633,11.631385281385288
27.0,21.627075877954052,5.372924122045948,19.899718970540548
24.0,21.83228669551414,2.1677133044858614,9.03213876869109
20.0,21.91170388039286,1.91170388039286,9.5585194019643
26.0,22.151750078131325,3.8482499218686748,14.800961237956441
25.0,21.94220996927411,3.05779003072589,12.23116012290356
23.0,23.807706450956452,0.8077064509564522,3.5117671780715316
26.0,24.309181878306877,1.6908181216931233,6.5031466218966285
16.0,21.323352323328066,5.323352323328066,33.270952020800415
19.0,22.164263227421593,3.1642632274215927,16.654016986429436
21.0,21.795085490913596,0.7950854909135963,3.7861213853028395
28.0,21.377595448382642,6.6224045516173575,23.65144482720485
16.0,20.768483322305645,4.768483322305645,29.80302076441028
25.0,25.310129966615946,0.3101299666159463,1.240519866463785
22.0,25.976047973860585,3.9760479738605845,18.07294533572993
21.0,22.10592588754057,1.1059258875405718,5.2663137501931985
15.0,22.613181365735773,7.613181365735773,50.754542438238495
27.0,21.72162463257484,5.278375367425159,19.54953839787096
24.0,21.91931906403872,2.0806809359612792,8.669503899838665
27.0,21.382435852148124,5.617564147851876,20.805793140192133
32.0,25.166079003313275,6.833920996686725,21.356003114646015
20.0,25.021847542503533,5.021847542503533,25.10923771251766
15.0,22.141257816798532,7.141257816798532,47.60838544532355
16.0,22.454647103351693,6.454647103351693,40.341544395948084
16.0,22.566764168995483,6.566764168995483,41.04227605622177
8.0,2.6580169847147697,5.34198301528523,66.77478769106537
4.0,6.713905578216577,2.7139055782165773,67.84763945541444
4.0,7.519963620273978,3.5199636202739777,87.99909050684944
4.0,5.919759908789385,1.919759908789385,47.99399771973463
7.0,7.523027947869369,0.5230279478693687,7.471827826705267
10.0,7.26974196855776,2.73025803144224,27.302580314422396
3.0,7.7128597883597925,4.7128597883597925,157.09532627865974
3.0,7.229373231698903,4.229373231698903,140.97910772329675
6.0,7.115241033150261,1.1152410331502614,18.587350552504354
2.0,7.59913983606692,5.59913983606692,279.956991803346
4.0,7.30913613820563,3.3091361382056297,82.72840345514074
3.0,7.313160075514873,4.313160075514873,143.77200251716243
4.0,7.61693650793651,3.6169365079365097,90.42341269841275
3.0,6.626128908128909,3.6261289081289094,120.87096360429699
6.0,6.517234318856445,0.5172343188564454,8.620571980940756
6.0,6.785635804046874,0.7856358040468736,13.093930067447893
5.0,6.249787114072028,1.2497871140720278,24.995742281440556
4.0,6.185533535783455,2.1855335357834553,54.638338394586384
6.0,5.852360004590152,0.14763999540984774,2.460666590164129
5.0,6.255986513486517,1.2559865134865174,25.119730269730344
5.0,6.439336940836942,1.4393369408369416,28.786738816738833
12.0,5.525292324828832,6.474707675171168,53.95589729309307
3.0,5.506489540201162,2.506489540201162,83.54965134003875
3.0,5.509431836434807,2.509431836434807,83.64772788116022
9.0,5.585805304276375,3.4141946957236247,37.93549661915139
3.0,6.306661614224075,3.3066616142240752,110.22205380746917
3.0,6.511581168831167,3.5115811688311673,117.05270562770558
9.0,6.708365079365078,2.2916349206349222,25.462610229276915
7.0,6.203860129938757,0.7961398700612428,11.37342671516061
4.0,5.505805944496068,1.5058059444960676,37.64514861240169
6.0,5.934307674247699,0.065692325752301,1.094872095871683
8.0,6.410499807507166,1.5895001924928343,19.86875240616043
2.0,6.337785376127485,4.337785376127485,216.88926880637425
5.0,6.557584656084655,1.5575846560846554,31.151693121693107
6.0,6.89487852249921,0.8948785224992104,14.914642041653506
3.0,5.67039939088215,2.6703993908821504,89.01331302940501
4.0,6.079702945631894,2.079702945631894,51.992573640797346
6.0,6.311014174902135,0.3110141749021347,5.183569581702244
4.0,6.309998626493591,2.3099986264935906,57.74996566233976
6.0,6.248212129829778,0.2482121298297777,4.1368688304962955
3.0,6.2122952306314385,3.2122952306314385,107.07650768771461
7.0,5.868486408186629,1.1315135918133707,16.164479883048152
3.0,5.417539757953295,2.4175397579532953,80.58465859844318
10.0,5.863208406170436,4.136791593829564,41.36791593829564
4.0,5.911197803006879,1.9111978030068792,47.77994507517198
6.0,5.325207184935688,0.6747928150643121,11.246546917738536
5.0,6.134027592789731,1.1340275927897308,22.680551855794615
4.0,5.95763758869112,1.95763758869112,48.940939717278
3.0,6.323843973047679,3.323843973047679,110.79479910158929
8.0,5.39333114120749,2.60666885879251,32.58336073490638
8.0,6.221061070926648,1.7789389290733517,22.236736613416895
4.0,5.813900407255039,1.8139004072550389,45.347510181375974
2.0,6.04150560872497,4.04150560872497,202.0752804362485
11.0,6.29770610307968,4.70229389692032,42.74812633563928
10.0,7.263850527391692,2.736149472608308,27.36149472608308
14.0,7.586720043042031,6.413279956957969,45.80914254969978
5.0,6.315466540581877,1.3154665405818768,26.309330811637537
5.0,5.687908752122949,0.687908752122949,13.758175042458982
9.0,5.611194556133396,3.3888054438666044,37.65339382074005
6.0,6.246900742751181,0.24690074275118068,4.115012379186345
4.0,6.472656532001961,2.4726565320019613,61.816413300049035
6.0,7.525343915343917,1.5253439153439166,25.422398589065274
14.0,8.484138204707172,5.515861795292828,39.3990128235202
9.0,6.685182539682538,2.314817460317462,25.720194003527357
6.0,6.772151337248823,0.7721513372488227,12.869188954147045
6.0,6.558766964673576,0.558766964673576,9.3127827445596
6.0,6.799365392452839,0.799365392452839,13.32275654088065
10.0,6.445070191758007,3.554929808241993,35.54929808241993
10.0,7.740193229285335,2.2598067707146647,22.598067707146647
8.0,8.336865079365081,0.33686507936508114,4.210813492063514
5.0,6.605995328807481,1.6059953288074809,32.11990657614962
7.0,6.8139496642967785,0.1860503357032215,2.65786193861745
1.0,6.407323078778867,5.407323078778867,540.7323078778867
7.0,6.615152045510644,0.3848479544893557,5.49782792127651
10.0,6.460908048964336,3.5390919510356644,35.390919510356646
11.0,9.977199217449218,1.0228007825507817,9.298188932279833
10.0,9.821605889724312,0.17839411027568808,1.7839411027568808
6.0,7.207529919866226,1.207529919866226,20.1254986644371
6.0,7.035956821374298,1.035956821374298,17.265947022904967
7.0,6.348484769044504,0.6515152309554963,9.307360442221377
8.0,6.693305314421714,1.306694685578286,16.333683569728574
12.0,6.652855468035733,5.347144531964267,44.5595377663689
10.0,8.911823436041086,1.088176563958914,10.88176563958914
11.0,9.587337986305632,1.4126620136943675,12.842381942676068
7.0,8.001206487999292,1.0012064879992923,14.30294982856132
3.0,7.56660969957597,4.56660969957597,152.22032331919903
3.0,7.1788381859748505,4.1788381859748505,139.29460619916168
5.0,7.747406750963248,2.747406750963248,54.94813501926495
7.0,7.825019961190104,0.8250199611901037,11.78599944557291
10.0,9.489152669552672,0.5108473304473282,5.108473304473282
6.0,9.223921717171725,3.2239217171717254,53.73202861952876
11.0,7.255874392624391,3.744125607375609,34.037505521596444
4.0,6.9269992161554255,2.9269992161554255,73.17498040388564
3.0,7.055769384963126,4.055769384963126,135.1923128321042
12.0,7.192047863713431,4.807952136286569,40.066267802388076
2.0,7.451934416858981,5.451934416858981,272.596720842949
4.0,8.5281894437992,4.528189443799199,113.20473609497998
7.0,7.54227941462724,0.5422794146272398,7.74684878038914
7.0,7.3209508270777235,0.3209508270777235,4.58501181539605
4.0,6.8642027322377785,2.8642027322377785,71.60506830594446
6.0,6.506200807294801,0.5062008072948014,8.436680121580025
8.0,6.663046425111789,1.336953574888211,16.71191968610264
3.0,7.370507108427947,4.370507108427947,145.68357028093158
8.0,7.064442448576728,0.9355575514232717,11.694469392790896
13.0,7.349567927289299,5.650432072710701,43.46486209777462
10.0,5.975917988833709,4.024082011166291,40.24082011166291
7.0,6.179308685148872,0.8206913148511283,11.724161640730404
3.0,6.895982479116246,3.8959824791162463,129.8660826372082
4.0,7.377510953491051,3.3775109534910506,84.43777383727627
13.0,5.811516360658978,7.188483639341022,55.29602799493094
10.0,7.239750067972583,2.760249932027417,27.60249932027417
8.0,7.551238001586209,0.44876199841379094,5.609524980172386
6.0,6.112888363144009,0.11288836314400896,1.8814727190668161
6.0,6.21677861893351,0.21677861893351036,3.6129769822251725
6.0,5.727256602450914,0.2727433975490863,4.545723292484771
11.0,6.143284813537257,4.856715186462743,44.15195624057039
6.0,5.7489612592786905,0.2510387407213095,4.183979012021824
9.0,8.64738095238095,0.3526190476190507,3.9179894179894523
6.0,8.256805903648008,2.256805903648008,37.6134317274668
5.0,5.520499718519677,0.5204997185196767,10.409994370393534
6.0,5.88567654029335,0.11432345970665025,1.9053909951108376
6.0,5.946146382947437,0.053853617052562974,0.8975602842093829
8.0,6.313186951481237,1.6868130485187631,21.08516310648454
4.0,6.43290152482991,2.4329015248299104,60.82253812074776
8.0,8.730846336404863,0.7308463364048627,9.135579205060784
8.0,7.99875236406619,0.001247635933809832,0.0155954491726229
12.0,6.56446794277737,5.43553205722263,45.29610047685526
3.0,6.3545372101583295,3.3545372101583295,111.81790700527765
7.0,6.07634919656985,0.9236508034301503,13.195011477573576
10.0,6.879506567760336,3.1204934322396642,31.204934322396642
8.0,6.262014560545819,1.7379854394541807,21.724817993177258
11.0,6.773778186472451,4.226221813527549,38.420198304795896
7.0,6.917802837747102,0.08219716225289808,1.1742451750414011
4.0,6.712864317595143,2.712864317595143,67.82160793987858
7.0,7.0431079060659405,0.043107906065940504,0.6158272295134358
6.0,6.953503338258943,0.9535033382589431,15.891722304315717
8.0,7.935505666841136,0.06449433315886388,0.8061791644857985
3.0,6.798477982656646,3.798477982656646,126.61593275522154
3.0,8.843983703333711,5.843983703333711,194.79945677779037
6.0,8.741007945757946,2.7410079457579464,45.683465762632444
8.0,6.880318825458318,1.1196811745416824,13.99601468177103
10.0,6.320692579816138,3.6793074201838616,36.793074201838614
4.0,6.439762711753783,2.439762711753783,60.99406779384458
4.0,7.029485189509421,3.029485189509421,75.73712973773551
5.0,6.845402116542573,1.845402116542573,36.90804233085146
9.0,7.458288901417348,1.5417110985826517,17.13012331758502
10.0,7.106254196534443,2.893745803465557,28.93745803465557
7.0,6.382913204654482,0.6170867953455179,8.815525647793113
8.0,5.549884521065365,2.4501154789346353,30.62644348668294
9.0,5.83265510672816,3.1673448932718404,35.19272103635378
8.0,6.37671931336475,1.6232806866352503,20.291008582940627
6.0,6.310995956931139,0.3109959569311389,5.1832659488523145
7.0,7.887826129426129,0.8878261294261289,12.68323042037327
7.0,8.337727681577679,1.3377276815776789,19.1103954511097
7.0,5.822147137294828,1.1778528627051719,16.82646946721674
7.0,6.079222212414442,0.9207777875855578,13.1539683940794
5.0,6.071123902924469,1.0711239029244686,21.42247805848937
10.0,6.650320108354575,3.349679891645425,33.49679891645425
2.0,6.459018646904091,4.459018646904091,222.95093234520454
8.0,9.104151587301587,1.1041515873015868,13.801894841269835
10.0,9.016020562770564,0.9839794372294364,9.839794372294364
8.0,6.126918075713262,1.8730819242867378,23.413524053584222
7.0,6.047074978324583,0.9529250216754166,13.613214595363093
8.0,6.469857511995514,1.5301424880044863,19.12678110005608
5.0,6.808179013923719,1.808179013923719,36.163580278474384
9.0,5.856036503837838,3.1439634961621623,34.93292773513514
5.0,7.32512043702637,2.32512043702637,46.50240874052739
8.0,7.992159869759874,0.007840130240126086,0.09800162800157608
7.0,5.95876149412245,1.0412385058775504,14.874835798250722
6.0,6.176849710451253,0.1768497104512532,2.9474951741875532
9.0,5.935920611847635,3.064079388152365,34.04532653502628
1.0,6.479816120772778,5.479816120772778,547.9816120772778
4.0,6.11767270990823,2.1176727099082298,52.94181774770574
8.0,8.731991402116403,0.7319914021164031,9.149892526455039
12.0,8.477898157398156,3.5221018426018436,29.350848688348698
3.0,6.947947678682972,3.947947678682972,131.59825595609905
5.0,6.812463371497823,1.8124633714978229,36.249267429956454
5.0,6.796057828407358,1.796057828407358,35.92115656814716
9.0,6.681678882118242,2.3183211178817578,25.75912353201953
9.0,6.960839711386034,2.0391602886139664,22.657336540155182
4.0,7.422673882956295,3.4226738829562953,85.56684707390738
9.0,7.978845203351297,1.0211547966487027,11.346164407207809
6.0,6.304945549309015,0.3049455493090152,5.082425821816919
12.0,6.830756064941961,5.169243935058039,43.07703279215032
4.0,6.291892929816416,2.2918929298164157,57.29732324541039
3.0,6.27441365811712,3.27441365811712,109.14712193723733
3.0,6.177998122321639,3.1779981223216387,105.93327074405462
4.0,7.096235292485292,3.096235292485292,77.4058823121323
10.0,6.662810256381867,3.337189743618133,33.37189743618133
11.0,6.688460780738149,4.311539219261851,39.195811084198645
8.0,5.65578906899781,2.3442109310021904,29.302636637527378
5.0,5.887353576078601,0.8873535760786009,17.747071521572018
5.0,6.659984413028564,1.659984413028564,33.19968826057128
6.0,5.964924892312852,0.035075107687148055,0.5845851281191343
9.0,6.711372432034195,2.288627567965805,25.429195199620057
6.0,6.704245381685412,0.7042453816854124,11.737423028090205
5.0,5.839443768793365,0.8394437687933651,16.788875375867303
4.0,6.255883718240615,2.2558837182406153,56.397092956015385
3.0,6.043207462387961,3.0432074623879606,101.44024874626535
6.0,6.368909578019786,0.3689095780197862,6.148492966996436
3.0,6.490432595787011,3.490432595787011,116.34775319290036
3.0,8.1754346644061,5.175434664406099,172.51448881353664
5.0,7.5050291005291,2.5050291005291,50.10058201058201
6.0,6.802815387292638,0.8028153872926378,13.380256454877296
2.0,6.427305681965903,4.427305681965903,221.36528409829515
10.0,6.475631635029026,3.5243683649709743,35.243683649709745
5.0,6.67224926507457,1.6722492650745702,33.4449853014914
6.0,6.077809170847833,0.07780917084783301,1.2968195141305503
3.0,6.56959503089503,3.56959503089503,118.98650102983434
7.0,6.516346292596292,0.4836537074037084,6.909338677195834
6.0,5.412982738124241,0.5870172618757588,9.783621031262646
4.0,5.095750466345708,1.0957504663457076,27.39376165864269
2.0,5.866850483179619,3.8668504831796193,193.34252415898098
3.0,5.728834252407953,2.728834252407953,90.96114174693177
8.0,5.9523743771421955,2.0476256228578045,25.595320285722558
7.0,6.885576804459159,0.1144231955408408,1.6346170791548684
3.0,7.012611111111114,4.012611111111114,133.7537037037038
5.0,4.923751307144551,0.07624869285544911,1.5249738571089821
9.0,5.037361247364474,3.9626387526355256,44.029319473728066
6.0,5.438848735172069,0.5611512648279309,9.352521080465515
8.0,5.016511465263056,2.983488534736944,37.2936066842118
6.0,5.334591286454979,0.6654087135450206,11.090145225750343
8.0,6.322872233075359,1.6771277669246407,20.96409708655801
7.0,6.350220114630544,0.6497798853694556,9.282569790992223
2.0,5.649013409057144,3.6490134090571438,182.4506704528572
6.0,5.656079896343326,0.34392010365667414,5.732001727611236
7.0,5.336259786787275,1.6637402132127246,23.767717331610353
2.0,5.487922595053535,3.4879225950535346,174.39612975267673
5.0,5.577898155052792,0.5778981550527922,11.557963101055844
4.0,7.320628325675569,3.3206283256755693,83.01570814188923
3.0,6.972660669689255,3.9726606696892546,132.42202232297515
5.0,5.758701373804306,0.758701373804306,15.174027476086122
5.0,5.591241284420083,0.5912412844200832,11.824825688401663
4.0,5.326605305998833,1.3266053059988332,33.16513264997083
8.0,5.486994804762764,2.513005195237236,31.412564940465447
4.0,5.691868370175464,1.691868370175464,42.2967092543866
6.0,7.218443856613191,1.2184438566131908,20.307397610219844
5.0,7.2964980983701935,2.2964980983701935,45.92996196740387
7.0,5.668725260880493,1.3312747391195066,19.018210558850093
3.0,5.060027292246174,2.0600272922461738,68.66757640820579
3.0,5.268581999993014,2.268581999993014,75.61939999976714
5.0,5.4473322689049235,0.4473322689049235,8.94664537809847
5.0,5.456898457136345,0.4568984571363446,9.137969142726892
8.0,7.271269410328232,0.728730589671768,9.1091323708971
6.0,7.272421550671555,1.272421550671555,21.207025844525916
4.0,5.254180626285496,1.2541806262854962,31.354515657137405
11.0,4.81456951403347,6.18543048596653,56.23118623605937
5.0,4.5684975117475135,0.4315024882524865,8.63004976504973
5.0,5.166084027868612,0.16608402786861198,3.3216805573722397
8.0,5.276292282894552,2.723707717105448,34.0463464638181
12.0,7.1816064714152965,4.8183935285847035,40.15327940487253
7.0,7.1891144254851165,0.18911442548511648,2.7016346497873784
5.0,5.059427267637936,0.059427267637936154,1.188545352758723
8.0,5.9438480903029935,2.0561519096970065,25.70189887121258
2.0,5.560414423876918,3.560414423876918,178.0207211938459
2.0,5.660493856718445,3.6604938567184453,183.02469283592225
2.0,6.045693890707408,4.045693890707408,202.28469453537042
4.0,7.260727766385665,3.2607277663856653,81.51819415964164
4.0,7.266086644087769,3.2660866440877694,81.65216610219423
6.0,5.675916497539285,0.3240835024607147,5.401391707678579
1.0,5.135026970552156,4.135026970552156,413.5026970552156
3.0,5.2599773473411915,2.2599773473411915,75.33257824470638
2.0,5.609898267621414,3.609898267621414,180.49491338107072
1.0,5.589006737328869,4.589006737328869,458.90067373288696
7.0,6.654812306148514,0.34518769385148573,4.931252769306939
5.0,6.605146725605026,1.6051467256050262,32.102934512100525
1.0,4.752187113799743,3.752187113799743,375.2187113799743
7.0,4.96617528674453,2.03382471325547,29.05463876079243
2.0,4.484471536044045,2.484471536044045,124.22357680220225
6.0,4.620816944127514,1.3791830558724856,22.986384264541428
6.0,5.372935814492824,0.6270641855071757,10.45106975845293
6.0,5.522468253968253,0.4775317460317474,7.958862433862457
6.0,6.162038015624225,0.16203801562422537,2.7006335937370896
5.0,5.285819783973194,0.28581978397319396,5.716395679463879
2.0,4.8595471022296,2.8595471022296,142.97735511148
8.0,4.728889001011444,3.271110998988556,40.88888748735695
4.0,5.034777910144448,1.0347779101444479,25.869447753611198
4.0,5.299400097688173,1.2994000976881734,32.48500244220433
4.0,5.852772890770861,1.8527728907708614,46.31932226927154
6.0,6.0752088540450595,0.0752088540450595,1.2534809007509917
7.0,4.900020720679563,2.0999792793204373,29.99970399029196
8.0,4.9020718628579,3.0979281371421,38.72410171427625
6.0,4.252605276689618,1.7473947233103821,29.12324538850637
3.0,4.466926879057436,1.4669268790574357,48.89756263524785
7.0,4.6684797412033765,2.3315202587966235,33.30743226852319
4.0,5.671411896004468,1.671411896004468,41.7852974001117
3.0,5.657824834711254,2.6578248347112536,88.59416115704178
5.0,4.331884463559254,0.6681155364407463,13.362310728814924
6.0,4.390818198846305,1.609181801153695,26.819696685894918
6.0,4.249561373594729,1.7504386264052707,29.173977106754513
3.0,4.068745969625388,1.0687459696253878,35.624865654179594
5.0,4.138432715724049,0.8615672842759512,17.231345685519024
11.0,5.840738070189702,5.159261929810298,46.90238118009361
2.0,5.963313301441655,3.963313301441655,198.16566507208276
4.0,4.238695329718303,0.2386953297183032,5.96738324295758
3.0,4.555753486213573,1.5557534862135727,51.858449540452426
7.0,4.680805533000253,2.319194466999747,33.13134952856781
4.0,4.339554125956398,0.3395541259563979,8.488853148909946
8.0,5.565139351675219,2.434860648324781,30.43575810405976
4.0,7.2437330610271635,3.2437330610271635,81.09332652567909
6.0,7.100819239189929,1.1008192391899287,18.346987319832145
7.0,5.528241557622323,1.471758442377677,21.025120605395387
4.0,5.259839031123914,1.2598390311239136,31.49597577809784
5.0,5.255500677524035,0.2555006775240347,5.110013550480694
10.0,5.5365326273407085,4.4634673726592915,44.634673726592915
7.0,5.950886644904191,1.049113355095809,14.987333644225842
7.0,6.414621806125661,0.5853781938743392,8.362545626776274
14.0,6.828968243235992,7.171031756764008,51.2216554054572
5.0,5.31582805426693,0.3158280542669303,6.316561085338606
11.0,5.2833696776120345,5.7166303223879655,51.96936656716332
9.0,5.345575720138348,3.6544242798616517,40.60471422068502
5.0,5.81477092380031,0.8147709238003102,16.295418476006205
6.0,5.640468007610676,0.3595319923893241,5.992199873155402
5.0,7.588650195270889,2.5886501952708887,51.77300390541777
7.0,7.26916224644763,0.26916224644763,3.8451749492518568
7.0,5.764419039497538,1.2355809605024621,17.651156578606603
6.0,5.901841609942984,0.09815839005701577,1.6359731676169293
9.0,6.238774759644341,2.7612252403556594,30.680280448396214
5.0,6.364244862530035,1.3642448625300352,27.284897250600704
6.0,6.389081134138676,0.3890811341386762,6.484685568977937
3.0,8.264888648388649,5.264888648388649,175.49628827962164
3.0,8.734453833203832,5.7344538332038315,191.14846110679437
5.0,6.231464483181172,1.2314644831811723,24.629289663623446
8.0,6.648926506255903,1.3510734937440967,16.888418671801208
3.0,6.618783114104732,3.6187831141047324,120.62610380349108
4.0,6.816912989650374,2.8169129896503744,70.42282474125936
3.0,6.6908393939590125,3.6908393939590125,123.02797979863375
11.0,8.5137356041432,2.4862643958568,22.60240359869818
3.0,7.273047859547857,4.273047859547857,142.43492865159524
7.0,6.4050693018922,0.5949306981077997,8.499009972968567
4.0,6.068257144790065,2.0682571447900653,51.706428619751634
3.0,6.320032037636669,3.320032037636669,110.66773458788897
4.0,6.383419094555643,2.3834190945556433,59.58547736389108
3.0,6.189595763238442,3.189595763238442,106.31985877461474
7.0,7.080394263144268,0.08039426314426823,1.148489473489546
5.0,6.28848933528345,1.28848933528345,25.769786705669002
7.0,6.7264892152221005,0.2735107847778995,3.9072969253985637
3.0,6.407133286356839,3.4071332863568387,113.57110954522796
4.0,6.726158840430692,2.726158840430692,68.1539710107673
5.0,6.297149450246681,1.297149450246681,25.94298900493362
3.0,6.233583909437634,3.233583909437634,107.7861303145878
8.0,6.121233379343091,1.8787666206569087,23.48458275821136
7.0,6.361463080664586,0.6385369193354142,9.121955990505917
3.0,5.6972743796312235,2.6972743796312235,89.90914598770745
6.0,5.068074679705554,0.9319253202944457,15.532088671574096
7.0,5.5581224635647555,1.4418775364352445,20.598250520503495
4.0,5.472835171231876,1.4728351712318757,36.820879280796895
6.0,5.704553104684027,0.29544689531597257,4.924114921932876
1.0,6.163712878060021,5.163712878060021,516.3712878060021
5.0,6.7051532895209345,1.7051532895209345,34.10306579041869
10.0,5.279795716503518,4.720204283496482,47.20204283496482
8.0,5.343715767058691,2.656284232941309,33.203552911766366
3.0,5.222821160982487,2.2228211609824866,74.09403869941622
5.0,4.896757586022437,0.10324241397756317,2.0648482795512635
9.0,5.911037403876654,3.088962596123346,34.321806623592735
7.0,6.451874316961199,0.5481256830388013,7.830366900554305
12.0,6.404758649564956,5.595241350435044,46.62701125362537
11.0,6.011692252789271,4.988307747210729,45.34825224737026
5.0,5.720258659227108,0.7202586592271079,14.405173184542159
6.0,5.576620280185608,0.4233797198143918,7.056328663573197
3.0,5.760286313329165,2.760286313329165,92.00954377763884
6.0,6.334859895494935,0.3348598954949349,5.580998258248915
6.0,7.149556878306878,1.1495568783068784,19.15928130511464
10.0,6.3360738484542845,3.6639261515457155,36.63926151545716
5.0,6.747494227994226,1.7474942279942258,34.94988455988452
6.0,7.192482323232322,1.1924823232323218,19.874705387205363
6.0,7.294306902356903,1.2943069023569027,21.57178170594838
7.0,6.847543915343913,0.1524560846560874,2.177944066515534
8.0,7.565400835656717,0.4345991643432834,5.432489554291042
3.0,7.268856948606949,4.268856948606949,142.29523162023162
5.0,7.421880924630923,2.4218809246309227,48.437618492618455
6.0,7.064060225031511,1.0640602250315112,17.73433708385852
4.0,6.959282683172063,2.959282683172063,73.98206707930157
9.0,6.493707662071735,2.506292337928265,27.84769264364739
6.0,6.6537371913070595,0.6537371913070595,10.89561985511766
4.0,6.560106695829187,2.5601066958291874,64.00266739572969
8.0,7.352556100217867,0.6474438997821332,8.093048747276665
3.0,6.790216458378222,3.7902164583782216,126.34054861260739
4.0,6.790520477592366,2.7905204775923664,69.76301193980916
7.0,6.492558203756296,0.5074417962437039,7.249168517767199
1.0,6.691467980718758,5.691467980718758,569.1467980718758
6.0,6.5490340061609755,0.5490340061609755,9.150566769349593
6.0,6.531244954201792,0.5312449542017923,8.85408257002987
13.0,7.537093915343915,5.462906084656085,42.022354497354506
8.0,7.13237749287749,0.8676225071225101,10.845281339031377
2.0,6.49760512597386,4.49760512597386,224.88025629869298
5.0,6.76734486377874,1.7673448637787397,35.3468972755748
4.0,6.158904176526534,2.1589041765265344,53.97260441316336
3.0,6.600231259692184,3.600231259692184,120.00770865640614
4.0,6.497499563153584,2.4974995631535837,62.43748907883959
7.0,7.785139783715638,0.7851397837156382,11.216282624509118
11.0,7.435415848965848,3.5645841510341523,32.40531046394684
5.0,6.397710392178064,1.3977103921780643,27.954207843561285
8.0,6.676535862380704,1.323464137619296,16.5433017202412
3.0,6.114356938605828,3.1143569386058276,103.81189795352759
4.0,6.166036791708456,2.166036791708456,54.150919792711406
7.0,6.111123580511873,0.8888764194881267,12.698234564116095
5.0,6.2716107490289446,1.2716107490289446,25.432214980578895
9.0,6.689429738562091,2.310570261437909,25.673002904865655
5.0,6.306151120349517,1.3061511203495169,26.123022406990337
7.0,6.672721900550058,0.32727809944994224,4.67540142071346
10.0,6.039044840516851,3.9609551594831487,39.60955159483149
6.0,6.870822533633448,0.8708225336334481,14.5137088938908
5.0,6.834547560592349,1.8345475605923491,36.690951211846986
8.0,6.588809461371958,1.4111905386280421,17.639881732850526
10.0,6.851545319236787,3.148454680763213,31.484546807632128
8.0,6.143105257431023,1.8568947425689766,23.211184282112207
2.0,6.443726185752697,4.443726185752697,222.18630928763483
4.0,6.6027759472595084,2.6027759472595084,65.06939868148771
9.0,6.695238269231247,2.304761730768753,25.60846367520837
3.0,6.69581541946429,3.6958154194642896,123.19384731547632
6.0,7.52873186754766,1.52873186754766,25.478864459127664
12.0,7.767257273771984,4.232742726228016,35.272856051900135
6.0,6.52695738642334,0.5269573864233399,8.782623107055665
4.0,6.897138107600966,2.8971381076009664,72.42845269002416
5.0,7.193038817403687,2.1930388174036866,43.860776348073735
7.0,6.881006673562387,0.11899332643761262,1.699904663394466
6.0,7.09784387944391,1.0978438794439098,18.29739799073183
13.0,7.357073812404577,5.642926187595423,43.40712451996479
12.0,7.6956035076940115,4.3043964923059885,35.86997076921657
13.0,6.718729008774809,6.281270991225191,48.3174691632707
7.0,7.0503692439275865,0.05036924392758646,0.7195606275369494
7.0,7.275318619525315,0.275318619525315,3.9331231360759284
7.0,7.143895049463672,0.14389504946367193,2.055643563766742
5.0,7.1897086361188105,2.1897086361188105,43.79417272237621
13.0,8.831849206349208,4.168150793650792,32.062698412698396
15.0,9.3281626984127,5.671837301587299,37.81224867724866
8.0,6.854946741854637,1.1450532581453627,14.313165726817035
7.0,6.824468482017107,0.17553151798289335,2.5075931140413337
7.0,6.791594833338577,0.20840516666142328,2.977216666591761
5.0,7.2169435636380115,2.2169435636380115,44.33887127276023
6.0,6.757325678624974,0.7573256786249738,12.622094643749563
12.0,10.4054417989418,1.5945582010582005,13.287985008818337
7.0,10.235153439153438,3.2351534391534376,46.216477702191966
7.0,7.16748094031137,0.1674809403113704,2.3925848615910055
13.0,6.8305979153842316,6.1694020846157684,47.456939112428984
9.0,6.644927110698717,2.355072889301283,26.167476547792035
5.0,6.722618012790548,1.722618012790548,34.45236025581096
5.0,6.601488697260304,1.6014886972603044,32.02977394520609
14.0,9.58236273814618,4.4176372618538196,31.554551870384422
8.0,9.289500000000002,1.289500000000002,16.118750000000027
5.0,7.687949775782593,2.6879497757825934,53.75899551565186
10.0,7.921639359604114,2.0783606403958856,20.783606403958856
4.0,8.092186041643268,4.092186041643268,102.30465104108171
9.0,8.331416486933302,0.6685835130666984,7.4287057007410935
9.0,8.22670455813602,0.7732954418639792,8.592171576266436
5.0,11.216643117447662,6.216643117447662,124.33286234895324
7.0,9.550366152366148,2.5503661523661485,36.43380217665926
10.0,8.181509063435717,1.8184909365642827,18.184909365642827
12.0,8.01515503089483,3.98484496910517,33.20704140920975
14.0,8.248753004577427,5.751246995422573,41.08033568158981
11.0,8.759552618613371,2.2404473813866286,20.36770346715117
2.0,8.512478442762031,6.512478442762031,325.62392213810153
11.0,9.802310744810747,1.1976892551892533,10.888084138084121
5.0,9.422028068137827,4.422028068137827,88.44056136275654
5.0,7.987689324143052,2.9876893241430524,59.753786482861045
7.0,8.083791603579407,1.0837916035794066,15.482737193991522
9.0,8.437397319658613,0.5626026803413868,6.251140892682076
13.0,8.343570984746906,4.656429015253094,35.81868473271611
3.0,7.8867720492609,4.8867720492609,162.89240164203
7.0,10.057687138569491,3.0576871385694915,43.68124483670702
4.0,9.690253959003961,5.690253959003961,142.25634897509903
5.0,7.966714599832855,2.966714599832855,59.33429199665709
9.0,8.137690697776494,0.8623093022235064,9.581214469150073
9.0,8.00556324217915,0.99443675782085,11.049297309120556
6.0,8.241723881439786,2.2417238814397855,37.3620646906631
5.0,8.19924801026881,3.1992480102688106,63.984960205376204
5.0,9.05638012348988,4.05638012348988,81.12760246979761
7.0,8.767820238929996,1.7678202389299962,25.254574841857085
8.0,7.675888157722524,0.3241118422774756,4.051398028468444
5.0,7.442069783610914,2.442069783610914,48.84139567221828
5.0,7.422408642417161,2.422408642417161,48.448172848343226
9.0,7.546539768334834,1.453460231665166,16.149558129612952
4.0,7.466682557894486,3.4666825578944858,86.66706394736214
7.0,7.012075833831936,0.012075833831936222,0.17251191188480317
8.0,7.236835241091339,0.763164758908661,9.539559486358263
6.0,7.796053750578634,1.7960537505786336,29.934229176310563
3.0,7.81922287931879,4.81922287931879,160.64076264395968
5.0,7.942852625367459,2.9428526253674594,58.85705250734918
7.0,8.201765659882824,1.201765659882824,17.16808085546891
5.0,7.70431631609793,2.7043163160979304,54.08632632195861
9.0,7.250591162102697,1.7494088378973034,19.437875976636704
10.0,7.503624114255213,2.4963758857447873,24.963758857447875
14.0,7.9793666145112985,6.0206333854887015,43.004524182062156
2.0,6.7031202587904755,4.7031202587904755,235.15601293952378
8.0,7.124313520141409,0.875686479858591,10.946080998232388
5.0,6.109403754930362,1.1094037549303621,22.188075098607243
9.0,6.199872601733465,2.800127398266535,31.112526647405947
4.0,6.76309407096172,2.7630940709617198,69.077351774043
11.0,6.882532460533388,4.117467539466612,37.43152308606011
8.0,5.874469460185919,2.125530539814081,26.56913174767601
8.0,6.231802881263394,1.7681971187366061,22.102463984207578
9.0,6.777171611460771,2.222828388539229,24.698093205991434
4.0,6.62692804618431,2.62692804618431,65.67320115460775
6.0,5.877530695180565,0.12246930481943519,2.04115508032392
9.0,8.17667876227087,0.8233212377291306,9.148013752545896
7.0,8.684329140637665,1.684329140637665,24.061844866252358
12.0,5.777600722490179,6.222399277509821,51.85332731258184
11.0,5.921506993494777,5.078493006505223,46.168118240956574
10.0,6.2871345908975735,3.7128654091024265,37.128654091024266
15.0,6.0501872461053,8.949812753894701,59.66541835929801
7.0,5.719425423667944,1.2805745763320564,18.293922519029376
5.0,9.189784270894101,4.189784270894101,83.79568541788203
10.0,8.41165742523596,1.5883425747640398,15.883425747640398
14.0,6.380998222309336,7.619001777690664,54.42144126921903
9.0,6.6699224850434025,2.3300775149565975,25.889750166184417
6.0,6.516596539565492,0.5165965395654917,8.609942326091529
5.0,6.829677556414247,1.8296775564142473,36.59355112828494
6.0,7.0525089747610625,1.0525089747610625,17.541816246017707
11.0,9.27918310851655,1.7208168914834499,15.643789922576817
10.0,9.38617814819909,0.6138218518009104,6.138218518009104
3.0,7.341109422874133,4.341109422874133,144.70364742913776
3.0,7.184493579447611,4.184493579447611,139.48311931492034
8.0,7.336253373166601,0.6637466268333991,8.29683283541749
7.0,7.8663957754642295,0.8663957754642295,12.37708250663185
9.0,7.899787332547168,1.1002126674528316,12.224585193920351
7.0,10.030983709184548,3.0309837091845484,43.299767274064976
8.0,11.147826634946261,3.147826634946261,39.34783293682826
7.0,7.980735922251594,0.9807359222515943,14.010513175022776
1.0,7.384464800891116,6.384464800891116,638.4464800891116
8.0,7.937011957854015,0.06298804214598519,0.7873505268248149
6.0,7.722048277887009,1.7220482778870094,28.700804631450154
7.0,7.897426832160125,0.8974268321601251,12.820383316573217
10.0,10.248989696463388,0.2489896964633882,2.489896964633882
10.0,10.021790764790763,0.02179076479076336,0.21790764790763362
6.0,7.6331502992337334,1.6331502992337334,27.219171653895557
11.0,7.751788332707638,3.248211667292362,29.529196975385112
4.0,7.6439647238995665,3.6439647238995665,91.09911809748917
7.0,7.2642196822288225,0.2642196822288225,3.7745668889831787
12.0,7.161012358911796,4.838987641088204,40.324897009068366
14.0,8.9860721988693,5.0139278011307,35.81377000807643
9.0,9.841217291967295,0.8412172919672951,9.346858799636612
2.0,7.280396474452091,5.280396474452091,264.01982372260454
7.0,7.0238289070808895,0.023828907080889472,0.34041295829842105
12.0,6.924533851625254,5.075466148374746,42.29555123645621
4.0,6.685471195530723,2.685471195530723,67.13677988826807
9.0,6.726813707034722,2.2731862929652777,25.257625477391976
12.0,9.818598452431893,2.1814015475681074,18.17834622973423
9.0,9.011709044568802,0.01170904456880173,0.13010049520890812
9.0,6.744159831895375,2.2558401681046254,25.06489075671806
4.0,6.9465744672137895,2.9465744672137895,73.66436168034474
7.0,6.177596493710376,0.822403506289624,11.7486215184232
5.0,6.121941739202004,1.1219417392020041,22.438834784040083
6.0,6.205451133736414,0.205451133736414,3.4241855622735664
4.0,9.268515752765753,5.268515752765753,131.71289381914383
9.0,8.992988696488695,0.0070113035113053,0.07790337234783666
7.0,6.743654717105696,0.256345282894304,3.662075469918629
6.0,6.966472792820831,0.9664727928208308,16.107879880347177
7.0,6.509732649980067,0.49026735001993327,7.003819285999047
6.0,6.328839744910251,0.32883974491025114,5.480662415170853
8.0,7.151762455506165,0.848237544493835,10.602969306172938
9.0,6.571594460006222,2.4284055399937783,26.98228377770865
6.0,6.797423128803564,0.7974231288035636,13.290385480059394
12.0,7.332769330550257,4.667230669449743,38.89358891208119
7.0,7.172268748070842,0.17226874807084158,2.4609821152977367
7.0,7.607402316555779,0.6074023165557794,8.677175950796848
5.0,7.180294149047348,2.1802941490473478,43.60588298094695
7.0,7.420621654196472,0.4206216541964718,6.008880774235311
6.0,7.621175324675323,1.621175324675323,27.019588744588717
9.0,6.76075662191839,2.2392433780816097,24.88048197868455
6.0,7.169836873717162,1.1698368737171618,19.497281228619364
1.0,6.947667010911333,5.947667010911333,594.7667010911333
8.0,6.8468065989428,1.1531934010571998,14.414917513214998
8.0,6.756058582108307,1.2439414178916932,15.549267723646166
7.0,6.826765580682147,0.17323441931785322,2.4747774188264744
8.0,7.898299302549302,0.10170069745069821,1.2712587181337276
5.0,8.175938251729026,3.1759382517290256,63.51876503458052
4.0,7.348822382270118,3.348822382270118,83.72055955675295
6.0,6.550281304834374,0.5502813048343738,9.171355080572896
8.0,7.006882650566205,0.9931173494337946,12.413966867922433
9.0,6.46465261636934,2.5353473836306604,28.170526484785114
0.0,6.226984855119295,6.226984855119295,
7.0,7.270948924076612,0.2709489240766123,3.870698915380176
2.0,7.120719826277394,5.120719826277394,256.0359913138697
5.0,5.983255225102502,0.9832552251025017,19.665104502050035
4.0,6.192325582273057,2.1923255822730567,54.80813955682642
4.0,6.252069621656217,2.252069621656217,56.30174054140542
7.0,6.051739480304351,0.9482605196956486,13.54657885279498
6.0,6.052149793395199,0.05214979339519932,0.869163223253322
6.0,6.380913508518767,0.38091350851876715,6.348558475312786
3.0,6.211888167388162,3.211888167388162,107.06293891293875
8.0,6.39463610006689,1.60536389993311,20.067048749163874
4.0,5.914242268140117,1.914242268140117,47.85605670350292
7.0,5.820425977229082,1.1795740227709182,16.851057468155975
8.0,6.1387278721789444,1.8612721278210556,23.265901597763193
4.0,5.851934900829006,1.851934900829006,46.29837252072515
5.0,6.089240295378588,1.0892402953785876,21.78480590757175
7.0,6.316841982622962,0.6831580173770382,9.759400248243402
3.0,5.629843996208558,2.6298439962085576,87.66146654028525
7.0,4.873955404549484,2.126044595450516,30.372065649293084
6.0,5.114218795266117,0.8857812047338829,14.763020078898048
3.0,5.276187714281598,2.2761877142815976,75.87292380938658
3.0,5.551683378677483,2.551683378677483,85.05611262258276
5.0,6.856267095946693,1.8562670959466931,37.12534191893386
8.0,7.653822471251981,0.34617752874801866,4.327219109350233
7.0,5.220073584386343,1.779926415613657,25.42752022305224
5.0,5.67203466654108,0.6720346665410801,13.4406933308216
3.0,5.128046914327944,2.1280469143279444,70.93489714426481
5.0,5.150914565920324,0.15091456592032415,3.018291318406483
4.0,5.565170481551555,1.5651704815515552,39.12926203878888
4.0,7.12125627012561,3.1212562701256097,78.03140675314025
6.0,7.777362938553288,1.7773629385532876,29.62271564255479
2.0,5.220976351626809,3.220976351626809,161.04881758134044
4.0,5.234597311300451,1.2345973113004511,30.86493278251128
4.0,5.081129847846045,1.0811298478460447,27.028246196151116
2.0,5.282630965545134,3.282630965545134,164.13154827725668
2.0,5.499667060750253,3.4996670607502534,174.98335303751267
9.0,7.3974674651469785,1.6025325348530215,17.80591705392246
6.0,7.33417455935877,1.33417455935877,22.2362426559795
3.0,4.839162047460569,1.8391620474605688,61.30540158201896
4.0,5.119506410003419,1.119506410003419,27.987660250085476
5.0,4.876653341531101,0.1233466584688987,2.466933169377974
6.0,5.156315308731706,0.8436846912682938,14.061411521138231
4.0,4.959442171411448,0.9594421714114478,23.986054285286194
6.0,6.723827821416059,0.7238278214160587,12.06379702360098
5.0,6.919552346890585,1.919552346890585,38.3910469378117
6.0,4.672155915462992,1.3278440845370083,22.130734742283472
4.0,4.340638724178635,0.3406387241786346,8.515968104465866
1.0,4.408379365991516,3.4083793659915163,340.83793659915165
4.0,4.545362247487827,0.5453622474878266,13.634056187195664
2.0,4.601503525689623,2.6015035256896226,130.07517628448113
2.0,5.515152217665375,3.515152217665375,175.75761088326877
11.0,5.740628897847937,5.259371102152063,47.81246456501875
3.0,4.65237132095097,1.6523713209509703,55.07904403169901
6.0,5.022416593442749,0.9775834065572511,16.293056775954184
3.0,4.480372997629894,1.4803729976298943,49.34576658766314
2.0,4.186915036687561,2.1869150366875614,109.34575183437806
5.0,4.072152094120417,0.9278479058795828,18.556958117591655
10.0,6.2193407971244135,3.7806592028755865,37.806592028755865
9.0,5.875919460713579,3.124080539286421,34.71200599207134
1.0,4.683665518425797,3.683665518425797,368.36655184257967
5.0,4.5713214441936625,0.4286785558063375,8.57357111612675
3.0,4.1972816180317345,1.1972816180317345,39.90938726772448
6.0,4.5832923580095075,1.4167076419904925,23.611794033174874
5.0,4.6354767681903555,0.3645232318096445,7.29046463619289
8.0,5.097031746031749,2.9029682539682513,36.28710317460314
7.0,5.033447570947568,1.9665524290524319,28.093606129320452
3.0,4.103704859244643,1.103704859244643,36.79016197482143
8.0,4.467293266131516,3.5327067338684843,44.158834173356055
3.0,4.146182864131765,1.1461828641317648,38.20609547105882
6.0,4.2984309044505835,1.7015690955494165,28.359484925823608
5.0,4.432317210303987,0.567682789696013,11.353655793920261
8.0,5.287435185185184,2.712564814814816,33.9070601851852
6.0,6.016810744810744,0.016810744810744183,0.2801790801790697
2.0,4.646925161998897,2.6469251619988974,132.34625809994486
1.0,4.929629776954155,3.9296297769541546,392.9629776954155
2.0,4.969811788803925,2.9698117888039253,148.49058944019626
8.0,5.239973129142423,2.760026870857577,34.500335885719714
5.0,5.386798859180337,0.3867988591803373,7.735977183606746
9.0,6.424265984316981,2.575734015683019,28.619266840922435
4.0,6.767151003136295,2.767151003136295,69.17877507840737
5.0,5.280624173950549,0.2806241739505486,5.612483479010972
6.0,4.485804383138608,1.5141956168613921,25.236593614356533
4.0,4.452110468879968,0.452110468879968,11.3027617219992
5.0,5.338088713229035,0.3380887132290349,6.761774264580697
4.0,5.585563883375685,1.585563883375685,39.63909708439213
6.0,6.055538840451179,0.05553884045117918,0.9256473408529864
1.0,6.275600684718332,5.275600684718332,527.5600684718331
2.0,5.617399779979504,3.617399779979504,180.8699889989752
6.0,5.386804129766963,0.6131958702330369,10.219931170550616
2.0,5.254767998887083,3.2547679988870826,162.73839994435411
7.0,5.35949523761742,1.6405047623825801,23.435782319751144
4.0,5.291165796436298,1.2911657964362977,32.27914491090744
3.0,6.806964794636888,3.8069647946368876,126.89882648789626
8.0,6.785932144122935,1.2140678558770652,15.175848198463315
4.0,4.86833106118668,0.8683310611866801,21.708276529667003
6.0,4.410786472493325,1.5892135275066748,26.486892125111243
5.0,4.432003597081098,0.5679964029189017,11.359928058378035
9.0,4.759015149785114,4.240984850214886,47.12205389127651
5.0,4.9356660671573405,0.06433393284265954,1.2866786568531907
4.0,6.09121785657583,2.09121785657583,52.280446414395755
13.0,6.637137696725933,6.362862303274067,48.94509464056975
9.0,4.602592863613215,4.397407136386785,48.8600792931865
3.0,4.398899840378215,1.3988998403782151,46.62999467927384
5.0,4.338810616725633,0.6611893832743672,13.223787665487343
5.0,4.645443796849357,0.3545562031506426,7.091124063012852
4.0,4.853473240761073,0.8534732407610726,21.336831019026814
8.0,6.277856314981318,1.7221436850186818,21.52679606273352
6.0,7.004700216450217,1.0047002164502166,16.74500360750361
8.0,5.8417597119655955,2.1582402880344045,26.978003600430057
4.0,5.771892256565246,1.7718922565652457,44.29730641413114
7.0,5.138639666887215,1.8613603331127848,26.590861901611213
2.0,5.353407333570969,3.353407333570969,167.67036667854845
4.0,5.591539533405403,1.5915395334054034,39.788488335135085
11.0,6.772610398860399,4.227389601139601,38.43081455581455
5.0,6.907865382701589,1.9078653827015888,38.157307654031776
3.0,5.621144514814093,2.621144514814093,87.37148382713643
2.0,5.703987761690779,3.7039877616907786,185.19938808453892
5.0,5.789486588367662,0.7894865883676623,15.789731767353246
5.0,5.886478571885954,0.886478571885954,17.72957143771908
4.0,5.865711641827288,1.8657116418272883,46.64279104568221
6.0,7.0339733137233145,1.0339733137233145,17.23288856205524
5.0,7.5026770081770096,2.5026770081770096,50.05354016354019
5.0,5.6355450377453815,0.6355450377453815,12.71090075490763
6.0,5.239781237555755,0.7602187624442447,12.670312707404078
8.0,5.382265313554758,2.6177346864452424,32.72168358056553
6.0,5.642692882789196,0.3573071172108042,5.95511862018007
3.0,5.627698147798445,2.627698147798445,87.58993825994817
6.0,6.0861176231176195,0.0861176231176195,1.4352937186269918
6.0,6.2791529304029305,0.27915293040293054,4.652548840048842
9.0,5.3108778146508095,3.6891221853491905,40.990246503879895
5.0,5.498011010019484,0.4980110100194839,9.960220200389678
3.0,5.346107181930993,2.346107181930993,78.2035727310331
1.0,5.54009618047141,4.54009618047141,454.00961804714103
7.0,5.763620480758016,1.236379519241984,17.662564560599773
3.0,5.995964768929559,2.995964768929559,99.86549229765197
6.0,6.758843529277741,0.7588435292777413,12.647392154629022
4.0,5.729405328975243,1.7294053289752433,43.23513322438109
4.0,5.668937714857715,1.668937714857715,41.72344287144287
1.0,4.919274981712065,3.919274981712065,391.92749817120654
3.0,5.2933162430219,2.2933162430219003,76.44387476739668
5.0,5.875312157734033,0.875312157734033,17.50624315468066
9.0,6.295632336923072,2.704367663076928,30.048529589743644
8.0,6.471059835134699,1.5289401648653014,19.11175206081627
5.0,5.086963431863458,0.08696343186345779,1.7392686372691555
7.0,4.956991394834254,2.0430086051657463,29.18583721665352
4.0,4.740453591071531,0.7404535910715309,18.511339776788272
8.0,4.701718806971957,3.2982811930280427,41.228514912850535
7.0,4.954285246522323,2.045714753477677,29.224496478252526
7.0,6.550523952146048,0.4494760478539517,6.421086397913596
11.0,6.424591236912738,4.575408763087262,41.59462511897511
10.0,5.19732547327333,4.80267452672667,48.026745267266705
8.0,5.442532417689934,2.557467582310066,31.968344778875824
9.0,5.2897762408767734,3.7102237591232266,41.22470843470252
