Date,SKU,Predicted_Demand
2025-08-09,SKU011,5.13
2025-08-09,SKU012,11.96
2025-08-09,SKU013,11.63
2025-08-09,SKU014,11.63
2025-08-09,SKU015,11.27
2025-08-09,SKU016,12.42
2025-08-09,SKU017,11.6
2025-08-09,SKU018,10.46
2025-08-09,SKU019,11.13
2025-08-09,SKU020,10.18
2025-08-09,SKU021,8.79
2025-08-09,SKU022,8.91
2025-08-09,SKU023,12.91
2025-08-09,SKU024,13.77
2025-08-09,SKU025,11.22
2025-08-09,SKU026,11.66
2025-08-09,SKU027,10.96
2025-08-09,SKU028,10.94
2025-08-09,SKU029,9.83
2025-08-09,SKU030,12.77
2025-08-09,SKU031,12.95
2025-08-09,SKU032,9.31
2025-08-09,SKU033,10.14
2025-08-09,SKU034,9.74
2025-08-09,SKU035,11.01
2025-08-09,SKU036,10.72
2025-08-09,SKU037,14.28
2025-08-09,SKU038,14.33
2025-08-09,SKU039,11.35
2025-08-09,SKU040,11.64
2025-08-09,SKU041,10.49
2025-08-09,SKU042,11.37
2025-08-09,SKU043,11.37
2025-08-09,SKU044,14.53
2025-08-09,SKU045,14.51
2025-08-09,SKU046,11.18
2025-08-09,SKU047,10.73
2025-08-09,SKU048,10.39
2025-08-09,SKU049,10.84
2025-08-09,SKU050,10.68
2025-08-10,SKU001,13.5
2025-08-10,SKU002,13.31
2025-08-10,SKU003,10.51
2025-08-10,SKU004,10.94
2025-08-10,SKU005,10.62
2025-08-10,SKU006,10.9
2025-08-10,SKU007,10.61
2025-08-10,SKU008,13.72
2025-08-10,SKU009,13.76
2025-08-10,SKU010,10.54
2025-08-10,SKU011,10.63
2025-08-10,SKU012,9.94
2025-08-10,SKU013,10.96
2025-08-10,SKU014,10.29
2025-08-10,SKU015,13.92
2025-08-10,SKU016,14.54
2025-08-10,SKU017,10.49
2025-08-10,SKU018,10.23
2025-08-10,SKU019,10.19
2025-08-10,SKU020,11.03
2025-08-10,SKU021,11.09
2025-08-10,SKU022,16.24
2025-08-10,SKU023,16.1
2025-08-10,SKU024,11.03
2025-08-10,SKU025,11.24
2025-08-10,SKU026,11.36
2025-08-10,SKU027,11.41
2025-08-10,SKU028,11.43
2025-08-10,SKU029,16.1
2025-08-10,SKU030,17.64
2025-08-10,SKU031,11.56
2025-08-10,SKU032,12.06
2025-08-10,SKU033,11.55
2025-08-10,SKU034,11.64
2025-08-10,SKU035,12.03
2025-08-10,SKU036,16.77
2025-08-10,SKU037,17.06
2025-08-10,SKU038,11.7
2025-08-10,SKU039,12.72
2025-08-10,SKU040,13.17
2025-08-10,SKU041,12.77
2025-08-10,SKU042,12.67
2025-08-10,SKU043,19.37
2025-08-10,SKU044,17.51
2025-08-10,SKU045,14.38
2025-08-10,SKU046,13.84
2025-08-10,SKU047,14.49
2025-08-10,SKU048,13.97
2025-08-10,SKU049,13.99
2025-08-10,SKU050,16.02
2025-08-11,SKU001,15.75
2025-08-11,SKU002,14.65
2025-08-11,SKU003,14.91
2025-08-11,SKU004,16.38
2025-08-11,SKU005,16.02
2025-08-11,SKU006,16.12
2025-08-11,SKU007,17.71
2025-08-11,SKU008,17.95
2025-08-11,SKU009,15.37
2025-08-11,SKU010,14.58
2025-08-11,SKU011,13.82
2025-08-11,SKU012,13.71
2025-08-11,SKU013,14.24
2025-08-11,SKU014,16.06
2025-08-11,SKU015,15.95
2025-08-11,SKU016,13.51
2025-08-11,SKU017,13.19
2025-08-11,SKU018,13.04
2025-08-11,SKU019,13.09
2025-08-11,SKU020,13.22
2025-08-11,SKU021,15.53
2025-08-11,SKU022,16.3
2025-08-11,SKU023,13.06
2025-08-11,SKU024,13.03
2025-08-11,SKU025,12.28
2025-08-11,SKU026,12.86
2025-08-11,SKU027,12.81
2025-08-11,SKU028,14.26
2025-08-11,SKU029,14.33
2025-08-11,SKU030,12.1
2025-08-11,SKU031,12.03
2025-08-11,SKU032,11.53
2025-08-11,SKU033,11.76
2025-08-11,SKU034,11.26
2025-08-11,SKU035,13.95
2025-08-11,SKU036,14.86
2025-08-11,SKU037,11.8
2025-08-11,SKU038,11.85
2025-08-11,SKU039,11.63
2025-08-11,SKU040,11.93
2025-08-11,SKU041,12.63
2025-08-11,SKU042,15.78
2025-08-11,SKU043,15.83
2025-08-11,SKU044,12.04
2025-08-11,SKU045,12.47
2025-08-11,SKU046,11.98
2025-08-11,SKU047,12.28
2025-08-11,SKU048,11.9
2025-08-11,SKU049,14.46
2025-08-11,SKU050,14.09
2025-08-12,SKU001,11.39
2025-08-12,SKU002,11.61
2025-08-12,SKU003,11.14
2025-08-12,SKU004,11.27
2025-08-12,SKU005,12.04
2025-08-12,SKU006,14.62
2025-08-12,SKU007,14.26
2025-08-12,SKU008,11.73
2025-08-12,SKU009,11.27
2025-08-12,SKU010,11.11
2025-08-12,SKU011,11.65
2025-08-12,SKU012,11.84
2025-08-12,SKU013,16.04
2025-08-12,SKU014,16.83
2025-08-12,SKU015,11.92
2025-08-12,SKU016,11.87
2025-08-12,SKU017,11.63
2025-08-12,SKU018,11.83
2025-08-12,SKU019,11.9
2025-08-12,SKU020,16.25
2025-08-12,SKU021,17.22
2025-08-12,SKU022,11.78
2025-08-12,SKU023,11.96
2025-08-12,SKU024,11.28
2025-08-12,SKU025,11.64
2025-08-12,SKU026,11.39
2025-08-12,SKU027,16.53
2025-08-12,SKU028,16.53
2025-08-12,SKU029,12.4
2025-08-12,SKU030,12.24
2025-08-12,SKU031,12.77
2025-08-12,SKU032,11.9
2025-08-12,SKU033,11.11
2025-08-12,SKU034,16.39
2025-08-12,SKU035,17.07
2025-08-12,SKU036,11.71
2025-08-12,SKU037,11.8
2025-08-12,SKU038,11.95
2025-08-12,SKU039,11.89
2025-08-12,SKU040,11.37
2025-08-12,SKU041,15.3
2025-08-12,SKU042,14.82
2025-08-12,SKU043,12.02
2025-08-12,SKU044,12.27
2025-08-12,SKU045,11.78
2025-08-12,SKU046,10.76
2025-08-12,SKU047,12.13
2025-08-12,SKU048,13.94
2025-08-12,SKU049,13.23
2025-08-12,SKU050,10.63
2025-08-13,SKU001,10.54
2025-08-13,SKU002,10.95
2025-08-13,SKU003,11.1
2025-08-13,SKU004,11.18
2025-08-13,SKU005,12.95
2025-08-13,SKU006,12.62
2025-08-13,SKU007,9.13
2025-08-13,SKU008,9.01
2025-08-13,SKU009,9.09
2025-08-13,SKU010,9.29
2025-08-13,SKU011,9.29
2025-08-13,SKU012,11.43
2025-08-13,SKU013,12.63
2025-08-13,SKU014,8.98
2025-08-13,SKU015,8.56
2025-08-13,SKU016,8.78
2025-08-13,SKU017,8.97
2025-08-13,SKU018,7.96
2025-08-13,SKU019,11.97
2025-08-13,SKU020,12.05
2025-08-13,SKU021,8.41
2025-08-13,SKU022,8.54
2025-08-13,SKU023,8.57
2025-08-13,SKU024,8.05
2025-08-13,SKU025,7.86
2025-08-13,SKU026,10.86
2025-08-13,SKU027,11.7
2025-08-13,SKU028,7.64
2025-08-13,SKU029,8.89
2025-08-13,SKU030,9.25
2025-08-13,SKU031,9.47
2025-08-13,SKU032,8.97
2025-08-13,SKU033,11.54
2025-08-13,SKU034,11.64
2025-08-13,SKU035,8.59
2025-08-13,SKU036,8.93
2025-08-13,SKU037,9.31
2025-08-13,SKU038,9.57
2025-08-13,SKU039,9.25
2025-08-13,SKU040,12.69
2025-08-13,SKU041,12.23
2025-08-13,SKU042,8.75
2025-08-13,SKU043,8.48
2025-08-13,SKU044,7.82
2025-08-13,SKU045,9.46
2025-08-13,SKU046,9.62
2025-08-13,SKU047,12.25
2025-08-13,SKU048,12.33
2025-08-13,SKU049,9.19
2025-08-13,SKU050,8.16
2025-08-14,SKU001,8.04
2025-08-14,SKU002,8.81
2025-08-14,SKU003,9.21
2025-08-14,SKU004,12.17
2025-08-14,SKU005,14.17
2025-08-14,SKU006,8.6
2025-08-14,SKU007,8.9
2025-08-14,SKU008,8.95
2025-08-14,SKU009,8.85
2025-08-14,SKU010,9.08
2025-08-14,SKU011,13.94
2025-08-14,SKU012,12.85
2025-08-14,SKU013,9.65
2025-08-14,SKU014,9.8
2025-08-14,SKU015,9.26
2025-08-14,SKU016,9.78
2025-08-14,SKU017,8.74
2025-08-14,SKU018,12.22
2025-08-14,SKU019,12.62
2025-08-14,SKU020,7.92
2025-08-14,SKU021,8.74
2025-08-14,SKU022,9.29
2025-08-14,SKU023,9.31
2025-08-14,SKU024,8.93
2025-08-14,SKU025,12.54
2025-08-14,SKU026,13.88
2025-08-14,SKU027,8.43
2025-08-14,SKU028,8.5
2025-08-14,SKU029,9.09
2025-08-14,SKU030,8.44
2025-08-14,SKU031,8.3
2025-08-14,SKU032,11.4
2025-08-14,SKU033,9.85
2025-08-14,SKU034,7.77
2025-08-14,SKU035,8.24
2025-08-14,SKU036,7.84
2025-08-14,SKU037,7.45
2025-08-14,SKU038,7.45
2025-08-14,SKU039,11.41
2025-08-14,SKU040,11.13
2025-08-14,SKU041,8.59
2025-08-14,SKU042,8.96
2025-08-14,SKU043,8.46
2025-08-14,SKU044,8.87
2025-08-14,SKU045,8.51
2025-08-14,SKU046,12.13
2025-08-14,SKU047,13.38
2025-08-14,SKU048,9.2
2025-08-14,SKU049,9.64
2025-08-14,SKU050,9.74
2025-08-15,SKU001,9.38
2025-08-15,SKU002,8.6
2025-08-15,SKU003,12.44
2025-08-15,SKU004,11.66
2025-08-15,SKU005,8.53
2025-08-15,SKU006,7.74
2025-08-15,SKU007,7.49
2025-08-15,SKU008,8.39
2025-08-15,SKU009,7.01
2025-08-15,SKU010,10.92
2025-08-15,SKU011,11.73
2025-08-15,SKU012,9.38
2025-08-15,SKU013,9.11
2025-08-15,SKU014,9.35
2025-08-15,SKU015,9.83
2025-08-15,SKU016,8.45
2025-08-15,SKU017,13.28
2025-08-15,SKU018,12.22
2025-08-15,SKU019,8.9
2025-08-15,SKU020,9.11
2025-08-15,SKU021,9.25
2025-08-15,SKU022,9.3
2025-08-15,SKU023,8.74
2025-08-15,SKU024,12.19
2025-08-15,SKU025,11.94
2025-08-15,SKU026,8.54
2025-08-15,SKU027,8.54
2025-08-15,SKU028,8.41
2025-08-15,SKU029,8.66
2025-08-15,SKU030,7.86
2025-08-15,SKU031,11.63
2025-08-15,SKU032,11.74
2025-08-15,SKU033,9.36
2025-08-15,SKU034,8.46
2025-08-15,SKU035,8.56
2025-08-15,SKU036,8.76
2025-08-15,SKU037,8.67
2025-08-15,SKU038,11.0
2025-08-15,SKU039,11.88
2025-08-15,SKU040,8.43
2025-08-15,SKU041,8.26
2025-08-15,SKU042,8.33
2025-08-15,SKU043,8.5
2025-08-15,SKU044,8.49
2025-08-15,SKU045,10.83
2025-08-15,SKU046,11.5
2025-08-15,SKU047,9.23
2025-08-15,SKU048,9.4
2025-08-15,SKU049,9.2
2025-08-15,SKU050,9.65
2025-08-16,SKU001,9.36
2025-08-16,SKU002,11.78
2025-08-16,SKU003,11.62
2025-08-16,SKU004,8.63
2025-08-16,SKU005,8.84
2025-08-16,SKU006,8.23
2025-08-16,SKU007,8.6
2025-08-16,SKU008,8.74
2025-08-16,SKU009,10.3
2025-08-16,SKU010,9.99
2025-08-16,SKU011,8.08
2025-08-16,SKU012,8.13
2025-08-16,SKU013,7.93
2025-08-16,SKU014,8.58
2025-08-16,SKU015,8.46
2025-08-16,SKU016,12.18
2025-08-16,SKU017,12.52
2025-08-16,SKU018,8.62
2025-08-16,SKU019,9.52
2025-08-16,SKU020,9.97
2025-08-16,SKU021,9.74
2025-08-16,SKU022,9.4
2025-08-16,SKU023,12.77
2025-08-16,SKU024,13.14
2025-08-16,SKU025,9.5
2025-08-16,SKU026,10.25
2025-08-16,SKU027,10.41
2025-08-16,SKU028,10.6
2025-08-16,SKU029,9.7
2025-08-16,SKU030,12.27
2025-08-16,SKU031,12.92
2025-08-16,SKU032,11.03
2025-08-16,SKU033,11.09
2025-08-16,SKU034,11.66
2025-08-16,SKU035,11.59
2025-08-16,SKU036,11.49
2025-08-16,SKU037,14.16
2025-08-16,SKU038,15.36
2025-08-16,SKU039,12.42
2025-08-16,SKU040,11.99
2025-08-16,SKU041,13.03
2025-08-16,SKU042,12.24
2025-08-16,SKU043,12.28
2025-08-16,SKU044,15.72
2025-08-16,SKU045,15.71
2025-08-16,SKU046,11.15
2025-08-16,SKU047,11.79
2025-08-16,SKU048,11.16
2025-08-16,SKU049,11.14
2025-08-16,SKU050,11.24
2025-08-17,SKU001,15.06
2025-08-17,SKU002,15.27
2025-08-17,SKU003,10.55
2025-08-17,SKU004,11.16
2025-08-17,SKU005,11.02
2025-08-17,SKU006,10.84
2025-08-17,SKU007,10.93
2025-08-17,SKU008,14.01
2025-08-17,SKU009,13.9
2025-08-17,SKU010,11.18
2025-08-17,SKU011,10.61
2025-08-17,SKU012,10.41
2025-08-17,SKU013,11.61
2025-08-17,SKU014,11.22
2025-08-17,SKU015,13.27
2025-08-17,SKU016,13.7
2025-08-17,SKU017,11.28
2025-08-17,SKU018,11.48
2025-08-17,SKU019,11.12
2025-08-17,SKU020,11.71
2025-08-17,SKU021,11.07
2025-08-17,SKU022,14.19
2025-08-17,SKU023,14.14
2025-08-17,SKU024,11.56
2025-08-17,SKU025,11.55
2025-08-17,SKU026,10.83
2025-08-17,SKU027,10.85
2025-08-17,SKU028,11.46
2025-08-17,SKU029,14.53
2025-08-17,SKU030,14.53
2025-08-17,SKU031,12.16
2025-08-17,SKU032,12.1
2025-08-17,SKU033,11.83
2025-08-17,SKU034,12.7
2025-08-17,SKU035,13.8
2025-08-17,SKU036,16.57
2025-08-17,SKU037,16.94
2025-08-17,SKU038,12.11
2025-08-17,SKU039,12.23
2025-08-17,SKU040,12.5
2025-08-17,SKU041,12.22
2025-08-17,SKU042,12.12
2025-08-17,SKU043,16.78
2025-08-17,SKU044,18.92
2025-08-17,SKU045,12.12
2025-08-17,SKU046,12.44
2025-08-17,SKU047,12.58
2025-08-17,SKU048,12.5
2025-08-17,SKU049,13.01
2025-08-17,SKU050,17.84
2025-08-18,SKU001,18.74
2025-08-18,SKU002,14.12
2025-08-18,SKU003,12.81
2025-08-18,SKU004,12.55
2025-08-18,SKU005,12.95
2025-08-18,SKU006,13.78
2025-08-18,SKU007,19.36
2025-08-18,SKU008,18.66
2025-08-18,SKU009,14.33
2025-08-18,SKU010,14.4
2025-08-18,SKU011,13.82
2025-08-18,SKU012,13.07
2025-08-18,SKU013,14.26
2025-08-18,SKU014,16.52
2025-08-18,SKU015,16.99
2025-08-18,SKU016,13.56
2025-08-18,SKU017,13.81
2025-08-18,SKU018,13.79
2025-08-18,SKU019,14.23
2025-08-18,SKU020,14.29
2025-08-18,SKU021,16.17
2025-08-18,SKU022,16.35
2025-08-18,SKU023,12.87
2025-08-18,SKU024,12.8
2025-08-18,SKU025,13.87
2025-08-18,SKU026,13.7
2025-08-18,SKU027,13.71
2025-08-18,SKU028,17.35
2025-08-18,SKU029,15.46
2025-08-18,SKU030,13.01
2025-08-18,SKU031,13.42
2025-08-18,SKU032,13.42
2025-08-18,SKU033,13.49
2025-08-18,SKU034,13.08
2025-08-18,SKU035,16.51
2025-08-18,SKU036,16.56
2025-08-18,SKU037,12.65
2025-08-18,SKU038,12.61
2025-08-18,SKU039,12.54
2025-08-18,SKU040,12.11
2025-08-18,SKU041,12.6
2025-08-18,SKU042,16.81
2025-08-18,SKU043,17.46
2025-08-18,SKU044,12.37
2025-08-18,SKU045,12.78
2025-08-18,SKU046,12.09
2025-08-18,SKU047,13.17
2025-08-18,SKU048,13.39
2025-08-18,SKU049,16.27
2025-08-18,SKU050,16.41
2025-08-19,SKU001,12.53
2025-08-19,SKU002,12.04
2025-08-19,SKU003,12.11
2025-08-19,SKU004,12.47
2025-08-19,SKU005,12.02
2025-08-19,SKU006,14.69
2025-08-19,SKU007,14.31
2025-08-19,SKU008,11.79
2025-08-19,SKU009,11.94
2025-08-19,SKU010,12.18
2025-08-19,SKU011,12.22
2025-08-19,SKU012,11.94
2025-08-19,SKU013,13.6
2025-08-19,SKU014,13.59
2025-08-19,SKU015,11.75
2025-08-19,SKU016,11.73
2025-08-19,SKU017,11.77
2025-08-19,SKU018,11.55
2025-08-19,SKU019,11.77
2025-08-19,SKU020,13.82
2025-08-19,SKU021,14.11
2025-08-19,SKU022,10.36
2025-08-19,SKU023,10.41
2025-08-19,SKU024,11.31
2025-08-19,SKU025,11.32
2025-08-19,SKU026,10.66
2025-08-19,SKU027,13.38
2025-08-19,SKU028,15.75
2025-08-19,SKU029,10.38
2025-08-19,SKU030,10.76
2025-08-19,SKU031,10.16
2025-08-19,SKU032,11.0
2025-08-19,SKU033,10.82
2025-08-19,SKU034,16.37
2025-08-19,SKU035,16.51
2025-08-19,SKU036,10.98
2025-08-19,SKU037,12.0
2025-08-19,SKU038,11.7
2025-08-19,SKU039,12.09
2025-08-19,SKU040,10.89
2025-08-19,SKU041,16.94
2025-08-19,SKU042,16.36
2025-08-19,SKU043,11.47
2025-08-19,SKU044,10.56
2025-08-19,SKU045,11.27
2025-08-19,SKU046,11.5
2025-08-19,SKU047,11.8
2025-08-19,SKU048,15.19
2025-08-19,SKU049,15.65
2025-08-19,SKU050,11.48
2025-08-20,SKU001,11.7
2025-08-20,SKU002,11.47
2025-08-20,SKU003,11.71
2025-08-20,SKU004,10.77
2025-08-20,SKU005,13.24
2025-08-20,SKU006,13.6
2025-08-20,SKU007,12.21
2025-08-20,SKU008,12.21
2025-08-20,SKU009,12.35
2025-08-20,SKU010,12.16
2025-08-20,SKU011,12.12
2025-08-20,SKU012,13.0
2025-08-20,SKU013,13.89
2025-08-20,SKU014,11.61
2025-08-20,SKU015,10.69
2025-08-20,SKU016,10.56
2025-08-20,SKU017,10.46
2025-08-20,SKU018,10.02
2025-08-20,SKU019,12.86
2025-08-20,SKU020,13.19
2025-08-20,SKU021,9.33
2025-08-20,SKU022,10.94
2025-08-20,SKU023,10.61
2025-08-20,SKU024,10.53
2025-08-20,SKU025,10.5
2025-08-20,SKU026,13.05
2025-08-20,SKU027,13.83
2025-08-20,SKU028,10.61
2025-08-20,SKU029,11.01
2025-08-20,SKU030,10.3
2025-08-20,SKU031,10.36
2025-08-20,SKU032,10.47
2025-08-20,SKU033,14.21
2025-08-20,SKU034,13.36
2025-08-20,SKU035,10.72
2025-08-20,SKU036,9.95
2025-08-20,SKU037,10.17
2025-08-20,SKU038,9.91
2025-08-20,SKU039,9.71
2025-08-20,SKU040,12.34
2025-08-20,SKU041,12.73
2025-08-20,SKU042,9.16
2025-08-20,SKU043,9.69
2025-08-20,SKU044,10.52
2025-08-20,SKU045,9.5
2025-08-20,SKU046,10.16
2025-08-20,SKU047,12.64
2025-08-20,SKU048,12.26
2025-08-20,SKU049,9.94
2025-08-20,SKU050,9.66
2025-08-21,SKU001,9.39
2025-08-21,SKU002,9.75
2025-08-21,SKU003,9.53
2025-08-21,SKU004,12.56
2025-08-21,SKU005,12.62
2025-08-21,SKU006,9.01
2025-08-21,SKU007,8.93
2025-08-21,SKU008,10.6
2025-08-21,SKU009,9.6
2025-08-21,SKU010,9.56
2025-08-21,SKU011,13.19
2025-08-21,SKU012,13.81
2025-08-21,SKU013,8.67
2025-08-21,SKU014,8.92
2025-08-21,SKU015,9.08
2025-08-21,SKU016,9.16
2025-08-21,SKU017,9.56
2025-08-21,SKU018,13.56
2025-08-21,SKU019,14.41
2025-08-21,SKU020,9.72
2025-08-21,SKU021,9.66
2025-08-21,SKU022,9.7
2025-08-21,SKU023,9.84
2025-08-21,SKU024,9.43
2025-08-21,SKU025,14.43
2025-08-21,SKU026,15.22
2025-08-21,SKU027,9.96
2025-08-21,SKU028,9.65
2025-08-21,SKU029,9.95
2025-08-21,SKU030,9.5
2025-08-21,SKU031,9.53
2025-08-21,SKU032,13.18
2025-08-21,SKU033,13.07
2025-08-21,SKU034,8.19
2025-08-21,SKU035,8.14
2025-08-21,SKU036,7.51
2025-08-21,SKU037,7.62
2025-08-21,SKU038,8.15
2025-08-21,SKU039,11.93
2025-08-21,SKU040,11.9
2025-08-21,SKU041,7.99
2025-08-21,SKU042,8.19
2025-08-21,SKU043,8.39
2025-08-21,SKU044,8.5
2025-08-21,SKU045,8.53
2025-08-21,SKU046,11.23
2025-08-21,SKU047,10.94
2025-08-21,SKU048,7.02
2025-08-21,SKU049,7.13
2025-08-21,SKU050,8.11
2025-08-22,SKU001,7.35
2025-08-22,SKU002,8.7
2025-08-22,SKU003,11.63
2025-08-22,SKU004,10.97
2025-08-22,SKU005,8.13
2025-08-22,SKU006,8.71
2025-08-22,SKU007,7.18
2025-08-22,SKU008,7.28
2025-08-22,SKU009,7.97
2025-08-22,SKU010,10.63
2025-08-22,SKU011,10.43
2025-08-22,SKU012,7.36
2025-08-22,SKU013,6.93
2025-08-22,SKU014,7.3
2025-08-22,SKU015,7.65
2025-08-22,SKU016,7.45
2025-08-22,SKU017,10.21
2025-08-22,SKU018,10.26
2025-08-22,SKU019,7.47
2025-08-22,SKU020,7.49
2025-08-22,SKU021,6.94
2025-08-22,SKU022,7.88
2025-08-22,SKU023,7.58
2025-08-22,SKU024,10.25
2025-08-22,SKU025,10.62
2025-08-22,SKU026,6.77
2025-08-22,SKU027,7.02
2025-08-22,SKU028,7.36
2025-08-22,SKU029,7.36
2025-08-22,SKU030,7.42
2025-08-22,SKU031,11.35
2025-08-22,SKU032,10.12
2025-08-22,SKU033,7.65
2025-08-22,SKU034,7.92
2025-08-22,SKU035,7.81
2025-08-22,SKU036,7.79
2025-08-22,SKU037,8.01
2025-08-22,SKU038,11.48
2025-08-22,SKU039,12.0
2025-08-22,SKU040,7.85
2025-08-22,SKU041,7.81
2025-08-22,SKU042,8.04
2025-08-22,SKU043,7.45
2025-08-22,SKU044,8.08
2025-08-22,SKU045,11.19
2025-08-22,SKU046,11.4
2025-08-22,SKU047,8.95
2025-08-22,SKU048,8.2
2025-08-22,SKU049,8.48
2025-08-22,SKU050,7.68
2025-08-23,SKU001,7.73
2025-08-23,SKU002,10.64
2025-08-23,SKU003,11.27
2025-08-23,SKU004,8.87
2025-08-23,SKU005,9.19
2025-08-23,SKU006,9.92
2025-08-23,SKU007,9.84
2025-08-23,SKU008,9.57
2025-08-23,SKU009,11.67
2025-08-23,SKU010,11.82
2025-08-23,SKU011,10.12
2025-08-23,SKU012,9.93
2025-08-23,SKU013,10.15
2025-08-23,SKU014,10.11
2025-08-23,SKU015,10.17
2025-08-23,SKU016,14.06
2025-08-23,SKU017,13.01
2025-08-23,SKU018,9.4
2025-08-23,SKU019,9.77
2025-08-23,SKU020,9.57
2025-08-23,SKU021,9.39
2025-08-23,SKU022,8.54
2025-08-23,SKU023,12.48
2025-08-23,SKU024,12.65
2025-08-23,SKU025,10.01
2025-08-23,SKU026,9.85
2025-08-23,SKU027,10.05
2025-08-23,SKU028,9.93
2025-08-23,SKU029,10.09
2025-08-23,SKU030,14.22
2025-08-23,SKU031,13.83
2025-08-23,SKU032,10.32
2025-08-23,SKU033,11.23
2025-08-23,SKU034,10.96
2025-08-23,SKU035,22.65
2025-08-23,SKU036,21.77
2025-08-23,SKU037,22.57
2025-08-23,SKU038,22.15
2025-08-23,SKU039,22.42
2025-08-23,SKU040,24.32
2025-08-23,SKU041,25.67
2025-08-23,SKU042,22.67
2025-08-23,SKU043,23.04
2025-08-23,SKU044,22.84
2025-08-23,SKU045,22.17
2025-08-23,SKU046,22.36
2025-08-23,SKU047,24.7
2025-08-23,SKU048,24.54
2025-08-23,SKU049,21.86
2025-08-23,SKU050,22.59
2025-08-24,SKU001,21.95
2025-08-24,SKU002,21.93
2025-08-24,SKU003,20.87
2025-08-24,SKU004,23.59
2025-08-24,SKU005,25.15
2025-08-24,SKU006,21.95
2025-08-24,SKU007,22.46
2025-08-24,SKU008,21.37
2025-08-24,SKU009,21.67
2025-08-24,SKU010,22.65
2025-08-24,SKU011,25.98
2025-08-24,SKU012,25.9
2025-08-24,SKU013,22.94
2025-08-24,SKU014,22.56
2025-08-24,SKU015,21.88
2025-08-24,SKU016,21.03
2025-08-24,SKU017,21.96
2025-08-24,SKU018,24.23
2025-08-24,SKU019,25.78
2025-08-24,SKU020,22.99
2025-08-24,SKU021,23.11
2025-08-24,SKU022,21.73
2025-08-24,SKU023,22.4
2025-08-24,SKU024,20.95
2025-08-24,SKU025,24.62
2025-08-24,SKU026,25.78
2025-08-24,SKU027,21.59
2025-08-24,SKU028,22.58
2025-08-24,SKU029,22.27
2025-08-24,SKU030,21.58
2025-08-24,SKU031,22.05
2025-08-24,SKU032,25.97
2025-08-24,SKU033,25.14
2025-08-24,SKU034,22.69
2025-08-24,SKU035,22.85
2025-08-24,SKU036,22.1
2025-08-24,SKU037,22.25
2025-08-24,SKU038,22.22
2025-08-24,SKU039,28.17
2025-08-24,SKU040,28.79
2025-08-24,SKU041,23.32
2025-08-24,SKU042,23.07
2025-08-24,SKU043,23.07
2025-08-24,SKU044,23.47
2025-08-24,SKU045,22.89
2025-08-24,SKU046,35.25
2025-08-24,SKU047,35.93
2025-08-24,SKU048,25.48
2025-08-24,SKU049,25.13
2025-08-24,SKU050,24.73
2025-08-25,SKU001,24.82
2025-08-25,SKU002,25.46
2025-08-25,SKU003,36.92
2025-08-25,SKU004,35.21
2025-08-25,SKU005,24.79
2025-08-25,SKU006,24.13
2025-08-25,SKU007,24.39
2025-08-25,SKU008,25.59
2025-08-25,SKU009,25.02
2025-08-25,SKU010,34.97
2025-08-25,SKU011,34.45
2025-08-25,SKU012,26.34
2025-08-25,SKU013,25.51
2025-08-25,SKU014,25.45
2025-08-25,SKU015,27.09
2025-08-25,SKU016,25.11
2025-08-25,SKU017,34.86
2025-08-25,SKU018,32.68
2025-08-25,SKU019,26.45
2025-08-25,SKU020,25.72
2025-08-25,SKU021,26.02
2025-08-25,SKU022,25.3
2025-08-25,SKU023,26.28
2025-08-25,SKU024,32.54
2025-08-25,SKU025,33.19
2025-08-25,SKU026,26.28
2025-08-25,SKU027,26.71
2025-08-25,SKU028,26.67
2025-08-25,SKU029,27.08
2025-08-25,SKU030,26.51
2025-08-25,SKU031,31.62
2025-08-25,SKU032,31.8
2025-08-25,SKU033,26.89
2025-08-25,SKU034,26.63
2025-08-25,SKU035,26.91
2025-08-25,SKU036,27.6
2025-08-25,SKU037,26.56
2025-08-25,SKU038,32.56
2025-08-25,SKU039,31.3
2025-08-25,SKU040,26.72
2025-08-25,SKU041,26.18
2025-08-25,SKU042,27.54
2025-08-25,SKU043,27.16
2025-08-25,SKU044,26.98
2025-08-25,SKU045,30.01
2025-08-25,SKU046,30.3
2025-08-25,SKU047,26.83
2025-08-25,SKU048,25.9
2025-08-25,SKU049,26.82
2025-08-25,SKU050,26.42
2025-08-26,SKU001,26.76
2025-08-26,SKU002,31.22
2025-08-26,SKU003,30.67
2025-08-26,SKU004,25.78
2025-08-26,SKU005,25.39
2025-08-26,SKU006,26.61
2025-08-26,SKU007,26.73
2025-08-26,SKU008,28.2
2025-08-26,SKU009,29.89
2025-08-26,SKU010,30.67
2025-08-26,SKU011,25.49
2025-08-26,SKU012,25.91
2025-08-26,SKU013,24.95
2025-08-26,SKU014,25.97
2025-08-26,SKU015,25.24
2025-08-26,SKU016,30.22
2025-08-26,SKU017,29.04
2025-08-26,SKU018,24.79
2025-08-26,SKU019,24.41
2025-08-26,SKU020,24.1
2025-08-26,SKU021,25.22
2025-08-26,SKU022,25.74
2025-08-26,SKU023,30.09
2025-08-26,SKU024,32.17
2025-08-26,SKU025,26.5
2025-08-26,SKU026,26.03
2025-08-26,SKU027,26.83
2025-08-26,SKU028,27.25
2025-08-26,SKU029,27.26
2025-08-26,SKU030,33.83
2025-08-26,SKU031,32.36
2025-08-26,SKU032,23.59
2025-08-26,SKU033,23.73
2025-08-26,SKU034,23.64
2025-08-26,SKU035,24.68
2025-08-26,SKU036,25.08
2025-08-26,SKU037,36.22
2025-08-26,SKU038,37.78
2025-08-26,SKU039,24.39
2025-08-26,SKU040,25.39
2025-08-26,SKU041,25.47
2025-08-26,SKU042,24.59
2025-08-26,SKU043,24.13
2025-08-26,SKU044,33.25
2025-08-26,SKU045,34.26
2025-08-26,SKU046,22.89
2025-08-26,SKU047,23.85
2025-08-26,SKU048,24.03
2025-08-26,SKU049,24.43
2025-08-26,SKU050,24.5
2025-08-27,SKU001,35.86
2025-08-27,SKU002,35.28
2025-08-27,SKU003,25.21
2025-08-27,SKU004,23.88
2025-08-27,SKU005,24.07
2025-08-27,SKU006,24.49
2025-08-27,SKU007,24.64
2025-08-27,SKU008,33.81
2025-08-27,SKU009,33.84
2025-08-27,SKU010,23.04
2025-08-27,SKU011,22.98
2025-08-27,SKU012,23.08
2025-08-27,SKU013,23.53
2025-08-27,SKU014,23.59
2025-08-27,SKU015,25.3
2025-08-27,SKU016,23.82
2025-08-27,SKU017,19.87
2025-08-27,SKU018,20.35
2025-08-27,SKU019,21.18
2025-08-27,SKU020,21.37
2025-08-27,SKU021,21.07
2025-08-27,SKU022,23.72
2025-08-27,SKU023,22.31
2025-08-27,SKU024,21.16
2025-08-27,SKU025,21.52
2025-08-27,SKU026,21.59
2025-08-27,SKU027,20.77
2025-08-27,SKU028,20.58
2025-08-27,SKU029,22.65
2025-08-27,SKU030,21.84
2025-08-27,SKU031,22.01
2025-08-27,SKU032,20.85
2025-08-27,SKU033,20.84
2025-08-27,SKU034,20.15
2025-08-27,SKU035,19.66
2025-08-27,SKU036,21.46
2025-08-27,SKU037,23.61
2025-08-27,SKU038,20.32
2025-08-27,SKU039,19.79
2025-08-27,SKU040,19.36
2025-08-27,SKU041,19.12
2025-08-27,SKU042,19.65
2025-08-27,SKU043,23.7
2025-08-27,SKU044,25.12
2025-08-27,SKU045,19.05
2025-08-27,SKU046,19.03
2025-08-27,SKU047,19.31
2025-08-27,SKU048,19.34
2025-08-27,SKU049,19.14
2025-08-27,SKU050,23.58
2025-08-28,SKU001,23.59
2025-08-28,SKU002,19.49
2025-08-28,SKU003,19.44
2025-08-28,SKU004,18.63
2025-08-28,SKU005,19.0
2025-08-28,SKU006,19.34
2025-08-28,SKU007,21.41
2025-08-28,SKU008,20.77
2025-08-28,SKU009,19.37
2025-08-28,SKU010,19.29
2025-08-28,SKU011,18.87
2025-08-28,SKU012,19.11
2025-08-28,SKU013,18.25
2025-08-28,SKU014,21.21
2025-08-28,SKU015,21.91
2025-08-28,SKU016,20.33
2025-08-28,SKU017,17.48
2025-08-28,SKU018,17.62
2025-08-28,SKU019,17.19
2025-08-28,SKU020,17.64
2025-08-28,SKU021,21.43
2025-08-28,SKU022,22.32
2025-08-28,SKU023,17.61
2025-08-28,SKU024,18.03
2025-08-28,SKU025,17.37
2025-08-28,SKU026,18.13
2025-08-28,SKU027,17.87
2025-08-28,SKU028,22.85
2025-08-28,SKU029,26.92
2025-08-28,SKU030,18.2
2025-08-28,SKU031,17.88
2025-08-28,SKU032,18.07
2025-08-28,SKU033,18.1
2025-08-28,SKU034,18.41
2025-08-28,SKU035,24.36
2025-08-28,SKU036,25.14
2025-08-28,SKU037,17.47
2025-08-28,SKU038,17.77
2025-08-28,SKU039,18.45
2025-08-28,SKU040,17.41
2025-08-28,SKU041,17.81
2025-08-28,SKU042,23.32
2025-08-28,SKU043,23.48
2025-08-28,SKU044,17.23
2025-08-28,SKU045,17.2
2025-08-28,SKU046,17.58
2025-08-28,SKU047,17.13
2025-08-28,SKU048,17.79
2025-08-28,SKU049,25.23
2025-08-28,SKU050,26.14
2025-08-29,SKU001,17.12
2025-08-29,SKU002,17.93
2025-08-29,SKU003,17.26
2025-08-29,SKU004,17.58
2025-08-29,SKU005,17.18
2025-08-29,SKU006,20.49
2025-08-29,SKU007,20.2
2025-08-29,SKU008,18.22
2025-08-29,SKU009,17.9
2025-08-29,SKU010,18.1
2025-08-29,SKU011,18.92
2025-08-29,SKU012,18.41
2025-08-29,SKU013,21.56
2025-08-29,SKU014,19.35
2025-08-29,SKU015,16.61
2025-08-29,SKU016,16.32
2025-08-29,SKU017,15.99
2025-08-29,SKU018,15.99
2025-08-29,SKU019,17.76
2025-08-29,SKU020,18.39
2025-08-29,SKU021,18.25
2025-08-29,SKU022,17.6
2025-08-29,SKU023,17.76
2025-08-29,SKU024,17.1
2025-08-29,SKU025,17.56
2025-08-29,SKU026,17.5
2025-08-29,SKU027,18.8
2025-08-29,SKU028,20.01
2025-08-29,SKU029,16.13
2025-08-29,SKU030,16.63
2025-08-29,SKU031,17.09
2025-08-29,SKU032,16.73
2025-08-29,SKU033,16.66
2025-08-29,SKU034,20.55
2025-08-29,SKU035,20.38
2025-08-29,SKU036,16.47
2025-08-29,SKU037,16.77
2025-08-29,SKU038,15.85
2025-08-29,SKU039,16.88
2025-08-29,SKU040,16.88
2025-08-29,SKU041,23.89
2025-08-29,SKU042,23.54
2025-08-29,SKU043,16.03
2025-08-29,SKU044,16.81
2025-08-29,SKU045,15.89
2025-08-29,SKU046,16.69
2025-08-29,SKU047,17.09
2025-08-29,SKU048,27.36
2025-08-29,SKU049,24.93
2025-08-29,SKU050,16.36
2025-08-30,SKU001,15.94
2025-08-30,SKU002,16.71
2025-08-30,SKU003,17.3
2025-08-30,SKU004,16.93
2025-08-30,SKU005,25.38
2025-08-30,SKU006,24.89
2025-08-30,SKU007,17.44
2025-08-30,SKU008,17.42
2025-08-30,SKU009,17.57
2025-08-30,SKU010,16.88
2025-08-30,SKU011,17.46
2025-08-30,SKU012,25.02
2025-08-30,SKU013,23.36
2025-08-30,SKU014,17.71
2025-08-30,SKU015,19.2
2025-08-30,SKU016,18.96
2025-08-30,SKU017,19.38
2025-08-30,SKU018,18.86
2025-08-30,SKU019,21.67
2025-08-30,SKU020,23.65
2025-08-30,SKU021,18.6
2025-08-30,SKU022,19.31
2025-08-30,SKU023,19.12
2025-08-30,SKU024,19.46
2025-08-30,SKU025,19.32
2025-08-30,SKU026,23.15
2025-08-30,SKU027,23.61
2025-08-30,SKU028,22.04
2025-08-30,SKU029,22.28
2025-08-30,SKU030,22.35
2025-08-30,SKU031,19.97
2025-08-30,SKU032,19.9
2025-08-30,SKU033,22.76
2025-08-30,SKU034,23.52
2025-08-30,SKU035,18.72
2025-08-30,SKU036,18.69
2025-08-30,SKU037,19.32
2025-08-30,SKU038,18.74
2025-08-30,SKU039,18.56
2025-08-30,SKU040,20.97
2025-08-30,SKU041,21.39
2025-08-30,SKU042,18.5
2025-08-30,SKU043,19.49
2025-08-30,SKU044,19.0
2025-08-30,SKU045,19.35
2025-08-30,SKU046,19.54
2025-08-30,SKU047,23.51
2025-08-30,SKU048,24.29
2025-08-30,SKU049,21.15
2025-08-30,SKU050,20.8
2025-08-31,SKU001,19.78
2025-08-31,SKU002,21.26
2025-08-31,SKU003,18.88
2025-08-31,SKU004,22.64
2025-08-31,SKU005,23.61
2025-08-31,SKU006,20.31
2025-08-31,SKU007,20.29
2025-08-31,SKU008,19.69
2025-08-31,SKU009,21.59
2025-08-31,SKU010,20.77
2025-08-31,SKU011,22.46
2025-08-31,SKU012,22.96
2025-08-31,SKU013,21.78
2025-08-31,SKU014,21.86
2025-08-31,SKU015,21.68
2025-08-31,SKU016,20.65
2025-08-31,SKU017,21.48
2025-08-31,SKU018,22.11
2025-08-31,SKU019,22.83
2025-08-31,SKU020,22.62
2025-08-31,SKU021,22.78
2025-08-31,SKU022,22.38
2025-08-31,SKU023,22.29
2025-08-31,SKU024,23.09
2025-08-31,SKU025,25.13
2025-08-31,SKU026,26.34
2025-08-31,SKU027,21.89
2025-08-31,SKU028,23.66
2025-08-31,SKU029,22.99
2025-08-31,SKU030,23.06
2025-08-31,SKU031,22.55
2025-08-31,SKU032,24.68
2025-08-31,SKU033,26.46
2025-08-31,SKU034,22.09
2025-08-31,SKU035,22.9
2025-08-31,SKU036,22.13
2025-08-31,SKU037,23.34
2025-08-31,SKU038,23.24
2025-08-31,SKU039,26.37
2025-08-31,SKU040,25.84
2025-08-31,SKU041,23.01
2025-08-31,SKU042,23.15
2025-08-31,SKU043,22.92
2025-08-31,SKU044,23.45
2025-08-31,SKU045,23.72
2025-08-31,SKU046,27.08
2025-08-31,SKU047,27.32
2025-08-31,SKU048,23.16
2025-08-31,SKU049,21.83
2025-08-31,SKU050,22.79
2025-09-01,SKU001,22.91
2025-09-01,SKU002,22.7
2025-09-01,SKU003,29.25
2025-09-01,SKU004,30.14
2025-09-01,SKU005,23.59
2025-09-01,SKU006,23.4
2025-09-01,SKU007,23.44
2025-09-01,SKU008,23.1
2025-09-01,SKU009,23.65
2025-09-01,SKU010,33.53
2025-09-01,SKU011,35.63
2025-09-01,SKU012,24.76
2025-09-01,SKU013,24.94
2025-09-01,SKU014,24.61
2025-09-01,SKU015,25.04
2025-09-01,SKU016,24.54
2025-09-01,SKU017,38.52
2025-09-01,SKU018,36.85
2025-09-01,SKU019,25.49
2025-09-01,SKU020,24.88
2025-09-01,SKU021,25.14
2025-09-01,SKU022,24.19
2025-09-01,SKU023,25.33
2025-09-01,SKU024,36.68
2025-09-01,SKU025,36.1
2025-09-01,SKU026,27.08
2025-09-01,SKU027,25.22
2025-09-01,SKU028,25.91
2025-09-01,SKU029,25.29
2025-09-01,SKU030,25.47
2025-09-01,SKU031,34.81
2025-09-01,SKU032,34.93
2025-09-01,SKU033,27.05
2025-09-01,SKU034,25.63
2025-09-01,SKU035,25.44
2025-09-01,SKU036,25.66
2025-09-01,SKU037,25.24
2025-09-01,SKU038,28.69
2025-09-01,SKU039,29.57
2025-09-01,SKU040,26.85
2025-09-01,SKU041,25.95
2025-09-01,SKU042,26.68
2025-09-01,SKU043,25.93
2025-09-01,SKU044,26.13
2025-09-01,SKU045,33.09
2025-09-01,SKU046,32.51
2025-09-01,SKU047,27.02
2025-09-01,SKU048,26.46
2025-09-01,SKU049,26.92
2025-09-01,SKU050,26.27
2025-09-02,SKU001,27.35
2025-09-02,SKU002,31.42
2025-09-02,SKU003,29.63
2025-09-02,SKU004,25.31
2025-09-02,SKU005,25.18
2025-09-02,SKU006,26.28
2025-09-02,SKU007,26.33
2025-09-02,SKU008,26.21
2025-09-02,SKU009,28.73
2025-09-02,SKU010,29.04
2025-09-02,SKU011,23.49
2025-09-02,SKU012,24.07
2025-09-02,SKU013,24.28
2025-09-02,SKU014,23.77
2025-09-02,SKU015,25.21
2025-09-02,SKU016,30.56
2025-09-02,SKU017,30.35
2025-09-02,SKU018,25.2
2025-09-02,SKU019,25.19
2025-09-02,SKU020,24.25
2025-09-02,SKU021,25.32
2025-09-02,SKU022,24.9
2025-09-02,SKU023,28.74
2025-09-02,SKU024,29.15
2025-09-02,SKU025,23.99
2025-09-02,SKU026,23.99
2025-09-02,SKU027,25.37
2025-09-02,SKU028,25.21
2025-09-02,SKU029,25.01
2025-09-02,SKU030,30.81
2025-09-02,SKU031,31.77
2025-09-02,SKU032,26.04
2025-09-02,SKU033,25.66
2025-09-02,SKU034,25.83
2025-09-02,SKU035,26.25
2025-09-02,SKU036,27.72
2025-09-02,SKU037,31.75
2025-09-02,SKU038,32.79
2025-09-02,SKU039,26.62
2025-09-02,SKU040,26.71
2025-09-02,SKU041,26.63
2025-09-02,SKU042,27.22
2025-09-02,SKU043,26.68
2025-09-02,SKU044,33.08
2025-09-02,SKU045,35.18
2025-09-02,SKU046,24.82
2025-09-02,SKU047,25.32
2025-09-02,SKU048,24.65
2025-09-02,SKU049,25.81
2025-09-02,SKU050,25.82
2025-09-03,SKU001,34.12
2025-09-03,SKU002,36.17
2025-09-03,SKU003,24.17
2025-09-03,SKU004,24.09
2025-09-03,SKU005,24.13
2025-09-03,SKU006,24.98
2025-09-03,SKU007,24.67
2025-09-03,SKU008,34.79
2025-09-03,SKU009,35.04
2025-09-03,SKU010,25.15
2025-09-03,SKU011,23.67
2025-09-03,SKU012,24.15
2025-09-03,SKU013,24.64
2025-09-03,SKU014,25.15
2025-09-03,SKU015,35.39
2025-09-03,SKU016,32.52
2025-09-03,SKU017,23.18
2025-09-03,SKU018,23.36
2025-09-03,SKU019,23.8
2025-09-03,SKU020,23.17
2025-09-03,SKU021,23.79
2025-09-03,SKU022,35.83
2025-09-03,SKU023,37.57
2025-09-03,SKU024,23.25
2025-09-03,SKU025,22.34
2025-09-03,SKU026,22.95
2025-09-03,SKU027,23.14
2025-09-03,SKU028,23.18
2025-09-03,SKU029,25.35
2025-09-03,SKU030,26.0
2025-09-03,SKU031,21.82
2025-09-03,SKU032,23.51
2025-09-03,SKU033,22.79
2025-09-03,SKU034,23.52
2025-09-03,SKU035,23.23
2025-09-03,SKU036,27.06
2025-09-03,SKU037,26.17
2025-09-03,SKU038,23.29
2025-09-03,SKU039,21.79
2025-09-03,SKU040,22.92
2025-09-03,SKU041,22.46
2025-09-03,SKU042,20.6
2025-09-03,SKU043,24.38
2025-09-03,SKU044,24.19
2025-09-03,SKU045,22.14
2025-09-03,SKU046,21.26
2025-09-03,SKU047,21.26
2025-09-03,SKU048,23.24
2025-09-03,SKU049,21.98
2025-09-03,SKU050,24.36
2025-09-04,SKU001,24.4
2025-09-04,SKU002,21.89
2025-09-04,SKU003,21.94
2025-09-04,SKU004,21.31
2025-09-04,SKU005,21.56
2025-09-04,SKU006,21.89
2025-09-04,SKU007,25.35
2025-09-04,SKU008,24.79
2025-09-04,SKU009,19.45
2025-09-04,SKU010,20.59
2025-09-04,SKU011,19.51
2025-09-04,SKU012,20.02
2025-09-04,SKU013,20.64
2025-09-04,SKU014,24.16
2025-09-04,SKU015,25.18
2025-09-04,SKU016,21.3
2025-09-04,SKU017,20.85
2025-09-04,SKU018,21.65
2025-09-04,SKU019,20.5
2025-09-04,SKU020,20.09
2025-09-04,SKU021,23.47
2025-09-04,SKU022,23.85
2025-09-04,SKU023,20.16
2025-09-04,SKU024,20.35
2025-09-04,SKU025,19.82
2025-09-04,SKU026,19.31
2025-09-04,SKU027,19.22
2025-09-04,SKU028,21.99
2025-09-04,SKU029,22.31
2025-09-04,SKU030,19.67
2025-09-04,SKU031,19.3
2025-09-04,SKU032,19.12
2025-09-04,SKU033,19.49
2025-09-04,SKU034,20.19
2025-09-04,SKU035,23.83
2025-09-04,SKU036,24.86
2025-09-04,SKU037,19.86
2025-09-04,SKU038,20.07
2025-09-04,SKU039,19.88
2025-09-04,SKU040,20.37
2025-09-04,SKU041,19.23
2025-09-04,SKU042,24.96
2025-09-04,SKU043,26.11
2025-09-04,SKU044,19.57
2025-09-04,SKU045,19.41
2025-09-04,SKU046,18.52
2025-09-04,SKU047,19.0
2025-09-04,SKU048,18.68
2025-09-04,SKU049,28.19
2025-09-04,SKU050,25.42
2025-09-05,SKU001,19.44
2025-09-05,SKU002,19.09
2025-09-05,SKU003,19.09
2025-09-05,SKU004,19.67
2025-09-05,SKU005,19.28
2025-09-05,SKU006,27.98
2025-09-05,SKU007,27.04
2025-09-05,SKU008,20.6
2025-09-05,SKU009,21.48
2025-09-05,SKU010,20.22
2025-09-05,SKU011,20.08
2025-09-05,SKU012,20.68
2025-09-05,SKU013,26.78
2025-09-05,SKU014,27.38
2025-09-05,SKU015,20.19
2025-09-05,SKU016,19.54
2025-09-05,SKU017,19.82
2025-09-05,SKU018,19.33
2025-09-05,SKU019,19.65
2025-09-05,SKU020,23.04
2025-09-05,SKU021,21.84
2025-09-05,SKU022,18.74
2025-09-05,SKU023,18.7
2025-09-05,SKU024,19.43
2025-09-05,SKU025,19.33
2025-09-05,SKU026,19.19
2025-09-05,SKU027,21.73
2025-09-05,SKU028,19.88
2025-09-05,SKU029,18.91
2025-09-05,SKU030,18.43
2025-09-05,SKU031,19.34
2025-09-05,SKU032,19.98
2025-09-05,SKU033,19.66
2025-09-05,SKU034,22.0
2025-09-05,SKU035,21.9
2025-09-05,SKU036,18.75
2025-09-05,SKU037,18.19
2025-09-05,SKU038,17.68
2025-09-05,SKU039,18.65
2025-09-05,SKU040,18.46
2025-09-05,SKU041,21.34
2025-09-05,SKU042,22.84
2025-09-05,SKU043,17.34
2025-09-05,SKU044,17.37
2025-09-05,SKU045,17.28
2025-09-05,SKU046,18.15
2025-09-05,SKU047,17.47
2025-09-05,SKU048,21.18
2025-09-05,SKU049,22.19
2025-09-05,SKU050,17.47
2025-09-06,SKU001,17.81
2025-09-06,SKU002,16.63
2025-09-06,SKU003,17.72
2025-09-06,SKU004,18.2
2025-09-06,SKU005,22.49
2025-09-06,SKU006,23.15
2025-09-06,SKU007,17.22
2025-09-06,SKU008,16.54
2025-09-06,SKU009,16.98
2025-09-06,SKU010,17.19
2025-09-06,SKU011,16.86
2025-09-06,SKU012,25.64
2025-09-06,SKU013,25.53
2025-09-06,SKU014,17.04
2025-09-06,SKU015,17.4
2025-09-06,SKU016,16.11
2025-09-06,SKU017,16.27
2025-09-06,SKU018,16.96
2025-09-06,SKU019,25.05
2025-09-06,SKU020,25.63
2025-09-06,SKU021,17.13
2025-09-06,SKU022,17.3
2025-09-06,SKU023,17.91
2025-09-06,SKU024,17.56
2025-09-06,SKU025,17.76
2025-09-06,SKU026,23.55
2025-09-06,SKU027,24.25
2025-09-06,SKU028,17.06
2025-09-06,SKU029,17.62
2025-09-06,SKU030,18.07
2025-09-06,SKU031,18.38
2025-09-06,SKU032,19.2
2025-09-06,SKU033,21.93
2025-09-06,SKU034,22.46
2025-09-06,SKU035,19.3
2025-09-06,SKU036,19.21
2025-09-06,SKU037,19.62
2025-09-06,SKU038,18.66
2025-09-06,SKU039,19.31
2025-09-06,SKU040,22.82
2025-09-06,SKU041,23.5
2025-09-06,SKU042,19.4
2025-09-06,SKU043,19.44
2025-09-06,SKU044,20.14
2025-09-06,SKU045,20.07
2025-09-06,SKU046,19.51
2025-09-06,SKU047,22.55
2025-09-06,SKU048,22.44
2025-09-06,SKU049,19.25
2025-09-06,SKU050,19.24
2025-09-07,SKU001,18.73
2025-09-07,SKU002,18.84
2025-09-07,SKU003,20.72
2025-09-07,SKU004,22.44
2025-09-07,SKU005,23.55
2025-09-07,SKU006,20.92
2025-09-07,SKU007,22.14
2025-09-07,SKU008,21.33
2025-09-07,SKU009,22.24
2025-09-07,SKU010,22.12
2025-09-07,SKU011,22.42
2025-09-07,SKU012,21.53
2025-09-07,SKU013,21.32
2025-09-07,SKU014,22.53
2025-09-07,SKU015,24.93
2025-09-07,SKU016,21.45
2025-09-07,SKU017,22.35
2025-09-07,SKU018,21.49
2025-09-07,SKU019,22.12
2025-09-07,SKU020,21.96
2025-09-07,SKU021,22.19
2025-09-07,SKU022,22.97
2025-09-07,SKU023,21.18
2025-09-07,SKU024,21.83
2025-09-07,SKU025,20.28
2025-09-07,SKU026,20.78
2025-09-07,SKU027,20.69
2025-09-07,SKU028,22.72
2025-09-07,SKU029,22.65
2025-09-07,SKU030,21.45
2025-09-07,SKU031,21.92
2025-09-07,SKU032,21.02
2025-09-07,SKU033,20.58
2025-09-07,SKU034,20.36
2025-09-07,SKU035,23.55
2025-09-07,SKU036,25.42
2025-09-07,SKU037,21.3
2025-09-07,SKU038,21.99
2025-09-07,SKU039,21.23
2025-09-07,SKU040,21.88
2025-09-07,SKU041,21.47
2025-09-07,SKU042,26.7
2025-09-07,SKU043,26.85
2025-09-07,SKU044,21.49
2025-09-07,SKU045,23.11
2025-09-07,SKU046,23.61
2025-09-07,SKU047,22.25
2025-09-07,SKU048,22.68
2025-09-07,SKU049,27.77
2025-09-07,SKU050,27.19
2025-09-08,SKU001,23.92
2025-09-08,SKU002,24.16
2025-09-08,SKU003,25.07
2025-09-08,SKU004,25.06
2025-09-08,SKU005,23.28
2025-09-08,SKU006,26.98
2025-09-08,SKU007,28.96
2025-09-08,SKU008,24.43
2025-09-08,SKU009,24.34
2025-09-08,SKU010,24.73
2025-09-08,SKU011,23.62
2025-09-08,SKU012,24.16
2025-09-08,SKU013,27.43
2025-09-08,SKU014,27.63
2025-09-08,SKU015,23.41
2025-09-08,SKU016,23.94
2025-09-08,SKU017,24.59
2025-09-08,SKU018,24.89
2025-09-08,SKU019,22.49
2025-09-08,SKU020,32.74
2025-09-08,SKU021,32.87
2025-09-08,SKU022,23.33
2025-09-08,SKU023,24.21
2025-09-08,SKU024,23.56
2025-09-08,SKU025,23.22
2025-09-08,SKU026,21.77
2025-09-08,SKU027,33.05
2025-09-08,SKU028,32.01
2025-09-08,SKU029,23.58
2025-09-08,SKU030,24.63
2025-09-08,SKU031,23.73
2025-09-08,SKU032,24.27
2025-09-08,SKU033,23.56
2025-09-08,SKU034,32.34
2025-09-08,SKU035,33.9
2025-09-08,SKU036,23.06
2025-09-08,SKU037,23.01
2025-09-08,SKU038,22.81
2025-09-08,SKU039,22.81
2025-09-08,SKU040,22.87
2025-09-08,SKU041,33.2
2025-09-08,SKU042,32.11
2025-09-08,SKU043,23.25
2025-09-08,SKU044,23.79
2025-09-08,SKU045,23.18
2025-09-08,SKU046,22.92
2025-09-08,SKU047,23.89
2025-09-08,SKU048,27.4
2025-09-08,SKU049,27.1
2025-09-08,SKU050,23.89
2025-09-09,SKU001,24.07
2025-09-09,SKU002,24.26
2025-09-09,SKU003,23.15
2025-09-09,SKU004,23.85
2025-09-09,SKU005,26.82
2025-09-09,SKU006,27.35
2025-09-09,SKU007,23.21
2025-09-09,SKU008,24.77
2025-09-09,SKU009,24.53
2025-09-09,SKU010,23.45
2025-09-09,SKU011,23.4
2025-09-09,SKU012,26.52
2025-09-09,SKU013,25.72
2025-09-09,SKU014,22.71
2025-09-09,SKU015,22.73
2025-09-09,SKU016,22.68
2025-09-09,SKU017,22.21
2025-09-09,SKU018,22.68
2025-09-09,SKU019,29.25
2025-09-09,SKU020,27.69
2025-09-09,SKU021,24.08
2025-09-09,SKU022,23.68
2025-09-09,SKU023,23.42
2025-09-09,SKU024,23.52
2025-09-09,SKU025,24.92
2025-09-09,SKU026,30.7
2025-09-09,SKU027,30.81
2025-09-09,SKU028,24.38
2025-09-09,SKU029,23.5
2025-09-09,SKU030,23.09
2025-09-09,SKU031,23.54
2025-09-09,SKU032,23.69
2025-09-09,SKU033,29.41
2025-09-09,SKU034,28.96
2025-09-09,SKU035,22.57
2025-09-09,SKU036,23.5
2025-09-09,SKU037,23.43
2025-09-09,SKU038,23.68
2025-09-09,SKU039,23.45
2025-09-09,SKU040,29.5
2025-09-09,SKU041,29.15
2025-09-09,SKU042,23.18
2025-09-09,SKU043,22.46
2025-09-09,SKU044,23.83
2025-09-09,SKU045,24.22
2025-09-09,SKU046,24.04
2025-09-09,SKU047,29.44
2025-09-09,SKU048,30.19
2025-09-09,SKU049,24.74
2025-09-09,SKU050,24.91
2025-09-10,SKU001,23.93
2025-09-10,SKU002,24.62
2025-09-10,SKU003,24.78
2025-09-10,SKU004,32.59
2025-09-10,SKU005,32.07
2025-09-10,SKU006,23.41
2025-09-10,SKU007,22.5
2025-09-10,SKU008,23.78
2025-09-10,SKU009,22.89
2025-09-10,SKU010,22.92
2025-09-10,SKU011,33.37
2025-09-10,SKU012,32.87
2025-09-10,SKU013,21.93
2025-09-10,SKU014,23.46
2025-09-10,SKU015,23.42
2025-09-10,SKU016,22.05
2025-09-10,SKU017,21.94
2025-09-10,SKU018,32.38
2025-09-10,SKU019,32.32
2025-09-10,SKU020,23.39
2025-09-10,SKU021,24.83
2025-09-10,SKU022,23.25
2025-09-10,SKU023,23.73
2025-09-10,SKU024,23.44
2025-09-10,SKU025,31.9
2025-09-10,SKU026,31.49
2025-09-10,SKU027,21.56
2025-09-10,SKU028,22.45
2025-09-10,SKU029,22.26
2025-09-10,SKU030,22.75
2025-09-10,SKU031,22.63
2025-09-10,SKU032,31.71
2025-09-10,SKU033,31.02
2025-09-10,SKU034,21.56
2025-09-10,SKU035,20.87
2025-09-10,SKU036,21.46
2025-09-10,SKU037,21.62
2025-09-10,SKU038,21.33
2025-09-10,SKU039,23.86
2025-09-10,SKU040,24.02
2025-09-10,SKU041,19.74
2025-09-10,SKU042,19.75
2025-09-10,SKU043,20.15
2025-09-10,SKU044,20.38
2025-09-10,SKU045,20.37
2025-09-10,SKU046,26.11
2025-09-10,SKU047,23.88
2025-09-10,SKU048,18.77
2025-09-10,SKU049,19.31
2025-09-10,SKU050,19.84
2025-09-11,SKU001,19.6
2025-09-11,SKU002,20.01
2025-09-11,SKU003,23.84
2025-09-11,SKU004,23.3
2025-09-11,SKU005,20.53
2025-09-11,SKU006,19.56
2025-09-11,SKU007,20.29
2025-09-11,SKU008,20.06
2025-09-11,SKU009,20.02
2025-09-11,SKU010,23.41
2025-09-11,SKU011,24.4
2025-09-11,SKU012,19.51
2025-09-11,SKU013,19.21
2025-09-11,SKU014,19.29
2025-09-11,SKU015,19.65
2025-09-11,SKU016,18.94
2025-09-11,SKU017,23.16
2025-09-11,SKU018,20.13
2025-09-11,SKU019,20.72
2025-09-11,SKU020,20.25
2025-09-11,SKU021,20.04
2025-09-11,SKU022,20.14
2025-09-11,SKU023,20.39
2025-09-11,SKU024,26.54
2025-09-11,SKU025,24.83
2025-09-11,SKU026,19.79
2025-09-11,SKU027,19.6
2025-09-11,SKU028,19.38
2025-09-11,SKU029,18.87
2025-09-11,SKU030,19.02
2025-09-11,SKU031,20.76
2025-09-11,SKU032,20.7
2025-09-11,SKU033,19.29
2025-09-11,SKU034,19.18
2025-09-11,SKU035,18.22
2025-09-11,SKU036,18.6
2025-09-11,SKU037,18.94
2025-09-11,SKU038,20.57
2025-09-11,SKU039,21.4
2025-09-11,SKU040,19.71
2025-09-11,SKU041,18.07
2025-09-11,SKU042,17.5
2025-09-11,SKU043,18.02
2025-09-11,SKU044,17.38
2025-09-11,SKU045,21.54
2025-09-11,SKU046,21.49
2025-09-11,SKU047,17.02
2025-09-11,SKU048,17.21
2025-09-11,SKU049,16.56
2025-09-11,SKU050,16.22
2025-09-12,SKU001,18.26
2025-09-12,SKU002,20.48
2025-09-12,SKU003,25.27
2025-09-12,SKU004,17.14
2025-09-12,SKU005,17.87
2025-09-12,SKU006,18.08
2025-09-12,SKU007,17.41
2025-09-12,SKU008,18.04
2025-09-12,SKU009,25.37
2025-09-12,SKU010,27.29
2025-09-12,SKU011,17.61
2025-09-12,SKU012,17.0
2025-09-12,SKU013,16.39
2025-09-12,SKU014,16.33
2025-09-12,SKU015,16.85
2025-09-12,SKU016,24.15
2025-09-12,SKU017,25.5
2025-09-12,SKU018,18.06
2025-09-12,SKU019,18.32
2025-09-12,SKU020,17.83
2025-09-12,SKU021,17.65
2025-09-12,SKU022,18.05
2025-09-12,SKU023,24.83
2025-09-12,SKU024,25.52
2025-09-12,SKU025,17.43
2025-09-12,SKU026,17.51
2025-09-12,SKU027,17.37
2025-09-12,SKU028,17.52
2025-09-12,SKU029,16.79
2025-09-12,SKU030,20.5
2025-09-12,SKU031,20.54
2025-09-12,SKU032,16.79
2025-09-12,SKU033,18.08
2025-09-12,SKU034,18.18
2025-09-12,SKU035,17.67
2025-09-12,SKU036,18.42
2025-09-12,SKU037,20.9
2025-09-12,SKU038,21.08
2025-09-12,SKU039,17.01
2025-09-12,SKU040,16.72
2025-09-12,SKU041,17.03
2025-09-12,SKU042,17.69
2025-09-12,SKU043,18.76
2025-09-12,SKU044,18.07
2025-09-12,SKU045,17.94
2025-09-12,SKU046,16.77
2025-09-12,SKU047,18.14
2025-09-12,SKU048,16.26
2025-09-12,SKU049,17.96
2025-09-12,SKU050,17.07
2025-09-13,SKU001,19.15
2025-09-13,SKU002,19.31
2025-09-13,SKU003,17.43
2025-09-13,SKU004,16.38
2025-09-13,SKU005,17.09
2025-09-13,SKU006,16.88
2025-09-13,SKU007,17.26
2025-09-13,SKU008,22.38
2025-09-13,SKU009,20.41
2025-09-13,SKU010,16.16
2025-09-13,SKU011,15.2
2025-09-13,SKU012,14.79
2025-09-13,SKU013,16.0
2025-09-13,SKU014,15.73
2025-09-13,SKU015,25.88
2025-09-13,SKU016,25.52
2025-09-13,SKU017,17.29
2025-09-13,SKU018,16.57
2025-09-13,SKU019,17.5
2025-09-13,SKU020,16.25
2025-09-13,SKU021,16.47
2025-09-13,SKU022,25.81
2025-09-13,SKU023,24.32
2025-09-13,SKU024,15.85
2025-09-13,SKU025,16.29
2025-09-13,SKU026,16.92
2025-09-13,SKU027,16.4
2025-09-13,SKU028,17.63
2025-09-13,SKU029,23.96
2025-09-13,SKU030,24.73
2025-09-13,SKU031,17.14
2025-09-13,SKU032,17.54
2025-09-13,SKU033,16.13
2025-09-13,SKU034,18.0
2025-09-13,SKU035,16.5
2025-09-13,SKU036,25.21
2025-09-13,SKU037,24.33
2025-09-13,SKU038,17.42
2025-09-13,SKU039,18.36
2025-09-13,SKU040,17.95
2025-09-13,SKU041,17.75
2025-09-13,SKU042,18.36
2025-09-13,SKU043,21.75
2025-09-13,SKU044,22.82
2025-09-13,SKU045,17.07
2025-09-13,SKU046,18.56
2025-09-13,SKU047,18.47
2025-09-13,SKU048,19.24
2025-09-13,SKU049,19.05
2025-09-13,SKU050,22.25
2025-09-14,SKU001,21.59
2025-09-14,SKU002,18.36
2025-09-14,SKU003,19.68
2025-09-14,SKU004,19.64
2025-09-14,SKU005,19.09
2025-09-14,SKU006,18.3
2025-09-14,SKU007,19.96
2025-09-14,SKU008,21.05
2025-09-14,SKU009,19.06
2025-09-14,SKU010,20.1
2025-09-14,SKU011,19.3
2025-09-14,SKU012,18.91
2025-09-14,SKU013,19.39
2025-09-14,SKU014,21.48
2025-09-14,SKU015,21.59
2025-09-14,SKU016,17.18
2025-09-14,SKU017,18.41
2025-09-14,SKU018,17.62
2025-09-14,SKU019,17.81
2025-09-14,SKU020,17.67
2025-09-14,SKU021,23.29
2025-09-14,SKU022,23.6
2025-09-14,SKU023,19.31
2025-09-14,SKU024,19.08
2025-09-14,SKU025,20.32
2025-09-14,SKU026,19.64
2025-09-14,SKU027,18.52
2025-09-14,SKU028,23.56
2025-09-14,SKU029,22.72
2025-09-14,SKU030,19.79
2025-09-14,SKU031,20.84
2025-09-14,SKU032,20.88
2025-09-14,SKU033,20.3
2025-09-14,SKU034,20.45
2025-09-14,SKU035,25.02
2025-09-14,SKU036,25.48
2025-09-14,SKU037,20.52
2025-09-14,SKU038,20.7
2025-09-14,SKU039,21.25
2025-09-14,SKU040,21.47
2025-09-14,SKU041,21.41
2025-09-14,SKU042,26.11
2025-09-14,SKU043,26.33
2025-09-14,SKU044,22.03
2025-09-14,SKU045,23.31
2025-09-14,SKU046,22.75
2025-09-14,SKU047,21.81
2025-09-14,SKU048,22.26
2025-09-14,SKU049,26.13
2025-09-14,SKU050,26.54
2025-09-15,SKU001,22.4
2025-09-15,SKU002,23.16
2025-09-15,SKU003,22.94
2025-09-15,SKU004,21.86
2025-09-15,SKU005,21.91
2025-09-15,SKU006,25.51
2025-09-15,SKU007,27.41
2025-09-15,SKU008,22.44
2025-09-15,SKU009,23.73
2025-09-15,SKU010,22.94
2025-09-15,SKU011,22.57
2025-09-15,SKU012,22.52
2025-09-15,SKU013,27.1
2025-09-15,SKU014,27.6
2025-09-15,SKU015,23.08
2025-09-15,SKU016,24.97
2025-09-15,SKU017,24.03
2025-09-15,SKU018,23.57
2025-09-15,SKU019,24.22
2025-09-15,SKU020,28.23
2025-09-15,SKU021,27.43
2025-09-15,SKU022,24.25
2025-09-15,SKU023,24.98
2025-09-15,SKU024,24.67
2025-09-15,SKU025,24.47
2025-09-15,SKU026,23.67
2025-09-15,SKU027,31.11
2025-09-15,SKU028,29.44
2025-09-15,SKU029,24.05
2025-09-15,SKU030,24.39
2025-09-15,SKU031,24.15
2025-09-15,SKU032,23.87
2025-09-15,SKU033,24.33
2025-09-15,SKU034,35.26
2025-09-15,SKU035,35.84
2025-09-15,SKU036,24.18
2025-09-15,SKU037,24.37
2025-09-15,SKU038,24.64
2025-09-15,SKU039,25.21
2025-09-15,SKU040,24.24
2025-09-15,SKU041,34.41
2025-09-15,SKU042,35.54
2025-09-15,SKU043,22.67
2025-09-15,SKU044,23.54
2025-09-15,SKU045,23.12
2025-09-15,SKU046,24.69
2025-09-15,SKU047,24.32
2025-09-15,SKU048,34.26
2025-09-15,SKU049,35.62
2025-09-15,SKU050,25.36
2025-09-16,SKU001,25.55
2025-09-16,SKU002,24.04
2025-09-16,SKU003,24.39
2025-09-16,SKU004,23.99
2025-09-16,SKU005,34.21
2025-09-16,SKU006,34.98
2025-09-16,SKU007,26.09
2025-09-16,SKU008,24.79
2025-09-16,SKU009,24.84
2025-09-16,SKU010,24.16
2025-09-16,SKU011,25.27
2025-09-16,SKU012,31.55
2025-09-16,SKU013,32.93
2025-09-16,SKU014,26.18
2025-09-16,SKU015,26.25
2025-09-16,SKU016,25.85
2025-09-16,SKU017,26.81
2025-09-16,SKU018,26.02
2025-09-16,SKU019,31.94
2025-09-16,SKU020,32.51
2025-09-16,SKU021,26.43
2025-09-16,SKU022,26.21
2025-09-16,SKU023,27.79
2025-09-16,SKU024,27.86
2025-09-16,SKU025,26.82
2025-09-16,SKU026,32.87
2025-09-16,SKU027,28.12
2025-09-16,SKU028,24.22
2025-09-16,SKU029,24.88
2025-09-16,SKU030,25.1
2025-09-16,SKU031,26.47
2025-09-16,SKU032,25.04
2025-09-16,SKU033,28.34
2025-09-16,SKU034,28.4
2025-09-16,SKU035,25.82
2025-09-16,SKU036,25.18
2025-09-16,SKU037,26.12
2025-09-16,SKU038,25.62
2025-09-16,SKU039,24.74
2025-09-16,SKU040,30.64
2025-09-16,SKU041,29.37
2025-09-16,SKU042,24.68
2025-09-16,SKU043,24.78
2025-09-16,SKU044,23.41
2025-09-16,SKU045,23.56
2025-09-16,SKU046,22.78
2025-09-16,SKU047,29.17
2025-09-16,SKU048,26.98
2025-09-16,SKU049,22.79
2025-09-16,SKU050,23.1
2025-09-17,SKU001,23.49
2025-09-17,SKU002,24.91
2025-09-17,SKU003,24.44
2025-09-17,SKU004,26.52
2025-09-17,SKU005,26.89
2025-09-17,SKU006,23.06
2025-09-17,SKU007,22.08
2025-09-17,SKU008,22.45
2025-09-17,SKU009,22.03
2025-09-17,SKU010,21.76
2025-09-17,SKU011,29.9
2025-09-17,SKU012,28.88
2025-09-17,SKU013,21.8
2025-09-17,SKU014,21.74
2025-09-17,SKU015,21.95
2025-09-17,SKU016,22.01
2025-09-17,SKU017,21.73
2025-09-17,SKU018,30.16
2025-09-17,SKU019,31.82
2025-09-17,SKU020,21.67
2025-09-17,SKU021,22.33
2025-09-17,SKU022,22.4
2025-09-17,SKU023,21.94
2025-09-17,SKU024,23.67
2025-09-17,SKU025,31.8
2025-09-17,SKU026,33.92
2025-09-17,SKU027,21.41
2025-09-17,SKU028,21.13
2025-09-17,SKU029,21.79
2025-09-17,SKU030,22.2
2025-09-17,SKU031,22.12
2025-09-17,SKU032,32.18
2025-09-17,SKU033,35.27
2025-09-17,SKU034,23.32
2025-09-17,SKU035,23.82
2025-09-17,SKU036,24.28
2025-09-17,SKU037,24.59
2025-09-17,SKU038,24.07
2025-09-17,SKU039,34.0
2025-09-17,SKU040,32.42
2025-09-17,SKU041,22.82
2025-09-17,SKU042,22.89
2025-09-17,SKU043,23.23
2025-09-17,SKU044,23.54
2025-09-17,SKU045,23.43
2025-09-17,SKU046,33.4
2025-09-17,SKU047,32.42
2025-09-17,SKU048,22.23
2025-09-17,SKU049,22.81
2025-09-17,SKU050,22.21
2025-09-18,SKU001,22.15
2025-09-18,SKU002,22.44
2025-09-18,SKU003,25.33
2025-09-18,SKU004,25.47
2025-09-18,SKU005,20.91
2025-09-18,SKU006,21.64
2025-09-18,SKU007,22.29
2025-09-18,SKU008,22.63
2025-09-18,SKU009,21.55
2025-09-18,SKU010,24.49
2025-09-18,SKU011,26.83
2025-09-18,SKU012,21.7
2025-09-18,SKU013,22.31
2025-09-18,SKU014,21.41
2025-09-18,SKU015,21.52
2025-09-18,SKU016,21.04
2025-09-18,SKU017,25.11
2025-09-18,SKU018,25.37
2025-09-18,SKU019,21.58
2025-09-18,SKU020,21.23
2025-09-18,SKU021,21.46
2025-09-18,SKU022,20.46
2025-09-18,SKU023,20.43
2025-09-18,SKU024,24.98
2025-09-18,SKU025,24.75
2025-09-18,SKU026,21.08
2025-09-18,SKU027,20.47
2025-09-18,SKU028,20.24
2025-09-18,SKU029,19.67
2025-09-18,SKU030,20.35
2025-09-18,SKU031,23.23
2025-09-18,SKU032,20.42
2025-09-18,SKU033,18.66
2025-09-18,SKU034,19.86
2025-09-18,SKU035,21.93
2025-09-18,SKU036,20.35
2025-09-18,SKU037,20.33
2025-09-18,SKU038,21.44
2025-09-18,SKU039,21.65
2025-09-18,SKU040,19.09
2025-09-18,SKU041,18.12
2025-09-18,SKU042,19.47
2025-09-18,SKU043,18.91
2025-09-18,SKU044,19.58
2025-09-18,SKU045,21.72
2025-09-18,SKU046,24.55
2025-09-18,SKU047,19.97
2025-09-18,SKU048,19.54
2025-09-18,SKU049,19.08
2025-09-18,SKU050,19.04
2025-09-19,SKU001,19.34
2025-09-19,SKU002,22.95
2025-09-19,SKU003,22.19
2025-09-19,SKU004,19.18
2025-09-19,SKU005,18.92
2025-09-19,SKU006,18.08
2025-09-19,SKU007,18.01
2025-09-19,SKU008,18.38
2025-09-19,SKU009,20.71
2025-09-19,SKU010,22.72
2025-09-19,SKU011,19.79
2025-09-19,SKU012,18.51
2025-09-19,SKU013,17.68
2025-09-19,SKU014,18.04
2025-09-19,SKU015,17.62
2025-09-19,SKU016,21.37
2025-09-19,SKU017,22.6
2025-09-19,SKU018,17.96
2025-09-19,SKU019,17.65
2025-09-19,SKU020,17.75
2025-09-19,SKU021,17.57
2025-09-19,SKU022,18.1
2025-09-19,SKU023,21.9
2025-09-19,SKU024,26.42
2025-09-19,SKU025,16.18
2025-09-19,SKU026,16.69
2025-09-19,SKU027,16.18
2025-09-19,SKU028,16.39
2025-09-19,SKU029,17.24
2025-09-19,SKU030,26.02
2025-09-19,SKU031,26.34
2025-09-19,SKU032,18.42
2025-09-19,SKU033,17.71
2025-09-19,SKU034,17.72
2025-09-19,SKU035,17.51
2025-09-19,SKU036,18.23
2025-09-19,SKU037,25.72
2025-09-19,SKU038,27.0
2025-09-19,SKU039,17.79
2025-09-19,SKU040,18.22
2025-09-19,SKU041,17.32
2025-09-19,SKU042,17.91
2025-09-19,SKU043,17.11
2025-09-19,SKU044,20.98
2025-09-19,SKU045,19.8
2025-09-19,SKU046,17.21
2025-09-19,SKU047,16.95
2025-09-19,SKU048,15.75
2025-09-19,SKU049,16.18
2025-09-19,SKU050,16.38
2025-09-20,SKU001,18.2
2025-09-20,SKU002,18.2
2025-09-20,SKU003,16.38
2025-09-20,SKU004,16.86
2025-09-20,SKU005,16.57
2025-09-20,SKU006,16.97
2025-09-20,SKU007,16.94
2025-09-20,SKU008,18.17
2025-09-20,SKU009,17.94
2025-09-20,SKU010,17.53
2025-09-20,SKU011,16.41
2025-09-20,SKU012,17.04
2025-09-20,SKU013,17.23
2025-09-20,SKU014,16.94
2025-09-20,SKU015,17.92
2025-09-20,SKU016,18.71
2025-09-20,SKU017,16.5
2025-09-20,SKU018,17.77
2025-09-20,SKU019,16.85
2025-09-20,SKU020,17.25
2025-09-20,SKU021,16.28
2025-09-20,SKU022,21.11
2025-09-20,SKU023,19.49
2025-09-20,SKU024,15.87
2025-09-20,SKU025,17.07
2025-09-20,SKU026,16.93
2025-09-20,SKU027,17.68
2025-09-20,SKU028,17.2
2025-09-20,SKU029,25.22
2025-09-20,SKU030,26.28
2025-09-20,SKU031,17.1
2025-09-20,SKU032,16.89
2025-09-20,SKU033,17.09
2025-09-20,SKU034,17.05
2025-09-20,SKU035,17.28
2025-09-20,SKU036,26.75
2025-09-20,SKU037,25.5
2025-09-20,SKU038,17.13
2025-09-20,SKU039,18.29
2025-09-20,SKU040,19.02
2025-09-20,SKU041,17.81
2025-09-20,SKU042,18.38
2025-09-20,SKU043,25.05
2025-09-20,SKU044,26.62
2025-09-20,SKU045,18.88
2025-09-20,SKU046,18.23
2025-09-20,SKU047,18.52
2025-09-20,SKU048,19.25
2025-09-20,SKU049,19.33
2025-09-20,SKU050,27.04
2025-09-21,SKU001,25.31
2025-09-21,SKU002,20.41
2025-09-21,SKU003,18.97
2025-09-21,SKU004,18.52
2025-09-21,SKU005,19.05
2025-09-21,SKU006,18.53
2025-09-21,SKU007,22.01
2025-09-21,SKU008,22.36
2025-09-21,SKU009,19.28
2025-09-21,SKU010,19.17
2025-09-21,SKU011,19.52
2025-09-21,SKU012,19.55
2025-09-21,SKU013,18.82
2025-09-21,SKU014,18.76
2025-09-21,SKU015,18.65
2025-09-21,SKU016,17.4
2025-09-21,SKU017,17.82
2025-09-21,SKU018,15.9
2025-09-21,SKU019,18.25
2025-09-21,SKU020,19.51
2025-09-21,SKU021,20.74
2025-09-21,SKU022,20.63
2025-09-21,SKU023,17.82
2025-09-21,SKU024,17.37
2025-09-21,SKU025,17.53
2025-09-21,SKU026,17.48
2025-09-21,SKU027,17.37
2025-09-21,SKU028,20.85
2025-09-21,SKU029,22.87
2025-09-21,SKU030,17.06
2025-09-21,SKU031,16.76
2025-09-21,SKU032,16.9
2025-09-21,SKU033,10.2
2025-09-21,SKU034,8.47
2025-09-21,SKU035,6.51
2025-09-21,SKU036,6.95
2025-09-21,SKU037,8.55
2025-09-21,SKU038,11.23
2025-09-21,SKU039,11.45
2025-09-21,SKU040,8.77
2025-09-21,SKU041,8.61
2025-09-21,SKU042,8.63
2025-09-21,SKU043,9.78
2025-09-21,SKU044,9.25
2025-09-21,SKU045,12.64
2025-09-21,SKU046,13.88
2025-09-21,SKU047,10.86
2025-09-21,SKU048,10.93
2025-09-21,SKU049,11.29
2025-09-21,SKU050,11.33
2025-09-22,SKU001,11.23
2025-09-22,SKU002,14.04
2025-09-22,SKU003,13.01
2025-09-22,SKU004,9.61
2025-09-22,SKU005,11.5
2025-09-22,SKU006,10.12
2025-09-22,SKU007,10.34
2025-09-22,SKU008,10.15
2025-09-22,SKU009,12.12
2025-09-22,SKU010,12.24
2025-09-22,SKU011,9.51
2025-09-22,SKU012,9.82
2025-09-22,SKU013,10.48
2025-09-22,SKU014,10.35
2025-09-22,SKU015,10.89
2025-09-22,SKU016,13.72
2025-09-22,SKU017,13.69
2025-09-22,SKU018,10.58
2025-09-22,SKU019,11.18
2025-09-22,SKU020,11.03
2025-09-22,SKU021,11.19
2025-09-22,SKU022,11.02
2025-09-22,SKU023,12.71
2025-09-22,SKU024,11.89
2025-09-22,SKU025,9.57
2025-09-22,SKU026,10.23
2025-09-22,SKU027,9.96
2025-09-22,SKU028,9.91
2025-09-22,SKU029,9.85
2025-09-22,SKU030,12.62
2025-09-22,SKU031,12.29
2025-09-22,SKU032,10.49
2025-09-22,SKU033,9.35
2025-09-22,SKU034,10.68
2025-09-22,SKU035,10.44
2025-09-22,SKU036,9.49
2025-09-22,SKU037,13.39
2025-09-22,SKU038,13.85
2025-09-22,SKU039,8.87
2025-09-22,SKU040,9.65
2025-09-22,SKU041,9.91
2025-09-22,SKU042,10.41
2025-09-22,SKU043,10.62
2025-09-22,SKU044,14.09
2025-09-22,SKU045,14.8
2025-09-22,SKU046,11.39
2025-09-22,SKU047,10.92
2025-09-22,SKU048,11.1
2025-09-22,SKU049,11.19
2025-09-22,SKU050,10.8
2025-09-23,SKU001,15.52
2025-09-23,SKU002,15.74
2025-09-23,SKU003,10.74
2025-09-23,SKU004,11.5
2025-09-23,SKU005,11.19
2025-09-23,SKU006,11.09
2025-09-23,SKU007,11.34
2025-09-23,SKU008,16.33
2025-09-23,SKU009,16.02
2025-09-23,SKU010,11.29
2025-09-23,SKU011,10.85
2025-09-23,SKU012,10.66
2025-09-23,SKU013,10.71
2025-09-23,SKU014,10.65
2025-09-23,SKU015,15.84
2025-09-23,SKU016,15.83
2025-09-23,SKU017,11.97
2025-09-23,SKU018,11.8
2025-09-23,SKU019,11.98
2025-09-23,SKU020,11.98
2025-09-23,SKU021,11.98
2025-09-23,SKU022,14.79
2025-09-23,SKU023,14.99
2025-09-23,SKU024,11.91
2025-09-23,SKU025,11.64
2025-09-23,SKU026,11.82
2025-09-23,SKU027,11.28
2025-09-23,SKU028,12.12
2025-09-23,SKU029,14.14
2025-09-23,SKU030,14.82
2025-09-23,SKU031,11.14
2025-09-23,SKU032,11.24
2025-09-23,SKU033,10.42
2025-09-23,SKU034,10.09
2025-09-23,SKU035,11.08
2025-09-23,SKU036,14.06
2025-09-23,SKU037,14.04
2025-09-23,SKU038,10.58
2025-09-23,SKU039,10.16
2025-09-23,SKU040,10.23
2025-09-23,SKU041,10.13
2025-09-23,SKU042,9.74
2025-09-23,SKU043,13.49
2025-09-23,SKU044,14.39
2025-09-23,SKU045,10.86
2025-09-23,SKU046,11.22
2025-09-23,SKU047,10.26
2025-09-23,SKU048,10.9
2025-09-23,SKU049,10.74
2025-09-23,SKU050,14.82
2025-09-24,SKU001,14.63
2025-09-24,SKU002,11.12
2025-09-24,SKU003,10.98
2025-09-24,SKU004,11.17
2025-09-24,SKU005,11.11
2025-09-24,SKU006,11.4
2025-09-24,SKU007,13.9
2025-09-24,SKU008,14.67
2025-09-24,SKU009,10.59
2025-09-24,SKU010,10.75
2025-09-24,SKU011,10.66
2025-09-24,SKU012,10.26
2025-09-24,SKU013,10.99
2025-09-24,SKU014,14.82
2025-09-24,SKU015,13.81
2025-09-24,SKU016,10.77
2025-09-24,SKU017,10.84
2025-09-24,SKU018,10.14
2025-09-24,SKU019,10.21
2025-09-24,SKU020,11.45
2025-09-24,SKU021,13.77
2025-09-24,SKU022,13.61
2025-09-24,SKU023,10.53
2025-09-24,SKU024,10.1
2025-09-24,SKU025,10.15
2025-09-24,SKU026,10.67
2025-09-24,SKU027,10.16
2025-09-24,SKU028,14.3
2025-09-24,SKU029,14.29
2025-09-24,SKU030,10.35
2025-09-24,SKU031,10.14
2025-09-24,SKU032,10.18
2025-09-24,SKU033,10.73
2025-09-24,SKU034,10.22
2025-09-24,SKU035,15.41
2025-09-24,SKU036,16.47
2025-09-24,SKU037,10.95
2025-09-24,SKU038,11.13
2025-09-24,SKU039,10.27
2025-09-24,SKU040,10.27
2025-09-24,SKU041,10.87
2025-09-24,SKU042,15.17
2025-09-24,SKU043,15.63
2025-09-24,SKU044,10.51
2025-09-24,SKU045,10.72
2025-09-24,SKU046,10.38
2025-09-24,SKU047,10.34
2025-09-24,SKU048,9.72
2025-09-24,SKU049,16.31
2025-09-24,SKU050,15.89
2025-09-25,SKU001,10.11
2025-09-25,SKU002,10.3
2025-09-25,SKU003,9.58
2025-09-25,SKU004,10.02
2025-09-25,SKU005,10.06
2025-09-25,SKU006,15.83
2025-09-25,SKU007,15.01
2025-09-25,SKU008,9.75
2025-09-25,SKU009,9.79
2025-09-25,SKU010,9.64
2025-09-25,SKU011,9.78
2025-09-25,SKU012,9.92
2025-09-25,SKU013,14.03
2025-09-25,SKU014,14.76
2025-09-25,SKU015,11.0
2025-09-25,SKU016,10.78
2025-09-25,SKU017,11.22
2025-09-25,SKU018,10.68
2025-09-25,SKU019,10.49
2025-09-25,SKU020,14.06
2025-09-25,SKU021,13.63
2025-09-25,SKU022,11.35
2025-09-25,SKU023,11.46
2025-09-25,SKU024,11.04
2025-09-25,SKU025,10.99
2025-09-25,SKU026,10.73
2025-09-25,SKU027,13.2
2025-09-25,SKU028,13.15
2025-09-25,SKU029,9.7
2025-09-25,SKU030,9.48
2025-09-25,SKU031,10.11
2025-09-25,SKU032,10.81
2025-09-25,SKU033,10.37
2025-09-25,SKU034,13.95
2025-09-25,SKU035,13.95
2025-09-25,SKU036,10.25
2025-09-25,SKU037,10.09
2025-09-25,SKU038,10.92
2025-09-25,SKU039,10.3
2025-09-25,SKU040,10.22
2025-09-25,SKU041,13.96
2025-09-25,SKU042,13.87
2025-09-25,SKU043,10.04
2025-09-25,SKU044,8.9
2025-09-25,SKU045,9.28
2025-09-25,SKU046,8.94
2025-09-25,SKU047,8.94
2025-09-25,SKU048,13.23
2025-09-25,SKU049,12.59
2025-09-25,SKU050,9.09
2025-09-26,SKU001,9.6
2025-09-26,SKU002,9.42
2025-09-26,SKU003,9.38
2025-09-26,SKU004,9.37
2025-09-26,SKU005,12.27
2025-09-26,SKU006,11.47
2025-09-26,SKU007,9.27
2025-09-26,SKU008,8.73
2025-09-26,SKU009,8.06
2025-09-26,SKU010,9.58
2025-09-26,SKU011,9.01
2025-09-26,SKU012,11.62
2025-09-26,SKU013,12.11
2025-09-26,SKU014,8.75
2025-09-26,SKU015,8.79
2025-09-26,SKU016,9.41
2025-09-26,SKU017,8.76
2025-09-26,SKU018,8.13
2025-09-26,SKU019,11.35
2025-09-26,SKU020,10.97
2025-09-26,SKU021,7.81
2025-09-26,SKU022,7.56
2025-09-26,SKU023,7.57
2025-09-26,SKU024,8.14
2025-09-26,SKU025,8.25
2025-09-26,SKU026,9.91
2025-09-26,SKU027,10.48
2025-09-26,SKU028,8.13
2025-09-26,SKU029,8.39
2025-09-26,SKU030,8.35
2025-09-26,SKU031,8.39
2025-09-26,SKU032,8.2
2025-09-26,SKU033,11.61
2025-09-26,SKU034,11.92
2025-09-26,SKU035,8.82
2025-09-26,SKU036,8.38
2025-09-26,SKU037,7.02
2025-09-26,SKU038,7.8
2025-09-26,SKU039,8.08
2025-09-26,SKU040,10.39
2025-09-26,SKU041,10.32
2025-09-26,SKU042,7.61
2025-09-26,SKU043,6.98
2025-09-26,SKU044,6.8
2025-09-26,SKU045,7.34
2025-09-26,SKU046,7.39
2025-09-26,SKU047,10.37
2025-09-26,SKU048,10.8
2025-09-26,SKU049,6.98
2025-09-26,SKU050,7.27
2025-09-27,SKU001,7.47
2025-09-27,SKU002,7.31
2025-09-27,SKU003,7.15
2025-09-27,SKU004,10.05
2025-09-27,SKU005,9.82
2025-09-27,SKU006,7.3
2025-09-27,SKU007,7.55
2025-09-27,SKU008,7.36
2025-09-27,SKU009,7.8
2025-09-27,SKU010,7.75
2025-09-27,SKU011,10.74
2025-09-27,SKU012,10.29
2025-09-27,SKU013,7.34
2025-09-27,SKU014,7.51
2025-09-27,SKU015,6.93
2025-09-27,SKU016,7.61
2025-09-27,SKU017,7.52
2025-09-27,SKU018,9.67
2025-09-27,SKU019,10.25
2025-09-27,SKU020,6.9
2025-09-27,SKU021,6.89
2025-09-27,SKU022,7.22
2025-09-27,SKU023,7.17
2025-09-27,SKU024,6.88
2025-09-27,SKU025,9.98
2025-09-27,SKU026,9.88
2025-09-27,SKU027,7.13
2025-09-27,SKU028,6.99
2025-09-27,SKU029,7.27
2025-09-27,SKU030,7.29
2025-09-27,SKU031,7.18
2025-09-27,SKU032,9.56
2025-09-27,SKU033,9.69
2025-09-27,SKU034,7.27
2025-09-27,SKU035,7.89
2025-09-27,SKU036,7.74
2025-09-27,SKU037,7.79
2025-09-27,SKU038,7.83
2025-09-27,SKU039,10.67
2025-09-27,SKU040,10.58
2025-09-27,SKU041,6.97
2025-09-27,SKU042,7.26
2025-09-27,SKU043,7.42
2025-09-27,SKU044,7.44
2025-09-27,SKU045,7.28
2025-09-27,SKU046,10.57
2025-09-27,SKU047,9.97
2025-09-27,SKU048,6.77
2025-09-27,SKU049,6.75
2025-09-27,SKU050,7.11
2025-09-28,SKU001,7.16
2025-09-28,SKU002,6.91
2025-09-28,SKU003,8.97
2025-09-28,SKU004,9.8
2025-09-28,SKU005,6.5
2025-09-28,SKU006,6.98
2025-09-28,SKU007,6.66
2025-09-28,SKU008,7.13
2025-09-28,SKU009,6.97
2025-09-28,SKU010,7.82
2025-09-28,SKU011,8.49
2025-09-28,SKU012,7.05
2025-09-28,SKU013,6.8
2025-09-28,SKU014,6.91
2025-09-28,SKU015,6.75
2025-09-28,SKU016,6.84
2025-09-28,SKU017,8.59
2025-09-28,SKU018,10.14
2025-09-28,SKU019,6.56
2025-09-28,SKU020,6.81
2025-09-28,SKU021,7.07
2025-09-28,SKU022,6.68
2025-09-28,SKU023,7.16
2025-09-28,SKU024,9.37
2025-09-28,SKU025,10.14
2025-09-28,SKU026,6.96
2025-09-28,SKU027,6.99
2025-09-28,SKU028,6.91
2025-09-28,SKU029,6.88
2025-09-28,SKU030,6.55
2025-09-28,SKU031,9.36
2025-09-28,SKU032,9.75
2025-09-28,SKU033,7.09
2025-09-28,SKU034,6.66
2025-09-28,SKU035,6.8
2025-09-28,SKU036,6.74
2025-09-28,SKU037,6.87
2025-09-28,SKU038,9.3
2025-09-28,SKU039,9.48
2025-09-28,SKU040,6.91
2025-09-28,SKU041,6.99
2025-09-28,SKU042,7.35
2025-09-28,SKU043,7.16
2025-09-28,SKU044,6.95
2025-09-28,SKU045,8.62
2025-09-28,SKU046,8.63
2025-09-28,SKU047,7.91
2025-09-28,SKU048,8.0
2025-09-28,SKU049,8.48
2025-09-28,SKU050,7.93
2025-09-29,SKU001,7.93
2025-09-29,SKU002,10.52
2025-09-29,SKU003,10.33
2025-09-29,SKU004,8.6
2025-09-29,SKU005,9.03
2025-09-29,SKU006,8.92
2025-09-29,SKU007,8.32
2025-09-29,SKU008,8.86
2025-09-29,SKU009,11.7
2025-09-29,SKU010,10.75
2025-09-29,SKU011,8.74
2025-09-29,SKU012,8.95
2025-09-29,SKU013,9.27
2025-09-29,SKU014,10.02
2025-09-29,SKU015,10.11
2025-09-29,SKU016,12.1
2025-09-29,SKU017,12.7
2025-09-29,SKU018,10.57
2025-09-29,SKU019,10.43
2025-09-29,SKU020,10.68
2025-09-29,SKU021,10.77
2025-09-29,SKU022,9.78
2025-09-29,SKU023,13.71
2025-09-29,SKU024,13.69
2025-09-29,SKU025,9.63
2025-09-29,SKU026,9.91
2025-09-29,SKU027,11.39
2025-09-29,SKU028,10.9
2025-09-29,SKU029,10.8
2025-09-29,SKU030,13.43
2025-09-29,SKU031,13.31
2025-09-29,SKU032,10.87
2025-09-29,SKU033,11.23
2025-09-29,SKU034,11.08
2025-09-29,SKU035,11.52
2025-09-29,SKU036,11.21
2025-09-29,SKU037,12.13
2025-09-29,SKU038,12.5
2025-09-29,SKU039,10.3
2025-09-29,SKU040,10.54
2025-09-29,SKU041,11.33
2025-09-29,SKU042,10.97
2025-09-29,SKU043,10.53
2025-09-29,SKU044,12.61
2025-09-29,SKU045,12.16
2025-09-29,SKU046,9.52
2025-09-29,SKU047,9.45
2025-09-29,SKU048,9.9
2025-09-29,SKU049,9.66
2025-09-29,SKU050,9.42
2025-09-30,SKU001,11.64
2025-09-30,SKU002,12.97
2025-09-30,SKU003,8.6
2025-09-30,SKU004,9.09
2025-09-30,SKU005,9.82
2025-09-30,SKU006,9.27
2025-09-30,SKU007,9.43
2025-09-30,SKU008,11.98
2025-09-30,SKU009,12.61
2025-09-30,SKU010,9.81
2025-09-30,SKU011,9.9
2025-09-30,SKU012,10.07
2025-09-30,SKU013,10.62
2025-09-30,SKU014,9.96
2025-09-30,SKU015,15.2
2025-09-30,SKU016,14.95
2025-09-30,SKU017,11.4
2025-09-30,SKU018,11.66
2025-09-30,SKU019,10.96
2025-09-30,SKU020,11.16
2025-09-30,SKU021,11.38
2025-09-30,SKU022,16.57
2025-09-30,SKU023,16.49
2025-09-30,SKU024,11.48
2025-09-30,SKU025,10.81
2025-09-30,SKU026,10.8
2025-09-30,SKU027,10.62
2025-09-30,SKU028,10.98
2025-09-30,SKU029,17.19
2025-09-30,SKU030,15.68
2025-09-30,SKU031,11.86
2025-09-30,SKU032,12.45
2025-09-30,SKU033,11.46
2025-09-30,SKU034,12.17
2025-09-30,SKU035,11.64
2025-09-30,SKU036,14.36
2025-09-30,SKU037,14.83
2025-09-30,SKU038,11.78
2025-09-30,SKU039,12.09
2025-09-30,SKU040,11.84
2025-09-30,SKU041,11.94
2025-09-30,SKU042,11.42
2025-09-30,SKU043,14.56
2025-09-30,SKU044,13.59
2025-09-30,SKU045,11.56
2025-09-30,SKU046,11.04
2025-09-30,SKU047,11.3
2025-09-30,SKU048,11.01
2025-09-30,SKU049,11.18
2025-09-30,SKU050,14.19
2025-10-01,SKU001,13.96
2025-10-01,SKU002,10.68
2025-10-01,SKU003,10.7
2025-10-01,SKU004,10.75
2025-10-01,SKU005,10.79
2025-10-01,SKU006,10.46
2025-10-01,SKU007,13.89
2025-10-01,SKU008,13.8
2025-10-01,SKU009,10.98
2025-10-01,SKU010,10.54
2025-10-01,SKU011,10.75
2025-10-01,SKU012,10.56
2025-10-01,SKU013,10.78
2025-10-01,SKU014,14.52
2025-10-01,SKU015,14.75
2025-10-01,SKU016,11.33
2025-10-01,SKU017,11.37
2025-10-01,SKU018,11.57
2025-10-01,SKU019,10.95
2025-10-01,SKU020,10.89
2025-10-01,SKU021,13.94
2025-10-01,SKU022,13.21
2025-10-01,SKU023,10.94
2025-10-01,SKU024,11.25
2025-10-01,SKU025,10.4
2025-10-01,SKU026,10.94
2025-10-01,SKU027,11.08
2025-10-01,SKU028,14.26
2025-10-01,SKU029,14.5
2025-10-01,SKU030,10.69
2025-10-01,SKU031,10.72
2025-10-01,SKU032,10.55
2025-10-01,SKU033,11.18
2025-10-01,SKU034,11.13
2025-10-01,SKU035,13.54
2025-10-01,SKU036,13.8
2025-10-01,SKU037,11.34
2025-10-01,SKU038,10.91
2025-10-01,SKU039,10.89
2025-10-01,SKU040,10.5
2025-10-01,SKU041,10.94
2025-10-01,SKU042,14.57
2025-10-01,SKU043,15.18
2025-10-01,SKU044,10.91
2025-10-01,SKU045,10.85
2025-10-01,SKU046,10.66
2025-10-01,SKU047,10.67
2025-10-01,SKU048,10.49
2025-10-01,SKU049,14.63
2025-10-01,SKU050,16.62
2025-10-02,SKU001,10.66
2025-10-02,SKU002,10.94
2025-10-02,SKU003,10.82
2025-10-02,SKU004,10.76
2025-10-02,SKU005,10.77
2025-10-02,SKU006,16.5
2025-10-02,SKU007,16.43
2025-10-02,SKU008,10.77
2025-10-02,SKU009,9.99
2025-10-02,SKU010,9.88
2025-10-02,SKU011,10.62
2025-10-02,SKU012,10.21
2025-10-02,SKU013,15.14
2025-10-02,SKU014,15.49
2025-10-02,SKU015,9.92
2025-10-02,SKU016,9.83
2025-10-02,SKU017,9.76
2025-10-02,SKU018,9.86
2025-10-02,SKU019,9.84
2025-10-02,SKU020,15.63
2025-10-02,SKU021,15.67
2025-10-02,SKU022,10.4
2025-10-02,SKU023,9.7
2025-10-02,SKU024,10.64
2025-10-02,SKU025,10.44
2025-10-02,SKU026,10.04
2025-10-02,SKU027,11.98
2025-10-02,SKU028,12.3
2025-10-02,SKU029,9.59
2025-10-02,SKU030,9.53
2025-10-02,SKU031,9.51
2025-10-02,SKU032,9.52
2025-10-02,SKU033,9.56
2025-10-02,SKU034,12.17
2025-10-02,SKU035,11.91
2025-10-02,SKU036,9.03
2025-10-02,SKU037,9.32
2025-10-02,SKU038,9.52
2025-10-02,SKU039,9.69
2025-10-02,SKU040,9.74
2025-10-02,SKU041,13.08
2025-10-02,SKU042,11.77
2025-10-02,SKU043,8.76
2025-10-02,SKU044,8.79
2025-10-02,SKU045,8.85
2025-10-02,SKU046,9.17
2025-10-02,SKU047,8.76
2025-10-02,SKU048,12.55
2025-10-02,SKU049,13.1
2025-10-02,SKU050,8.28
2025-10-03,SKU001,8.1
2025-10-03,SKU002,9.08
2025-10-03,SKU003,9.1
2025-10-03,SKU004,9.2
2025-10-03,SKU005,12.19
2025-10-03,SKU006,12.51
2025-10-03,SKU007,8.6
2025-10-03,SKU008,9.0
2025-10-03,SKU009,9.32
2025-10-03,SKU010,9.24
2025-10-03,SKU011,9.1
2025-10-03,SKU012,12.84
2025-10-03,SKU013,11.97
2025-10-03,SKU014,9.1
2025-10-03,SKU015,8.37
2025-10-03,SKU016,8.43
2025-10-03,SKU017,8.99
2025-10-03,SKU018,8.05
2025-10-03,SKU019,12.45
2025-10-03,SKU020,11.76
2025-10-03,SKU021,8.44
2025-10-03,SKU022,7.95
2025-10-03,SKU023,7.97
2025-10-03,SKU024,7.71
2025-10-03,SKU025,7.93
2025-10-03,SKU026,11.23
2025-10-03,SKU027,10.68
2025-10-03,SKU028,8.4
2025-10-03,SKU029,8.07
2025-10-03,SKU030,8.61
2025-10-03,SKU031,8.05
2025-10-03,SKU032,8.16
2025-10-03,SKU033,10.63
2025-10-03,SKU034,11.02
2025-10-03,SKU035,7.41
2025-10-03,SKU036,7.55
2025-10-03,SKU037,8.01
2025-10-03,SKU038,7.77
2025-10-03,SKU039,7.5
2025-10-03,SKU040,10.16
2025-10-03,SKU041,10.75
2025-10-03,SKU042,7.63
2025-10-03,SKU043,7.18
2025-10-03,SKU044,7.51
2025-10-03,SKU045,7.98
2025-10-03,SKU046,7.7
2025-10-03,SKU047,10.55
2025-10-03,SKU048,10.3
2025-10-03,SKU049,7.48
2025-10-03,SKU050,7.25
2025-10-04,SKU001,7.44
2025-10-04,SKU002,7.25
2025-10-04,SKU003,7.11
2025-10-04,SKU004,10.0
2025-10-04,SKU005,9.85
2025-10-04,SKU006,7.01
2025-10-04,SKU007,7.63
2025-10-04,SKU008,7.16
2025-10-04,SKU009,7.34
2025-10-04,SKU010,7.39
2025-10-04,SKU011,9.52
2025-10-04,SKU012,9.34
2025-10-04,SKU013,6.62
2025-10-04,SKU014,6.46
2025-10-04,SKU015,6.99
2025-10-04,SKU016,6.82
2025-10-04,SKU017,6.84
2025-10-04,SKU018,10.18
2025-10-04,SKU019,9.06
2025-10-04,SKU020,7.32
2025-10-04,SKU021,7.61
2025-10-04,SKU022,7.03
2025-10-04,SKU023,6.57
2025-10-04,SKU024,6.46
2025-10-04,SKU025,8.74
2025-10-04,SKU026,9.97
2025-10-04,SKU027,7.13
2025-10-04,SKU028,7.25
2025-10-04,SKU029,6.84
2025-10-04,SKU030,6.68
2025-10-04,SKU031,6.29
2025-10-04,SKU032,8.71
2025-10-04,SKU033,8.16
2025-10-04,SKU034,6.67
2025-10-04,SKU035,6.73
2025-10-04,SKU036,6.81
2025-10-04,SKU037,7.3
2025-10-04,SKU038,6.14
2025-10-04,SKU039,8.6
2025-10-04,SKU040,9.28
2025-10-04,SKU041,7.14
2025-10-04,SKU042,6.96
2025-10-04,SKU043,6.68
2025-10-04,SKU044,6.82
2025-10-04,SKU045,6.59
2025-10-04,SKU046,9.48
2025-10-04,SKU047,9.64
2025-10-04,SKU048,6.68
2025-10-04,SKU049,6.88
2025-10-04,SKU050,7.27
2025-10-05,SKU001,7.12
2025-10-05,SKU002,6.48
2025-10-05,SKU003,10.39
2025-10-05,SKU004,10.21
2025-10-05,SKU005,6.71
2025-10-05,SKU006,6.86
2025-10-05,SKU007,6.47
2025-10-05,SKU008,6.77
2025-10-05,SKU009,7.19
2025-10-05,SKU010,9.9
2025-10-05,SKU011,10.43
2025-10-05,SKU012,7.38
2025-10-05,SKU013,7.15
2025-10-05,SKU014,6.89
2025-10-05,SKU015,6.99
2025-10-05,SKU016,6.76
2025-10-05,SKU017,9.81
2025-10-05,SKU018,10.49
2025-10-05,SKU019,6.81
2025-10-05,SKU020,8.3
2025-10-05,SKU021,6.71
2025-10-05,SKU022,6.4
2025-10-05,SKU023,6.72
2025-10-05,SKU024,7.93
2025-10-05,SKU025,9.25
2025-10-05,SKU026,6.77
2025-10-05,SKU027,6.72
2025-10-05,SKU028,6.95
2025-10-05,SKU029,6.84
2025-10-05,SKU030,6.82
2025-10-05,SKU031,8.22
2025-10-05,SKU032,7.86
2025-10-05,SKU033,7.39
2025-10-05,SKU034,6.75
2025-10-05,SKU035,7.06
2025-10-05,SKU036,6.58
2025-10-05,SKU037,6.88
2025-10-05,SKU038,9.08
2025-10-05,SKU039,8.78
2025-10-05,SKU040,7.1
2025-10-05,SKU041,6.47
2025-10-05,SKU042,6.55
2025-10-05,SKU043,6.41
2025-10-05,SKU044,6.55
2025-10-05,SKU045,8.17
2025-10-05,SKU046,9.4
2025-10-05,SKU047,6.89
2025-10-05,SKU048,6.54
2025-10-05,SKU049,6.87
2025-10-05,SKU050,6.94
2025-10-06,SKU001,7.34
2025-10-06,SKU002,10.65
2025-10-06,SKU003,10.21
2025-10-06,SKU004,7.59
2025-10-06,SKU005,7.52
2025-10-06,SKU006,7.41
2025-10-06,SKU007,27.97
2025-10-06,SKU008,23.17
2025-10-06,SKU009,23.26
2025-10-06,SKU010,21.51
2025-10-06,SKU011,22.31
2025-10-06,SKU012,26.04
2025-10-06,SKU013,25.77
2025-10-06,SKU014,22.47
2025-10-06,SKU015,22.33
2025-10-06,SKU016,22.65
2025-10-06,SKU017,22.65
2025-10-06,SKU018,21.47
2025-10-06,SKU019,24.71
2025-10-06,SKU020,25.36
2025-10-06,SKU021,21.16
2025-10-06,SKU022,22.53
2025-10-06,SKU023,22.03
2025-10-06,SKU024,22.26
2025-10-06,SKU025,21.67
2025-10-06,SKU026,25.24
2025-10-06,SKU027,26.44
2025-10-06,SKU028,20.69
2025-10-06,SKU029,22.61
2025-10-06,SKU030,22.52
2025-10-06,SKU031,23.46
2025-10-06,SKU032,22.53
2025-10-06,SKU033,27.75
2025-10-06,SKU034,27.16
2025-10-06,SKU035,24.29
2025-10-06,SKU036,22.94
2025-10-06,SKU037,23.37
2025-10-06,SKU038,23.82
2025-10-06,SKU039,24.53
2025-10-06,SKU040,28.41
2025-10-06,SKU041,27.94
2025-10-06,SKU042,24.08
2025-10-06,SKU043,23.28
2025-10-06,SKU044,23.01
2025-10-06,SKU045,23.87
2025-10-06,SKU046,24.28
2025-10-06,SKU047,29.65
2025-10-06,SKU048,31.51
2025-10-06,SKU049,24.36
2025-10-06,SKU050,24.0
2025-10-07,SKU001,24.89
2025-10-07,SKU002,24.79
2025-10-07,SKU003,26.14
2025-10-07,SKU004,31.22
2025-10-07,SKU005,30.51
2025-10-07,SKU006,25.67
2025-10-07,SKU007,26.21
2025-10-07,SKU008,26.04
2025-10-07,SKU009,26.38
2025-10-07,SKU010,25.68
2025-10-07,SKU011,35.04
2025-10-07,SKU012,33.68
2025-10-07,SKU013,26.71
2025-10-07,SKU014,25.88
2025-10-07,SKU015,25.15
2025-10-07,SKU016,26.64
2025-10-07,SKU017,26.19
2025-10-07,SKU018,38.52
2025-10-07,SKU019,38.19
2025-10-07,SKU020,26.81
2025-10-07,SKU021,26.15
2025-10-07,SKU022,26.45
2025-10-07,SKU023,25.89
2025-10-07,SKU024,26.23
2025-10-07,SKU025,35.35
2025-10-07,SKU026,38.27
2025-10-07,SKU027,28.03
2025-10-07,SKU028,28.0
2025-10-07,SKU029,28.63
2025-10-07,SKU030,26.27
2025-10-07,SKU031,27.74
2025-10-07,SKU032,36.36
2025-10-07,SKU033,34.04
2025-10-07,SKU034,28.4
2025-10-07,SKU035,28.53
2025-10-07,SKU036,29.11
2025-10-07,SKU037,28.52
2025-10-07,SKU038,29.09
2025-10-07,SKU039,38.15
2025-10-07,SKU040,37.67
2025-10-07,SKU041,26.72
2025-10-07,SKU042,27.0
2025-10-07,SKU043,27.11
2025-10-07,SKU044,25.49
2025-10-07,SKU045,25.81
2025-10-07,SKU046,36.25
2025-10-07,SKU047,36.86
2025-10-07,SKU048,27.38
2025-10-07,SKU049,26.87
2025-10-07,SKU050,27.48
2025-10-08,SKU001,26.69
2025-10-08,SKU002,26.82
2025-10-08,SKU003,31.52
2025-10-08,SKU004,32.72
2025-10-08,SKU005,27.04
2025-10-08,SKU006,26.39
2025-10-08,SKU007,27.48
2025-10-08,SKU008,27.12
2025-10-08,SKU009,26.82
2025-10-08,SKU010,33.08
2025-10-08,SKU011,32.04
2025-10-08,SKU012,27.84
2025-10-08,SKU013,27.42
2025-10-08,SKU014,26.84
2025-10-08,SKU015,27.17
2025-10-08,SKU016,26.73
2025-10-08,SKU017,32.77
2025-10-08,SKU018,34.0
2025-10-08,SKU019,27.24
2025-10-08,SKU020,26.01
2025-10-08,SKU021,27.37
2025-10-08,SKU022,26.43
2025-10-08,SKU023,26.46
2025-10-08,SKU024,34.61
2025-10-08,SKU025,34.1
2025-10-08,SKU026,25.49
2025-10-08,SKU027,25.39
2025-10-08,SKU028,28.18
2025-10-08,SKU029,27.66
2025-10-08,SKU030,27.33
2025-10-08,SKU031,32.62
2025-10-08,SKU032,32.22
2025-10-08,SKU033,27.62
2025-10-08,SKU034,26.77
2025-10-08,SKU035,26.56
2025-10-08,SKU036,27.25
2025-10-08,SKU037,27.18
2025-10-08,SKU038,31.68
2025-10-08,SKU039,31.4
2025-10-08,SKU040,25.86
2025-10-08,SKU041,26.78
2025-10-08,SKU042,26.03
2025-10-08,SKU043,27.37
2025-10-08,SKU044,26.16
2025-10-08,SKU045,32.77
2025-10-08,SKU046,31.9
2025-10-08,SKU047,25.93
2025-10-08,SKU048,26.73
2025-10-08,SKU049,25.88
2025-10-08,SKU050,26.63
2025-10-09,SKU001,25.2
2025-10-09,SKU002,36.22
2025-10-09,SKU003,35.03
2025-10-09,SKU004,24.66
2025-10-09,SKU005,24.12
2025-10-09,SKU006,24.94
2025-10-09,SKU007,25.11
2025-10-09,SKU008,24.99
2025-10-09,SKU009,36.68
2025-10-09,SKU010,36.72
2025-10-09,SKU011,23.91
2025-10-09,SKU012,22.59
2025-10-09,SKU013,24.97
2025-10-09,SKU014,24.08
2025-10-09,SKU015,24.26
2025-10-09,SKU016,34.03
2025-10-09,SKU017,36.86
2025-10-09,SKU018,22.9
2025-10-09,SKU019,23.39
2025-10-09,SKU020,23.93
2025-10-09,SKU021,24.39
2025-10-09,SKU022,25.86
2025-10-09,SKU023,37.17
2025-10-09,SKU024,37.4
2025-10-09,SKU025,22.3
2025-10-09,SKU026,22.51
2025-10-09,SKU027,23.75
2025-10-09,SKU028,23.07
2025-10-09,SKU029,23.41
2025-10-09,SKU030,38.94
2025-10-09,SKU031,37.88
2025-10-09,SKU032,23.58
2025-10-09,SKU033,23.46
2025-10-09,SKU034,25.53
2025-10-09,SKU035,24.33
2025-10-09,SKU036,23.86
2025-10-09,SKU037,27.6
2025-10-09,SKU038,26.26
2025-10-09,SKU039,22.13
2025-10-09,SKU040,22.96
2025-10-09,SKU041,22.84
2025-10-09,SKU042,23.89
2025-10-09,SKU043,24.28
2025-10-09,SKU044,28.2
2025-10-09,SKU045,30.68
2025-10-09,SKU046,23.94
2025-10-09,SKU047,22.93
2025-10-09,SKU048,23.44
2025-10-09,SKU049,23.64
2025-10-09,SKU050,22.29
2025-10-10,SKU001,27.3
2025-10-10,SKU002,27.82
2025-10-10,SKU003,21.92
2025-10-10,SKU004,21.65
2025-10-10,SKU005,21.58
2025-10-10,SKU006,21.58
2025-10-10,SKU007,21.7
2025-10-10,SKU008,23.12
2025-10-10,SKU009,23.81
2025-10-10,SKU010,21.47
2025-10-10,SKU011,21.39
2025-10-10,SKU012,21.45
2025-10-10,SKU013,21.74
2025-10-10,SKU014,21.6
2025-10-10,SKU015,25.61
2025-10-10,SKU016,25.69
2025-10-10,SKU017,19.47
2025-10-10,SKU018,21.48
2025-10-10,SKU019,20.02
2025-10-10,SKU020,19.44
2025-10-10,SKU021,21.79
2025-10-10,SKU022,26.34
2025-10-10,SKU023,25.86
2025-10-10,SKU024,20.87
2025-10-10,SKU025,21.13
2025-10-10,SKU026,21.05
2025-10-10,SKU027,20.62
2025-10-10,SKU028,21.64
2025-10-10,SKU029,25.54
2025-10-10,SKU030,25.37
2025-10-10,SKU031,21.12
2025-10-10,SKU032,20.7
2025-10-10,SKU033,21.88
2025-10-10,SKU034,20.18
2025-10-10,SKU035,21.42
2025-10-10,SKU036,25.51
2025-10-10,SKU037,25.8
2025-10-10,SKU038,20.18
2025-10-10,SKU039,22.12
2025-10-10,SKU040,21.34
2025-10-10,SKU041,20.42
2025-10-10,SKU042,21.62
2025-10-10,SKU043,24.6
2025-10-10,SKU044,24.77
2025-10-10,SKU045,20.54
2025-10-10,SKU046,18.53
2025-10-10,SKU047,20.22
2025-10-10,SKU048,18.62
2025-10-10,SKU049,20.13
2025-10-10,SKU050,26.05
2025-10-11,SKU001,24.43
2025-10-11,SKU002,20.44
2025-10-11,SKU003,20.5
2025-10-11,SKU004,20.62
2025-10-11,SKU005,20.85
2025-10-11,SKU006,21.18
2025-10-11,SKU007,26.41
2025-10-11,SKU008,27.23
2025-10-11,SKU009,21.36
2025-10-11,SKU010,21.58
2025-10-11,SKU011,21.64
2025-10-11,SKU012,21.31
2025-10-11,SKU013,19.47
2025-10-11,SKU014,25.98
2025-10-11,SKU015,26.36
2025-10-11,SKU016,19.54
2025-10-11,SKU017,19.59
2025-10-11,SKU018,19.58
2025-10-11,SKU019,18.64
2025-10-11,SKU020,19.05
2025-10-11,SKU021,26.45
2025-10-11,SKU022,27.56
2025-10-11,SKU023,20.14
2025-10-11,SKU024,19.73
2025-10-11,SKU025,20.53
2025-10-11,SKU026,19.48
2025-10-11,SKU027,19.33
2025-10-11,SKU028,23.05
2025-10-11,SKU029,23.77
2025-10-11,SKU030,19.4
2025-10-11,SKU031,20.82
2025-10-11,SKU032,20.67
2025-10-11,SKU033,20.5
2025-10-11,SKU034,20.94
2025-10-11,SKU035,25.02
2025-10-11,SKU036,24.94
2025-10-11,SKU037,21.19
2025-10-11,SKU038,20.59
2025-10-11,SKU039,20.68
2025-10-11,SKU040,20.42
2025-10-11,SKU041,20.44
2025-10-11,SKU042,21.68
2025-10-11,SKU043,20.65
2025-10-11,SKU044,20.82
2025-10-11,SKU045,18.96
2025-10-11,SKU046,19.84
2025-10-11,SKU047,19.8
2025-10-11,SKU048,19.88
2025-10-11,SKU049,22.46
2025-10-11,SKU050,20.97
2025-10-12,SKU001,19.69
2025-10-12,SKU002,19.4
2025-10-12,SKU003,18.92
2025-10-12,SKU004,18.75
2025-10-12,SKU005,19.33
2025-10-12,SKU006,25.92
2025-10-12,SKU007,25.05
2025-10-12,SKU008,18.59
2025-10-12,SKU009,18.43
2025-10-12,SKU010,18.57
2025-10-12,SKU011,18.61
2025-10-12,SKU012,17.78
2025-10-12,SKU013,27.41
2025-10-12,SKU014,27.18
2025-10-12,SKU015,18.96
2025-10-12,SKU016,19.05
2025-10-12,SKU017,18.95
2025-10-12,SKU018,19.12
2025-10-12,SKU019,18.8
2025-10-12,SKU020,26.06
2025-10-12,SKU021,25.58
2025-10-12,SKU022,19.46
2025-10-12,SKU023,19.04
2025-10-12,SKU024,19.95
2025-10-12,SKU025,19.52
2025-10-12,SKU026,19.07
2025-10-12,SKU027,28.52
2025-10-12,SKU028,25.49
2025-10-12,SKU029,19.58
2025-10-12,SKU030,19.04
2025-10-12,SKU031,19.56
2025-10-12,SKU032,19.32
2025-10-12,SKU033,19.34
2025-10-12,SKU034,28.09
2025-10-12,SKU035,27.61
2025-10-12,SKU036,19.98
2025-10-12,SKU037,19.74
2025-10-12,SKU038,20.13
2025-10-12,SKU039,19.83
2025-10-12,SKU040,19.68
2025-10-12,SKU041,24.24
2025-10-12,SKU042,26.03
2025-10-12,SKU043,21.17
2025-10-12,SKU044,22.34
2025-10-12,SKU045,21.98
2025-10-12,SKU046,21.53
2025-10-12,SKU047,21.88
2025-10-12,SKU048,25.47
2025-10-12,SKU049,25.72
2025-10-12,SKU050,21.3
2025-10-13,SKU001,22.49
2025-10-13,SKU002,22.88
2025-10-13,SKU003,22.64
2025-10-13,SKU004,22.7
2025-10-13,SKU005,23.89
2025-10-13,SKU006,23.81
2025-10-13,SKU007,21.89
2025-10-13,SKU008,23.85
2025-10-13,SKU009,22.14
2025-10-13,SKU010,21.69
2025-10-13,SKU011,21.21
2025-10-13,SKU012,24.74
2025-10-13,SKU013,25.64
2025-10-13,SKU014,21.77
2025-10-13,SKU015,22.08
2025-10-13,SKU016,21.97
2025-10-13,SKU017,21.53
2025-10-13,SKU018,21.77
2025-10-13,SKU019,25.61
2025-10-13,SKU020,25.47
2025-10-13,SKU021,23.84
2025-10-13,SKU022,23.73
2025-10-13,SKU023,23.06
2025-10-13,SKU024,23.55
2025-10-13,SKU025,24.23
2025-10-13,SKU026,27.5
2025-10-13,SKU027,26.57
2025-10-13,SKU028,22.23
2025-10-13,SKU029,24.98
2025-10-13,SKU030,23.87
2025-10-13,SKU031,24.09
2025-10-13,SKU032,24.07
2025-10-13,SKU033,26.95
2025-10-13,SKU034,27.34
2025-10-13,SKU035,23.19
2025-10-13,SKU036,23.62
2025-10-13,SKU037,24.71
2025-10-13,SKU038,24.39
2025-10-13,SKU039,23.2
2025-10-13,SKU040,25.37
2025-10-13,SKU041,26.75
2025-10-13,SKU042,23.0
2025-10-13,SKU043,22.73
2025-10-13,SKU044,23.84
2025-10-13,SKU045,22.25
2025-10-13,SKU046,23.71
2025-10-13,SKU047,30.23
2025-10-13,SKU048,28.23
2025-10-13,SKU049,21.73
2025-10-13,SKU050,22.58
2025-10-14,SKU001,24.01
2025-10-14,SKU002,23.51
2025-10-14,SKU003,23.23
2025-10-14,SKU004,28.26
2025-10-14,SKU005,29.18
2025-10-14,SKU006,22.97
2025-10-14,SKU007,23.37
2025-10-14,SKU008,24.02
2025-10-14,SKU009,24.05
2025-10-14,SKU010,23.56
2025-10-14,SKU011,28.3
2025-10-14,SKU012,29.06
2025-10-14,SKU013,23.35
2025-10-14,SKU014,23.88
2025-10-14,SKU015,23.95
2025-10-14,SKU016,23.52
2025-10-14,SKU017,24.6
2025-10-14,SKU018,30.31
2025-10-14,SKU019,30.43
2025-10-14,SKU020,27.28
2025-10-14,SKU021,26.83
2025-10-14,SKU022,26.62
2025-10-14,SKU023,26.54
2025-10-14,SKU024,27.28
2025-10-14,SKU025,34.15
2025-10-14,SKU026,33.55
2025-10-14,SKU027,26.49
2025-10-14,SKU028,25.97
2025-10-14,SKU029,25.66
2025-10-14,SKU030,25.78
2025-10-14,SKU031,25.62
2025-10-14,SKU032,36.88
2025-10-14,SKU033,39.34
2025-10-14,SKU034,27.1
2025-10-14,SKU035,28.07
2025-10-14,SKU036,27.47
2025-10-14,SKU037,26.8
2025-10-14,SKU038,26.39
2025-10-14,SKU039,37.13
2025-10-14,SKU040,39.26
2025-10-14,SKU041,27.0
2025-10-14,SKU042,26.9
2025-10-14,SKU043,27.47
2025-10-14,SKU044,26.84
2025-10-14,SKU045,27.37
2025-10-14,SKU046,40.76
2025-10-14,SKU047,42.57
2025-10-14,SKU048,26.74
2025-10-14,SKU049,26.67
2025-10-14,SKU050,26.58
2025-10-15,SKU001,26.65
2025-10-15,SKU002,26.19
2025-10-15,SKU003,39.95
2025-10-15,SKU004,39.82
2025-10-15,SKU005,26.43
2025-10-15,SKU006,26.45
2025-10-15,SKU007,27.27
2025-10-15,SKU008,25.65
2025-10-15,SKU009,25.61
2025-10-15,SKU010,36.25
2025-10-15,SKU011,36.99
2025-10-15,SKU012,25.42
2025-10-15,SKU013,27.19
2025-10-15,SKU014,27.28
2025-10-15,SKU015,26.05
2025-10-15,SKU016,26.61
2025-10-15,SKU017,32.83
2025-10-15,SKU018,32.55
2025-10-15,SKU019,27.87
2025-10-15,SKU020,27.29
2025-10-15,SKU021,27.43
2025-10-15,SKU022,27.74
2025-10-15,SKU023,26.09
2025-10-15,SKU024,32.76
2025-10-15,SKU025,32.63
2025-10-15,SKU026,28.02
2025-10-15,SKU027,27.74
2025-10-15,SKU028,28.2
2025-10-15,SKU029,27.34
2025-10-15,SKU030,28.11
2025-10-15,SKU031,32.31
2025-10-15,SKU032,32.25
2025-10-15,SKU033,27.52
2025-10-15,SKU034,27.03
2025-10-15,SKU035,26.72
2025-10-15,SKU036,27.38
2025-10-15,SKU037,26.52
2025-10-15,SKU038,33.23
2025-10-15,SKU039,32.69
2025-10-15,SKU040,25.8
2025-10-15,SKU041,25.21
2025-10-15,SKU042,25.34
2025-10-15,SKU043,26.72
2025-10-15,SKU044,25.69
2025-10-15,SKU045,30.57
2025-10-15,SKU046,30.53
2025-10-15,SKU047,25.15
2025-10-15,SKU048,24.91
2025-10-15,SKU049,25.34
2025-10-15,SKU050,25.88
2025-10-16,SKU001,26.96
2025-10-16,SKU002,31.7
2025-10-16,SKU003,30.46
2025-10-16,SKU004,26.19
2025-10-16,SKU005,27.03
2025-10-16,SKU006,27.23
2025-10-16,SKU007,27.52
2025-10-16,SKU008,25.15
2025-10-16,SKU009,32.25
2025-10-16,SKU010,31.68
2025-10-16,SKU011,25.18
2025-10-16,SKU012,25.15
2025-10-16,SKU013,25.93
2025-10-16,SKU014,26.21
2025-10-16,SKU015,25.34
2025-10-16,SKU016,34.69
2025-10-16,SKU017,33.43
2025-10-16,SKU018,24.7
2025-10-16,SKU019,24.55
2025-10-16,SKU020,25.45
2025-10-16,SKU021,25.09
2025-10-16,SKU022,25.28
2025-10-16,SKU023,35.64
2025-10-16,SKU024,35.89
2025-10-16,SKU025,24.03
2025-10-16,SKU026,23.57
2025-10-16,SKU027,24.59
2025-10-16,SKU028,25.61
2025-10-16,SKU029,25.17
2025-10-16,SKU030,34.85
2025-10-16,SKU031,35.6
2025-10-16,SKU032,23.66
2025-10-16,SKU033,24.64
2025-10-16,SKU034,24.86
2025-10-16,SKU035,24.55
2025-10-16,SKU036,26.26
2025-10-16,SKU037,37.9
2025-10-16,SKU038,39.79
2025-10-16,SKU039,23.52
2025-10-16,SKU040,22.46
2025-10-16,SKU041,25.12
2025-10-16,SKU042,23.15
2025-10-16,SKU043,25.49
2025-10-16,SKU044,34.82
2025-10-16,SKU045,35.65
2025-10-16,SKU046,24.62
2025-10-16,SKU047,23.42
2025-10-16,SKU048,24.47
2025-10-16,SKU049,23.85
2025-10-16,SKU050,24.09
2025-10-17,SKU001,27.86
2025-10-17,SKU002,27.27
2025-10-17,SKU003,22.86
2025-10-17,SKU004,23.33
2025-10-17,SKU005,23.44
2025-10-17,SKU006,22.98
2025-10-17,SKU007,22.6
2025-10-17,SKU008,26.54
2025-10-17,SKU009,26.99
2025-10-17,SKU010,23.15
2025-10-17,SKU011,21.94
2025-10-17,SKU012,22.73
2025-10-17,SKU013,21.85
2025-10-17,SKU014,21.91
2025-10-17,SKU015,25.88
2025-10-17,SKU016,25.25
2025-10-17,SKU017,21.55
2025-10-17,SKU018,21.26
2025-10-17,SKU019,20.93
2025-10-17,SKU020,21.02
2025-10-17,SKU021,21.62
2025-10-17,SKU022,24.79
2025-10-17,SKU023,24.64
2025-10-17,SKU024,21.87
2025-10-17,SKU025,22.26
2025-10-17,SKU026,22.01
2025-10-17,SKU027,21.58
2025-10-17,SKU028,21.49
2025-10-17,SKU029,25.62
2025-10-17,SKU030,25.35
2025-10-17,SKU031,20.66
2025-10-17,SKU032,20.54
2025-10-17,SKU033,20.9
2025-10-17,SKU034,19.65
2025-10-17,SKU035,19.57
2025-10-17,SKU036,24.11
2025-10-17,SKU037,24.69
2025-10-17,SKU038,19.92
2025-10-17,SKU039,20.78
2025-10-17,SKU040,18.8
2025-10-17,SKU041,19.76
2025-10-17,SKU042,20.77
2025-10-17,SKU043,23.28
2025-10-17,SKU044,23.13
2025-10-17,SKU045,20.42
2025-10-17,SKU046,21.05
2025-10-17,SKU047,20.67
2025-10-17,SKU048,20.09
2025-10-17,SKU049,21.47
2025-10-17,SKU050,24.58
2025-10-18,SKU001,25.46
2025-10-18,SKU002,21.82
2025-10-18,SKU003,20.59
2025-10-18,SKU004,21.52
2025-10-18,SKU005,20.57
2025-10-18,SKU006,20.19
2025-10-18,SKU007,24.93
2025-10-18,SKU008,25.91
2025-10-18,SKU009,19.68
2025-10-18,SKU010,18.89
2025-10-18,SKU011,19.6
2025-10-18,SKU012,19.22
2025-10-18,SKU013,19.45
2025-10-18,SKU014,24.72
2025-10-18,SKU015,25.61
2025-10-18,SKU016,19.91
2025-10-18,SKU017,19.33
2025-10-18,SKU018,19.05
2025-10-18,SKU019,19.3
2025-10-18,SKU020,20.16
2025-10-18,SKU021,26.82
2025-10-18,SKU022,27.45
2025-10-18,SKU023,20.19
2025-10-18,SKU024,19.36
2025-10-18,SKU025,18.67
2025-10-18,SKU026,19.29
2025-10-18,SKU027,19.56
2025-10-18,SKU028,27.6
2025-10-18,SKU029,27.83
2025-10-18,SKU030,20.43
2025-10-18,SKU031,19.44
2025-10-18,SKU032,19.32
2025-10-18,SKU033,19.29
2025-10-18,SKU034,19.89
2025-10-18,SKU035,26.73
2025-10-18,SKU036,26.35
2025-10-18,SKU037,19.23
2025-10-18,SKU038,20.13
2025-10-18,SKU039,19.55
2025-10-18,SKU040,19.62
2025-10-18,SKU041,19.48
2025-10-18,SKU042,23.05
2025-10-18,SKU043,22.83
2025-10-18,SKU044,19.51
2025-10-18,SKU045,18.86
2025-10-18,SKU046,20.37
2025-10-18,SKU047,19.64
2025-10-18,SKU048,19.31
2025-10-18,SKU049,21.34
2025-10-18,SKU050,22.75
2025-10-19,SKU001,19.26
2025-10-19,SKU002,19.89
2025-10-19,SKU003,19.48
2025-10-19,SKU004,18.98
2025-10-19,SKU005,19.93
2025-10-19,SKU006,20.86
2025-10-19,SKU007,20.41
2025-10-19,SKU008,18.95
2025-10-19,SKU009,18.04
2025-10-19,SKU010,18.14
2025-10-19,SKU011,18.05
2025-10-19,SKU012,18.22
2025-10-19,SKU013,18.54
2025-10-19,SKU014,18.98
2025-10-19,SKU015,17.78
2025-10-19,SKU016,18.38
2025-10-19,SKU017,17.91
2025-10-19,SKU018,17.81
2025-10-19,SKU019,18.79
2025-10-19,SKU020,23.39
2025-10-19,SKU021,23.27
2025-10-19,SKU022,17.54
2025-10-19,SKU023,17.13
2025-10-19,SKU024,16.81
2025-10-19,SKU025,17.1
2025-10-19,SKU026,16.67
2025-10-19,SKU027,24.96
2025-10-19,SKU028,26.02
2025-10-19,SKU029,16.5
2025-10-19,SKU030,17.1
2025-10-19,SKU031,17.41
2025-10-19,SKU032,18.42
2025-10-19,SKU033,17.77
2025-10-19,SKU034,26.56
2025-10-19,SKU035,28.11
2025-10-19,SKU036,18.7
2025-10-19,SKU037,19.46
2025-10-19,SKU038,18.63
2025-10-19,SKU039,18.01
2025-10-19,SKU040,18.71
2025-10-19,SKU041,26.18
2025-10-19,SKU042,25.94
2025-10-19,SKU043,19.81
2025-10-19,SKU044,19.05
2025-10-19,SKU045,19.38
2025-10-19,SKU046,18.7
2025-10-19,SKU047,19.49
2025-10-19,SKU048,27.53
2025-10-19,SKU049,27.05
2025-10-19,SKU050,20.57
2025-10-20,SKU001,19.81
2025-10-20,SKU002,19.38
2025-10-20,SKU003,19.7
2025-10-20,SKU004,20.19
2025-10-20,SKU005,23.43
2025-10-20,SKU006,23.72
2025-10-20,SKU007,21.89
2025-10-20,SKU008,22.77
2025-10-20,SKU009,22.0
2025-10-20,SKU010,21.78
2025-10-20,SKU011,21.63
2025-10-20,SKU012,24.95
2025-10-20,SKU013,24.92
2025-10-20,SKU014,21.95
2025-10-20,SKU015,21.79
2025-10-20,SKU016,22.29
2025-10-20,SKU017,22.45
2025-10-20,SKU018,22.45
2025-10-20,SKU019,25.69
2025-10-20,SKU020,26.1
2025-10-20,SKU021,20.94
2025-10-20,SKU022,22.79
2025-10-20,SKU023,23.25
2025-10-20,SKU024,22.96
2025-10-20,SKU025,23.06
2025-10-20,SKU026,22.76
2025-10-20,SKU027,22.71
2025-10-20,SKU028,22.28
2025-10-20,SKU029,24.0
2025-10-20,SKU030,21.78
2025-10-20,SKU031,5.98
2025-10-20,SKU032,6.6
2025-10-20,SKU033,8.24
2025-10-20,SKU034,6.92
2025-10-20,SKU035,8.22
2025-10-20,SKU036,10.2
2025-10-20,SKU037,10.38
2025-10-20,SKU038,9.39
2025-10-20,SKU039,8.37
2025-10-20,SKU040,8.91
2025-10-20,SKU041,8.31
2025-10-20,SKU042,8.44
2025-10-20,SKU043,10.41
2025-10-20,SKU044,9.11
2025-10-20,SKU045,7.01
2025-10-20,SKU046,7.95
2025-10-20,SKU047,7.51
2025-10-20,SKU048,6.5
2025-10-20,SKU049,6.6
2025-10-20,SKU050,8.84
2025-10-21,SKU001,8.36
2025-10-21,SKU002,7.15
2025-10-21,SKU003,7.1
2025-10-21,SKU004,6.94
2025-10-21,SKU005,6.86
2025-10-21,SKU006,6.93
2025-10-21,SKU007,8.07
2025-10-21,SKU008,8.32
2025-10-21,SKU009,6.81
2025-10-21,SKU010,6.94
2025-10-21,SKU011,6.8
2025-10-21,SKU012,7.03
2025-10-21,SKU013,9.05
2025-10-21,SKU014,8.86
2025-10-21,SKU015,9.04
2025-10-21,SKU016,9.19
2025-10-21,SKU017,9.39
2025-10-21,SKU018,9.17
2025-10-21,SKU019,9.27
2025-10-21,SKU020,8.95
2025-10-21,SKU021,11.35
2025-10-21,SKU022,10.57
2025-10-21,SKU023,9.23
2025-10-21,SKU024,8.76
2025-10-21,SKU025,9.9
2025-10-21,SKU026,9.65
2025-10-21,SKU027,9.61
2025-10-21,SKU028,11.63
2025-10-21,SKU029,11.2
2025-10-21,SKU030,9.78
2025-10-21,SKU031,10.05
2025-10-21,SKU032,10.43
2025-10-21,SKU033,9.31
2025-10-21,SKU034,9.59
2025-10-21,SKU035,12.72
2025-10-21,SKU036,12.94
2025-10-21,SKU037,9.4
2025-10-21,SKU038,9.04
2025-10-21,SKU039,9.62
2025-10-21,SKU040,9.85
2025-10-21,SKU041,9.02
2025-10-21,SKU042,11.67
2025-10-21,SKU043,13.13
2025-10-21,SKU044,10.51
2025-10-21,SKU045,10.37
2025-10-21,SKU046,10.99
2025-10-21,SKU047,11.02
2025-10-21,SKU048,10.51
2025-10-21,SKU049,13.55
2025-10-21,SKU050,15.18
2025-10-22,SKU001,11.23
2025-10-22,SKU002,11.72
2025-10-22,SKU003,12.07
2025-10-22,SKU004,12.28
2025-10-22,SKU005,11.93
2025-10-22,SKU006,16.14
2025-10-22,SKU007,16.09
2025-10-22,SKU008,11.87
2025-10-22,SKU009,12.4
2025-10-22,SKU010,11.12
2025-10-22,SKU011,11.16
2025-10-22,SKU012,10.8
2025-10-22,SKU013,16.08
2025-10-22,SKU014,16.74
2025-10-22,SKU015,12.36
2025-10-22,SKU016,12.3
2025-10-22,SKU017,11.59
2025-10-22,SKU018,11.71
2025-10-22,SKU019,12.34
2025-10-22,SKU020,15.02
2025-10-22,SKU021,15.29
2025-10-22,SKU022,12.73
2025-10-22,SKU023,12.61
2025-10-22,SKU024,12.12
2025-10-22,SKU025,11.83
2025-10-22,SKU026,12.57
2025-10-22,SKU027,15.03
2025-10-22,SKU028,13.95
2025-10-22,SKU029,11.2
2025-10-22,SKU030,11.08
2025-10-22,SKU031,11.26
2025-10-22,SKU032,10.73
2025-10-22,SKU033,10.69
2025-10-22,SKU034,13.85
2025-10-22,SKU035,13.83
2025-10-22,SKU036,10.37
2025-10-22,SKU037,9.94
2025-10-22,SKU038,9.73
2025-10-22,SKU039,9.73
2025-10-22,SKU040,10.02
2025-10-22,SKU041,13.46
2025-10-22,SKU042,13.64
2025-10-22,SKU043,9.45
2025-10-22,SKU044,10.1
2025-10-22,SKU045,10.31
2025-10-22,SKU046,10.51
2025-10-22,SKU047,10.56
2025-10-22,SKU048,13.51
2025-10-22,SKU049,14.29
2025-10-22,SKU050,10.28
2025-10-23,SKU001,10.28
2025-10-23,SKU002,10.88
2025-10-23,SKU003,10.98
2025-10-23,SKU004,10.88
2025-10-23,SKU005,13.83
2025-10-23,SKU006,13.64
2025-10-23,SKU007,10.57
2025-10-23,SKU008,10.87
2025-10-23,SKU009,10.47
2025-10-23,SKU010,10.55
2025-10-23,SKU011,10.65
2025-10-23,SKU012,13.84
2025-10-23,SKU013,13.77
2025-10-23,SKU014,10.47
2025-10-23,SKU015,10.09
2025-10-23,SKU016,10.01
2025-10-23,SKU017,10.45
2025-10-23,SKU018,10.51
2025-10-23,SKU019,13.54
2025-10-23,SKU020,14.38
2025-10-23,SKU021,10.25
2025-10-23,SKU022,10.41
2025-10-23,SKU023,10.19
2025-10-23,SKU024,10.21
2025-10-23,SKU025,9.89
2025-10-23,SKU026,13.25
2025-10-23,SKU027,13.96
2025-10-23,SKU028,10.9
2025-10-23,SKU029,10.97
2025-10-23,SKU030,10.51
2025-10-23,SKU031,10.38
2025-10-23,SKU032,10.45
2025-10-23,SKU033,15.05
2025-10-23,SKU034,16.07
2025-10-23,SKU035,10.87
2025-10-23,SKU036,10.88
2025-10-23,SKU037,10.32
2025-10-23,SKU038,10.54
2025-10-23,SKU039,10.3
2025-10-23,SKU040,12.73
2025-10-23,SKU041,15.17
2025-10-23,SKU042,10.61
2025-10-23,SKU043,10.24
2025-10-23,SKU044,10.22
2025-10-23,SKU045,9.83
2025-10-23,SKU046,9.99
2025-10-23,SKU047,13.63
2025-10-23,SKU048,14.72
2025-10-23,SKU049,9.51
2025-10-23,SKU050,9.49
2025-10-24,SKU001,9.62
2025-10-24,SKU002,9.81
2025-10-24,SKU003,9.53
2025-10-24,SKU004,14.37
2025-10-24,SKU005,13.15
2025-10-24,SKU006,9.14
2025-10-24,SKU007,8.63
2025-10-24,SKU008,8.32
2025-10-24,SKU009,9.13
2025-10-24,SKU010,8.36
2025-10-24,SKU011,10.46
2025-10-24,SKU012,10.81
2025-10-24,SKU013,8.72
2025-10-24,SKU014,8.86
2025-10-24,SKU015,8.57
2025-10-24,SKU016,8.91
2025-10-24,SKU017,9.24
2025-10-24,SKU018,11.98
2025-10-24,SKU019,11.29
2025-10-24,SKU020,7.96
2025-10-24,SKU021,8.06
2025-10-24,SKU022,7.88
2025-10-24,SKU023,7.75
2025-10-24,SKU024,7.75
2025-10-24,SKU025,8.77
2025-10-24,SKU026,10.06
2025-10-24,SKU027,7.3
2025-10-24,SKU028,6.98
2025-10-24,SKU029,7.72
2025-10-24,SKU030,8.01
2025-10-24,SKU031,7.3
2025-10-24,SKU032,10.3
2025-10-24,SKU033,10.41
2025-10-24,SKU034,7.21
2025-10-24,SKU035,7.22
2025-10-24,SKU036,7.4
2025-10-24,SKU037,7.54
2025-10-24,SKU038,7.84
2025-10-24,SKU039,10.28
2025-10-24,SKU040,10.04
2025-10-24,SKU041,7.37
2025-10-24,SKU042,7.4
2025-10-24,SKU043,7.41
2025-10-24,SKU044,8.1
2025-10-24,SKU045,8.08
2025-10-24,SKU046,10.88
2025-10-24,SKU047,10.7
2025-10-24,SKU048,7.75
2025-10-24,SKU049,7.67
2025-10-24,SKU050,7.95
2025-10-25,SKU001,8.25
2025-10-25,SKU002,8.08
2025-10-25,SKU003,11.13
2025-10-25,SKU004,10.62
2025-10-25,SKU005,8.11
2025-10-25,SKU006,8.4
2025-10-25,SKU007,8.33
2025-10-25,SKU008,8.68
2025-10-25,SKU009,8.37
2025-10-25,SKU010,11.77
2025-10-25,SKU011,12.04
2025-10-25,SKU012,7.55
2025-10-25,SKU013,7.91
2025-10-25,SKU014,7.89
2025-10-25,SKU015,7.52
2025-10-25,SKU016,7.72
2025-10-25,SKU017,10.25
2025-10-25,SKU018,9.56
2025-10-25,SKU019,7.78
2025-10-25,SKU020,7.92
2025-10-25,SKU021,8.17
2025-10-25,SKU022,7.23
2025-10-25,SKU023,8.18
2025-10-25,SKU024,9.43
2025-10-25,SKU025,10.63
2025-10-25,SKU026,7.01
2025-10-25,SKU027,8.1
2025-10-25,SKU028,7.94
2025-10-25,SKU029,7.78
2025-10-25,SKU030,7.78
2025-10-25,SKU031,9.75
2025-10-25,SKU032,11.01
2025-10-25,SKU033,7.46
2025-10-25,SKU034,7.43
2025-10-25,SKU035,7.13
2025-10-25,SKU036,7.19
2025-10-25,SKU037,7.36
2025-10-25,SKU038,10.06
2025-10-25,SKU039,8.97
2025-10-25,SKU040,6.63
2025-10-25,SKU041,7.1
2025-10-25,SKU042,6.85
2025-10-25,SKU043,7.64
2025-10-25,SKU044,7.11
2025-10-25,SKU045,8.52
2025-10-25,SKU046,9.8
2025-10-25,SKU047,6.56
2025-10-25,SKU048,6.35
2025-10-25,SKU049,7.27
2025-10-25,SKU050,7.12
2025-10-26,SKU001,7.38
2025-10-26,SKU002,9.09
2025-10-26,SKU003,9.24
2025-10-26,SKU004,6.77
2025-10-26,SKU005,7.0
2025-10-26,SKU006,7.59
2025-10-26,SKU007,7.21
2025-10-26,SKU008,7.48
2025-10-26,SKU009,8.67
2025-10-26,SKU010,8.75
2025-10-26,SKU011,7.48
2025-10-26,SKU012,7.06
2025-10-26,SKU013,7.07
2025-10-26,SKU014,7.41
2025-10-26,SKU015,7.89
2025-10-26,SKU016,10.08
2025-10-26,SKU017,10.03
2025-10-26,SKU018,6.83
2025-10-26,SKU019,6.78
2025-10-26,SKU020,6.98
2025-10-26,SKU021,6.98
2025-10-26,SKU022,6.63
2025-10-26,SKU023,8.8
2025-10-26,SKU024,8.71
2025-10-26,SKU025,6.25
2025-10-26,SKU026,6.22
2025-10-26,SKU027,6.83
2025-10-26,SKU028,7.08
2025-10-26,SKU029,8.1
2025-10-26,SKU030,7.89
2025-10-26,SKU031,8.72
2025-10-26,SKU032,6.7
2025-10-26,SKU033,7.05
2025-10-26,SKU034,6.89
2025-10-26,SKU035,6.76
2025-10-26,SKU036,5.85
2025-10-26,SKU037,8.57
2025-10-26,SKU038,8.76
2025-10-26,SKU039,6.6
2025-10-26,SKU040,6.77
2025-10-26,SKU041,6.79
2025-10-26,SKU042,6.35
2025-10-26,SKU043,6.05
2025-10-26,SKU044,8.42
2025-10-26,SKU045,8.49
2025-10-26,SKU046,5.82
2025-10-26,SKU047,6.17
2025-10-26,SKU048,6.6
2025-10-26,SKU049,6.46
2025-10-26,SKU050,7.28
2025-10-27,SKU001,8.68
2025-10-27,SKU002,8.81
2025-10-27,SKU003,6.42
2025-10-27,SKU004,7.19
2025-10-27,SKU005,7.1
2025-10-27,SKU006,7.86
2025-10-27,SKU007,7.32
2025-10-27,SKU008,10.89
2025-10-27,SKU009,10.4
2025-10-27,SKU010,7.18
2025-10-27,SKU011,7.17
2025-10-27,SKU012,7.28
2025-10-27,SKU013,7.01
2025-10-27,SKU014,7.62
2025-10-27,SKU015,9.7
2025-10-27,SKU016,9.98
2025-10-27,SKU017,7.15
2025-10-27,SKU018,7.51
2025-10-27,SKU019,8.61
2025-10-27,SKU020,7.35
2025-10-27,SKU021,7.45
2025-10-27,SKU022,9.87
2025-10-27,SKU023,9.92
2025-10-27,SKU024,7.08
2025-10-27,SKU025,7.08
2025-10-27,SKU026,7.34
2025-10-27,SKU027,6.46
2025-10-27,SKU028,6.82
2025-10-27,SKU029,9.51
2025-10-27,SKU030,8.98
2025-10-27,SKU031,6.77
2025-10-27,SKU032,6.78
2025-10-27,SKU033,7.26
2025-10-27,SKU034,6.83
2025-10-27,SKU035,7.22
2025-10-27,SKU036,10.16
2025-10-27,SKU037,9.32
2025-10-27,SKU038,6.84
2025-10-27,SKU039,7.52
2025-10-27,SKU040,7.23
2025-10-27,SKU041,7.91
2025-10-27,SKU042,7.48
2025-10-27,SKU043,10.88
2025-10-27,SKU044,10.61
2025-10-27,SKU045,8.02
2025-10-27,SKU046,8.38
2025-10-27,SKU047,8.89
2025-10-27,SKU048,8.56
2025-10-27,SKU049,9.13
2025-10-27,SKU050,10.33
2025-10-28,SKU001,11.12
2025-10-28,SKU002,8.29
2025-10-28,SKU003,8.59
2025-10-28,SKU004,8.51
2025-10-28,SKU005,8.81
2025-10-28,SKU006,9.15
2025-10-28,SKU007,9.82
2025-10-28,SKU008,9.95
2025-10-28,SKU009,8.41
2025-10-28,SKU010,9.09
2025-10-28,SKU011,8.17
2025-10-28,SKU012,9.26
2025-10-28,SKU013,9.86
2025-10-28,SKU014,10.81
2025-10-28,SKU015,11.58
2025-10-28,SKU016,9.94
2025-10-28,SKU017,9.21
2025-10-28,SKU018,9.23
2025-10-28,SKU019,9.0
2025-10-28,SKU020,8.61
2025-10-28,SKU021,10.82
2025-10-28,SKU022,11.03
2025-10-28,SKU023,8.96
2025-10-28,SKU024,8.83
2025-10-28,SKU025,9.68
2025-10-28,SKU026,8.85
2025-10-28,SKU027,9.05
2025-10-28,SKU028,11.41
2025-10-28,SKU029,11.3
2025-10-28,SKU030,9.47
2025-10-28,SKU031,9.96
2025-10-28,SKU032,10.27
2025-10-28,SKU033,10.05
2025-10-28,SKU034,11.01
2025-10-28,SKU035,12.52
2025-10-28,SKU036,11.75
2025-10-28,SKU037,10.02
2025-10-28,SKU038,10.05
2025-10-28,SKU039,10.57
2025-10-28,SKU040,10.01
2025-10-28,SKU041,10.31
2025-10-28,SKU042,11.72
2025-10-28,SKU043,11.51
2025-10-28,SKU044,9.5
2025-10-28,SKU045,9.61
2025-10-28,SKU046,9.57
2025-10-28,SKU047,10.35
2025-10-28,SKU048,9.21
2025-10-28,SKU049,12.5
2025-10-28,SKU050,12.4
2025-10-29,SKU001,8.73
2025-10-29,SKU002,9.14
2025-10-29,SKU003,9.21
2025-10-29,SKU004,9.48
2025-10-29,SKU005,10.79
2025-10-29,SKU006,14.5
2025-10-29,SKU007,14.51
2025-10-29,SKU008,10.64
2025-10-29,SKU009,11.34
2025-10-29,SKU010,11.49
2025-10-29,SKU011,11.26
2025-10-29,SKU012,11.57
2025-10-29,SKU013,15.03
2025-10-29,SKU014,15.02
2025-10-29,SKU015,10.93
2025-10-29,SKU016,10.65
2025-10-29,SKU017,11.1
2025-10-29,SKU018,11.15
2025-10-29,SKU019,10.88
2025-10-29,SKU020,16.0
2025-10-29,SKU021,16.07
2025-10-29,SKU022,10.44
2025-10-29,SKU023,10.36
2025-10-29,SKU024,10.38
2025-10-29,SKU025,10.5
2025-10-29,SKU026,10.39
2025-10-29,SKU027,15.23
2025-10-29,SKU028,15.4
2025-10-29,SKU029,9.79
2025-10-29,SKU030,10.6
2025-10-29,SKU031,11.05
2025-10-29,SKU032,10.14
2025-10-29,SKU033,9.65
2025-10-29,SKU034,12.33
2025-10-29,SKU035,12.91
2025-10-29,SKU036,9.45
2025-10-29,SKU037,9.32
2025-10-29,SKU038,9.79
2025-10-29,SKU039,10.43
2025-10-29,SKU040,10.31
2025-10-29,SKU041,13.4
2025-10-29,SKU042,12.78
2025-10-29,SKU043,9.88
2025-10-29,SKU044,9.69
2025-10-29,SKU045,10.13
2025-10-29,SKU046,10.0
2025-10-29,SKU047,9.2
2025-10-29,SKU048,12.25
2025-10-29,SKU049,12.73
2025-10-29,SKU050,8.95
2025-10-30,SKU001,9.35
2025-10-30,SKU002,8.95
2025-10-30,SKU003,10.02
2025-10-30,SKU004,9.87
2025-10-30,SKU005,12.82
2025-10-30,SKU006,12.88
2025-10-30,SKU007,9.28
2025-10-30,SKU008,9.5
2025-10-30,SKU009,9.2
2025-10-30,SKU010,9.38
2025-10-30,SKU011,9.25
2025-10-30,SKU012,12.51
2025-10-30,SKU013,13.73
2025-10-30,SKU014,9.77
2025-10-30,SKU015,9.88
2025-10-30,SKU016,9.86
2025-10-30,SKU017,9.55
2025-10-30,SKU018,9.76
2025-10-30,SKU019,13.22
2025-10-30,SKU020,13.71
2025-10-30,SKU021,10.52
2025-10-30,SKU022,11.17
2025-10-30,SKU023,11.09
2025-10-30,SKU024,10.69
2025-10-30,SKU025,10.78
2025-10-30,SKU026,13.82
2025-10-30,SKU027,13.34
2025-10-30,SKU028,10.33
2025-10-30,SKU029,9.32
2025-10-30,SKU030,9.85
2025-10-30,SKU031,10.32
2025-10-30,SKU032,10.11
2025-10-30,SKU033,12.38
2025-10-30,SKU034,13.24
2025-10-30,SKU035,10.3
2025-10-30,SKU036,10.64
2025-10-30,SKU037,10.5
2025-10-30,SKU038,10.03
2025-10-30,SKU039,9.29
2025-10-30,SKU040,13.78
2025-10-30,SKU041,13.25
2025-10-30,SKU042,9.0
2025-10-30,SKU043,9.6
2025-10-30,SKU044,9.52
2025-10-30,SKU045,9.69
2025-10-30,SKU046,9.43
2025-10-30,SKU047,11.85
2025-10-30,SKU048,13.21
2025-10-30,SKU049,9.41
2025-10-30,SKU050,9.38
2025-10-31,SKU001,9.51
2025-10-31,SKU002,9.28
2025-10-31,SKU003,9.75
2025-10-31,SKU004,14.89
2025-10-31,SKU005,14.63
2025-10-31,SKU006,10.59
2025-10-31,SKU007,10.17
2025-10-31,SKU008,10.37
2025-10-31,SKU009,10.29
2025-10-31,SKU010,10.19
2025-10-31,SKU011,13.63
2025-10-31,SKU012,13.43
2025-10-31,SKU013,9.24
2025-10-31,SKU014,9.59
2025-10-31,SKU015,9.56
2025-10-31,SKU016,9.43
2025-10-31,SKU017,9.17
2025-10-31,SKU018,11.48
2025-10-31,SKU019,11.64
2025-10-31,SKU020,8.98
2025-10-31,SKU021,8.21
2025-10-31,SKU022,8.34
2025-10-31,SKU023,8.68
2025-10-31,SKU024,8.39
2025-10-31,SKU025,11.76
2025-10-31,SKU026,11.63
2025-10-31,SKU027,9.03
2025-10-31,SKU028,9.02
2025-10-31,SKU029,8.78
2025-10-31,SKU030,9.29
2025-10-31,SKU031,9.07
2025-10-31,SKU032,11.37
2025-10-31,SKU033,11.13
2025-10-31,SKU034,8.61
2025-10-31,SKU035,8.98
2025-10-31,SKU036,9.15
2025-10-31,SKU037,9.79
2025-10-31,SKU038,8.71
2025-10-31,SKU039,11.5
2025-10-31,SKU040,12.01
2025-10-31,SKU041,8.25
2025-10-31,SKU042,8.36
2025-10-31,SKU043,8.02
2025-10-31,SKU044,9.0
2025-10-31,SKU045,8.88
2025-10-31,SKU046,11.96
2025-10-31,SKU047,12.72
2025-10-31,SKU048,8.48
2025-10-31,SKU049,8.98
2025-10-31,SKU050,9.44
2025-11-01,SKU001,9.12
2025-11-01,SKU002,8.9
2025-11-01,SKU003,12.64
2025-11-01,SKU004,12.65
2025-11-01,SKU005,8.96
2025-11-01,SKU006,8.93
2025-11-01,SKU007,9.13
2025-11-01,SKU008,8.98
2025-11-01,SKU009,9.07
2025-11-01,SKU010,12.61
2025-11-01,SKU011,12.13
2025-11-01,SKU012,8.87
2025-11-01,SKU013,8.94
2025-11-01,SKU014,9.79
2025-11-01,SKU015,9.45
2025-11-01,SKU016,8.71
2025-11-01,SKU017,11.85
2025-11-01,SKU018,10.9
2025-11-01,SKU019,8.76
2025-11-01,SKU020,8.13
2025-11-01,SKU021,7.95
2025-11-01,SKU022,8.37
2025-11-01,SKU023,8.78
2025-11-01,SKU024,11.56
2025-11-01,SKU025,10.82
2025-11-01,SKU026,7.37
2025-11-01,SKU027,8.0
2025-11-01,SKU028,7.2
2025-11-01,SKU029,7.9
2025-11-01,SKU030,7.21
2025-11-01,SKU031,9.86
2025-11-01,SKU032,10.11
2025-11-01,SKU033,6.88
2025-11-01,SKU034,7.72
2025-11-01,SKU035,7.71
2025-11-01,SKU036,6.65
2025-11-01,SKU037,7.24
2025-11-01,SKU038,10.31
2025-11-01,SKU039,10.53
2025-11-01,SKU040,7.15
2025-11-01,SKU041,7.63
2025-11-01,SKU042,7.62
2025-11-01,SKU043,6.95
2025-11-01,SKU044,7.43
2025-11-01,SKU045,9.79
2025-11-01,SKU046,10.05
2025-11-01,SKU047,7.23
2025-11-01,SKU048,6.95
2025-11-01,SKU049,6.7
2025-11-01,SKU050,6.84
2025-11-02,SKU001,6.98
2025-11-02,SKU002,9.84
2025-11-02,SKU003,9.68
2025-11-02,SKU004,6.74
2025-11-02,SKU005,6.67
2025-11-02,SKU006,6.99
2025-11-02,SKU007,7.04
2025-11-02,SKU008,7.1
2025-11-02,SKU009,9.58
2025-11-02,SKU010,10.71
2025-11-02,SKU011,7.46
2025-11-02,SKU012,7.23
2025-11-02,SKU013,7.94
2025-11-02,SKU014,7.92
2025-11-02,SKU015,7.45
2025-11-02,SKU016,10.81
2025-11-02,SKU017,10.49
2025-11-02,SKU018,7.33
2025-11-02,SKU019,7.89
2025-11-02,SKU020,8.02
2025-11-02,SKU021,8.19
2025-11-02,SKU022,8.02
2025-11-02,SKU023,10.14
2025-11-02,SKU024,9.88
2025-11-02,SKU025,8.33
2025-11-02,SKU026,8.04
2025-11-02,SKU027,8.11
2025-11-02,SKU028,7.6
2025-11-02,SKU029,7.75
2025-11-02,SKU030,9.94
2025-11-02,SKU031,10.48
2025-11-02,SKU032,7.69
2025-11-02,SKU033,7.32
2025-11-02,SKU034,7.46
2025-11-02,SKU035,7.38
2025-11-02,SKU036,7.71
2025-11-02,SKU037,9.81
2025-11-02,SKU038,9.45
2025-11-02,SKU039,7.37
2025-11-02,SKU040,7.13
2025-11-02,SKU041,6.66
2025-11-02,SKU042,6.43
2025-11-02,SKU043,7.03
2025-11-02,SKU044,8.6
2025-11-02,SKU045,8.38
2025-11-02,SKU046,6.57
2025-11-02,SKU047,6.93
2025-11-02,SKU048,6.85
2025-11-02,SKU049,6.75
2025-11-02,SKU050,6.74
2025-11-03,SKU001,10.0
2025-11-03,SKU002,9.07
2025-11-03,SKU003,7.1
2025-11-03,SKU004,6.53
2025-11-03,SKU005,6.41
2025-11-03,SKU006,6.7
2025-11-03,SKU007,7.39
2025-11-03,SKU008,8.1
2025-11-03,SKU009,8.93
2025-11-03,SKU010,6.45
2025-11-03,SKU011,6.59
2025-11-03,SKU012,6.4
2025-11-03,SKU013,6.21
2025-11-03,SKU014,5.83
2025-11-03,SKU015,9.08
2025-11-03,SKU016,9.6
2025-11-03,SKU017,7.0
2025-11-03,SKU018,6.73
2025-11-03,SKU019,6.85
2025-11-03,SKU020,6.6
2025-11-03,SKU021,6.96
2025-11-03,SKU022,9.83
2025-11-03,SKU023,9.59
2025-11-03,SKU024,7.25
2025-11-03,SKU025,6.95
2025-11-03,SKU026,7.04
2025-11-03,SKU027,6.81
2025-11-03,SKU028,6.78
2025-11-03,SKU029,8.24
2025-11-03,SKU030,8.42
2025-11-03,SKU031,6.81
2025-11-03,SKU032,6.87
2025-11-03,SKU033,7.13
2025-11-03,SKU034,7.03
2025-11-03,SKU035,7.13
2025-11-03,SKU036,9.28
2025-11-03,SKU037,9.96
2025-11-03,SKU038,7.07
2025-11-03,SKU039,6.88
2025-11-03,SKU040,6.94
2025-11-03,SKU041,7.61
2025-11-03,SKU042,7.17
2025-11-03,SKU043,10.26
2025-11-03,SKU044,10.02
2025-11-03,SKU045,6.78
2025-11-03,SKU046,7.3
2025-11-03,SKU047,7.41
2025-11-03,SKU048,7.55
2025-11-03,SKU049,7.32
2025-11-03,SKU050,10.85
2025-11-04,SKU001,10.74
2025-11-04,SKU002,6.94
2025-11-04,SKU003,7.33
2025-11-04,SKU004,7.31
2025-11-04,SKU005,21.69
2025-11-04,SKU006,17.41
2025-11-04,SKU007,16.65
2025-11-04,SKU008,15.4
2025-11-04,SKU009,14.12
2025-11-04,SKU010,16.91
2025-11-04,SKU011,18.25
2025-11-04,SKU012,15.52
2025-11-04,SKU013,16.27
2025-11-04,SKU014,16.56
2025-11-04,SKU015,15.93
2025-11-04,SKU016,14.84
2025-11-04,SKU017,16.67
2025-11-04,SKU018,16.64
2025-11-04,SKU019,14.35
2025-11-04,SKU020,14.57
2025-11-04,SKU021,14.56
2025-11-04,SKU022,14.75
2025-11-04,SKU023,14.11
2025-11-04,SKU024,17.3
2025-11-04,SKU025,17.43
2025-11-04,SKU026,14.59
2025-11-04,SKU027,15.2
2025-11-04,SKU028,15.2
2025-11-04,SKU029,14.61
2025-11-04,SKU030,16.17
2025-11-04,SKU031,18.31
2025-11-04,SKU032,18.47
2025-11-04,SKU033,15.29
2025-11-04,SKU034,15.02
2025-11-04,SKU035,15.63
2025-11-04,SKU036,16.12
2025-11-04,SKU037,15.22
2025-11-04,SKU038,18.12
2025-11-04,SKU039,17.75
2025-11-04,SKU040,15.46
2025-11-04,SKU041,15.08
2025-11-04,SKU042,14.73
2025-11-04,SKU043,15.29
2025-11-04,SKU044,16.72
2025-11-04,SKU045,18.03
2025-11-04,SKU046,18.01
2025-11-04,SKU047,16.32
2025-11-04,SKU048,16.1
2025-11-04,SKU049,16.01
2025-11-04,SKU050,15.75
2025-11-05,SKU001,16.6
2025-11-05,SKU002,17.79
2025-11-05,SKU003,18.58
2025-11-05,SKU004,14.8
2025-11-05,SKU005,16.04
2025-11-05,SKU006,16.28
2025-11-05,SKU007,15.22
2025-11-05,SKU008,16.14
2025-11-05,SKU009,21.37
2025-11-05,SKU010,20.76
2025-11-05,SKU011,16.04
2025-11-05,SKU012,16.52
2025-11-05,SKU013,17.24
2025-11-05,SKU014,17.72
2025-11-05,SKU015,17.22
2025-11-05,SKU016,22.33
2025-11-05,SKU017,23.08
2025-11-05,SKU018,17.21
2025-11-05,SKU019,16.53
2025-11-05,SKU020,17.63
2025-11-05,SKU021,17.16
2025-11-05,SKU022,16.99
2025-11-05,SKU023,24.7
2025-11-05,SKU024,24.55
2025-11-05,SKU025,16.1
2025-11-05,SKU026,16.91
2025-11-05,SKU027,16.84
2025-11-05,SKU028,16.81
2025-11-05,SKU029,16.55
2025-11-05,SKU030,23.68
2025-11-05,SKU031,23.99
2025-11-05,SKU032,16.52
2025-11-05,SKU033,16.86
2025-11-05,SKU034,16.51
2025-11-05,SKU035,16.93
2025-11-05,SKU036,16.77
2025-11-05,SKU037,23.83
2025-11-05,SKU038,23.02
2025-11-05,SKU039,17.33
2025-11-05,SKU040,16.99
2025-11-05,SKU041,17.01
2025-11-05,SKU042,18.01
2025-11-05,SKU043,18.23
2025-11-05,SKU044,19.19
2025-11-05,SKU045,21.18
2025-11-05,SKU046,17.14
2025-11-05,SKU047,17.05
2025-11-05,SKU048,17.44
2025-11-05,SKU049,17.76
2025-11-05,SKU050,17.79
2025-11-06,SKU001,18.91
2025-11-06,SKU002,18.04
2025-11-06,SKU003,17.01
2025-11-06,SKU004,16.65
2025-11-06,SKU005,16.76
2025-11-06,SKU006,16.11
2025-11-06,SKU007,16.49
2025-11-06,SKU008,17.4
2025-11-06,SKU009,18.16
2025-11-06,SKU010,15.66
2025-11-06,SKU011,16.03
2025-11-06,SKU012,15.15
2025-11-06,SKU013,16.37
2025-11-06,SKU014,15.57
2025-11-06,SKU015,17.93
2025-11-06,SKU016,17.04
2025-11-06,SKU017,15.77
2025-11-06,SKU018,15.82
2025-11-06,SKU019,16.15
2025-11-06,SKU020,16.35
2025-11-06,SKU021,16.3
2025-11-06,SKU022,20.54
2025-11-06,SKU023,20.13
2025-11-06,SKU024,16.03
2025-11-06,SKU025,16.3
2025-11-06,SKU026,17.15
2025-11-06,SKU027,16.76
2025-11-06,SKU028,16.5
2025-11-06,SKU029,18.41
2025-11-06,SKU030,17.73
2025-11-06,SKU031,16.26
2025-11-06,SKU032,17.1
2025-11-06,SKU033,16.54
2025-11-06,SKU034,16.65
2025-11-06,SKU035,17.26
2025-11-06,SKU036,19.29
2025-11-06,SKU037,19.01
2025-11-06,SKU038,16.51
2025-11-06,SKU039,16.63
2025-11-06,SKU040,17.4
2025-11-06,SKU041,15.85
2025-11-06,SKU042,16.46
2025-11-06,SKU043,17.4
2025-11-06,SKU044,17.37
2025-11-06,SKU045,15.94
2025-11-06,SKU046,16.96
2025-11-06,SKU047,16.04
2025-11-06,SKU048,16.37
2025-11-06,SKU049,16.53
2025-11-06,SKU050,20.26
2025-11-07,SKU001,20.26
2025-11-07,SKU002,14.51
2025-11-07,SKU003,14.81
2025-11-07,SKU004,15.88
2025-11-07,SKU005,16.68
2025-11-07,SKU006,16.46
2025-11-07,SKU007,21.88
2025-11-07,SKU008,23.1
2025-11-07,SKU009,14.03
2025-11-07,SKU010,13.99
2025-11-07,SKU011,14.27
2025-11-07,SKU012,14.28
2025-11-07,SKU013,14.2
2025-11-07,SKU014,19.49
2025-11-07,SKU015,20.46
2025-11-07,SKU016,14.24
2025-11-07,SKU017,13.8
2025-11-07,SKU018,13.96
2025-11-07,SKU019,14.5
2025-11-07,SKU020,14.07
2025-11-07,SKU021,18.73
2025-11-07,SKU022,20.32
2025-11-07,SKU023,13.87
2025-11-07,SKU024,14.31
2025-11-07,SKU025,14.51
2025-11-07,SKU026,15.02
2025-11-07,SKU027,14.41
2025-11-07,SKU028,21.83
2025-11-07,SKU029,22.19
2025-11-07,SKU030,14.65
2025-11-07,SKU031,14.7
2025-11-07,SKU032,14.34
2025-11-07,SKU033,14.33
2025-11-07,SKU034,14.54
2025-11-07,SKU035,18.99
2025-11-07,SKU036,19.52
2025-11-07,SKU037,15.08
2025-11-07,SKU038,14.89
2025-11-07,SKU039,14.9
2025-11-07,SKU040,15.08
2025-11-07,SKU041,16.33
2025-11-07,SKU042,17.24
2025-11-07,SKU043,16.93
2025-11-07,SKU044,16.09
2025-11-07,SKU045,15.22
2025-11-07,SKU046,13.66
2025-11-07,SKU047,15.46
2025-11-07,SKU048,16.07
2025-11-07,SKU049,15.4
2025-11-07,SKU050,15.16
2025-11-08,SKU001,14.69
2025-11-08,SKU002,14.35
2025-11-08,SKU003,14.33
2025-11-08,SKU004,14.75
2025-11-08,SKU005,14.76
2025-11-08,SKU006,16.57
2025-11-08,SKU007,16.54
2025-11-08,SKU008,13.22
2025-11-08,SKU009,13.9
2025-11-08,SKU010,14.09
2025-11-08,SKU011,13.77
2025-11-08,SKU012,13.77
2025-11-08,SKU013,16.55
2025-11-08,SKU014,15.3
2025-11-08,SKU015,12.78
2025-11-08,SKU016,13.18
2025-11-08,SKU017,12.97
2025-11-08,SKU018,12.96
2025-11-08,SKU019,13.11
2025-11-08,SKU020,13.99
2025-11-08,SKU021,14.95
2025-11-08,SKU022,12.6
2025-11-08,SKU023,12.93
2025-11-08,SKU024,13.15
2025-11-08,SKU025,12.75
2025-11-08,SKU026,12.73
2025-11-08,SKU027,15.52
2025-11-08,SKU028,15.98
2025-11-08,SKU029,12.88
2025-11-08,SKU030,11.68
2025-11-08,SKU031,12.05
2025-11-08,SKU032,12.47
2025-11-08,SKU033,11.57
2025-11-08,SKU034,14.71
2025-11-08,SKU035,14.24
2025-11-08,SKU036,13.13
2025-11-08,SKU037,12.47
2025-11-08,SKU038,12.38
2025-11-08,SKU039,12.53
2025-11-08,SKU040,12.56
2025-11-08,SKU041,14.97
2025-11-08,SKU042,15.77
2025-11-08,SKU043,12.19
2025-11-08,SKU044,12.25
2025-11-08,SKU045,12.28
2025-11-08,SKU046,12.36
2025-11-08,SKU047,12.47
2025-11-08,SKU048,16.83
2025-11-08,SKU049,17.1
2025-11-08,SKU050,13.1
2025-11-09,SKU001,12.05
2025-11-09,SKU002,12.45
2025-11-09,SKU003,12.24
2025-11-09,SKU004,11.84
2025-11-09,SKU005,17.73
2025-11-09,SKU006,17.23
2025-11-09,SKU007,11.92
2025-11-09,SKU008,12.12
2025-11-09,SKU009,12.08
2025-11-09,SKU010,12.36
2025-11-09,SKU011,11.94
2025-11-09,SKU012,18.16
2025-11-09,SKU013,19.11
2025-11-09,SKU014,12.12
2025-11-09,SKU015,12.46
2025-11-09,SKU016,12.17
2025-11-09,SKU017,12.15
2025-11-09,SKU018,12.27
2025-11-09,SKU019,18.04
2025-11-09,SKU020,17.58
2025-11-09,SKU021,12.64
2025-11-09,SKU022,12.26
2025-11-09,SKU023,12.44
2025-11-09,SKU024,12.19
2025-11-09,SKU025,12.43
2025-11-09,SKU026,14.85
2025-11-09,SKU027,14.42
2025-11-09,SKU028,12.2
2025-11-09,SKU029,11.74
2025-11-09,SKU030,12.07
2025-11-09,SKU031,12.77
2025-11-09,SKU032,11.5
2025-11-09,SKU033,15.44
2025-11-09,SKU034,16.02
2025-11-09,SKU035,12.5
2025-11-09,SKU036,13.06
2025-11-09,SKU037,12.5
2025-11-09,SKU038,12.19
2025-11-09,SKU039,12.19
2025-11-09,SKU040,14.71
2025-11-09,SKU041,14.39
2025-11-09,SKU042,11.3
2025-11-09,SKU043,11.62
2025-11-09,SKU044,12.02
2025-11-09,SKU045,12.19
2025-11-09,SKU046,12.36
2025-11-09,SKU047,14.76
2025-11-09,SKU048,14.74
2025-11-09,SKU049,13.01
2025-11-09,SKU050,12.64
2025-11-10,SKU001,12.13
2025-11-10,SKU002,11.25
2025-11-10,SKU003,13.18
2025-11-10,SKU004,16.62
2025-11-10,SKU005,16.62
2025-11-10,SKU006,12.15
2025-11-10,SKU007,12.28
2025-11-10,SKU008,10.55
2025-11-10,SKU009,11.2
2025-11-10,SKU010,10.88
2025-11-10,SKU011,17.75
2025-11-10,SKU012,17.86
2025-11-10,SKU013,12.68
2025-11-10,SKU014,12.4
2025-11-10,SKU015,12.64
2025-11-10,SKU016,11.93
2025-11-10,SKU017,12.58
2025-11-10,SKU018,17.73
2025-11-10,SKU019,18.21
2025-11-10,SKU020,11.96
2025-11-10,SKU021,12.63
2025-11-10,SKU022,12.83
2025-11-10,SKU023,12.9
2025-11-10,SKU024,12.19
2025-11-10,SKU025,17.98
2025-11-10,SKU026,17.89
2025-11-10,SKU027,12.05
2025-11-10,SKU028,12.78
2025-11-10,SKU029,12.57
2025-11-10,SKU030,12.05
2025-11-10,SKU031,12.4
2025-11-10,SKU032,16.77
2025-11-10,SKU033,16.27
2025-11-10,SKU034,11.9
2025-11-10,SKU035,12.07
2025-11-10,SKU036,12.44
2025-11-10,SKU037,12.26
2025-11-10,SKU038,13.47
2025-11-10,SKU039,15.07
2025-11-10,SKU040,15.05
2025-11-10,SKU041,11.83
2025-11-10,SKU042,12.05
2025-11-10,SKU043,11.94
2025-11-10,SKU044,11.33
2025-11-10,SKU045,11.09
2025-11-10,SKU046,14.39
2025-11-10,SKU047,14.39
2025-11-10,SKU048,10.6
2025-11-10,SKU049,10.29
2025-11-10,SKU050,10.77
2025-11-11,SKU001,12.11
2025-11-11,SKU002,12.06
2025-11-11,SKU003,13.91
2025-11-11,SKU004,13.92
2025-11-11,SKU005,11.96
2025-11-11,SKU006,11.35
2025-11-11,SKU007,11.38
2025-11-11,SKU008,11.07
2025-11-11,SKU009,12.52
2025-11-11,SKU010,14.63
2025-11-11,SKU011,14.8
2025-11-11,SKU012,11.29
2025-11-11,SKU013,11.55
2025-11-11,SKU014,11.7
2025-11-11,SKU015,11.2
2025-11-11,SKU016,12.2
2025-11-11,SKU017,15.44
2025-11-11,SKU018,15.83
2025-11-11,SKU019,12.6
2025-11-11,SKU020,13.0
2025-11-11,SKU021,13.1
2025-11-11,SKU022,13.75
2025-11-11,SKU023,14.27
2025-11-11,SKU024,15.98
2025-11-11,SKU025,15.78
2025-11-11,SKU026,14.21
2025-11-11,SKU027,12.82
2025-11-11,SKU028,12.88
2025-11-11,SKU029,14.67
2025-11-11,SKU030,14.44
2025-11-11,SKU031,17.59
2025-11-11,SKU032,17.93
2025-11-11,SKU033,14.35
2025-11-11,SKU034,13.74
2025-11-11,SKU035,15.61
2025-11-11,SKU036,15.06
2025-11-11,SKU037,15.77
2025-11-11,SKU038,16.28
2025-11-11,SKU039,16.54
2025-11-11,SKU040,14.0
2025-11-11,SKU041,14.76
2025-11-11,SKU042,14.94
2025-11-11,SKU043,14.31
2025-11-11,SKU044,14.5
2025-11-11,SKU045,17.99
2025-11-11,SKU046,18.07
2025-11-11,SKU047,15.22
2025-11-11,SKU048,14.82
2025-11-11,SKU049,14.3
2025-11-11,SKU050,15.3
2025-11-12,SKU001,15.28
2025-11-12,SKU002,16.39
2025-11-12,SKU003,15.9
2025-11-12,SKU004,15.17
2025-11-12,SKU005,13.9
2025-11-12,SKU006,13.19
2025-11-12,SKU007,14.92
2025-11-12,SKU008,14.02
2025-11-12,SKU009,15.58
2025-11-12,SKU010,16.21
2025-11-12,SKU011,15.37
2025-11-12,SKU012,13.81
2025-11-12,SKU013,14.5
2025-11-12,SKU014,14.57
2025-11-12,SKU015,15.2
2025-11-12,SKU016,17.24
2025-11-12,SKU017,17.54
2025-11-12,SKU018,14.76
2025-11-12,SKU019,14.89
2025-11-12,SKU020,13.67
2025-11-12,SKU021,14.71
2025-11-12,SKU022,14.79
2025-11-12,SKU023,19.52
2025-11-12,SKU024,19.78
2025-11-12,SKU025,14.23
2025-11-12,SKU026,14.49
2025-11-12,SKU027,15.02
2025-11-12,SKU028,15.07
2025-11-12,SKU029,14.58
2025-11-12,SKU030,20.33
2025-11-12,SKU031,21.76
2025-11-12,SKU032,16.23
2025-11-12,SKU033,15.95
2025-11-12,SKU034,16.99
2025-11-12,SKU035,17.63
2025-11-12,SKU036,17.64
2025-11-12,SKU037,24.07
2025-11-12,SKU038,25.23
2025-11-12,SKU039,16.0
2025-11-12,SKU040,16.13
2025-11-12,SKU041,15.7
2025-11-12,SKU042,15.82
2025-11-12,SKU043,16.6
2025-11-12,SKU044,24.12
2025-11-12,SKU045,24.58
2025-11-12,SKU046,16.82
2025-11-12,SKU047,17.04
2025-11-12,SKU048,16.57
2025-11-12,SKU049,17.1
2025-11-12,SKU050,16.59
2025-11-13,SKU001,23.86
2025-11-13,SKU002,24.88
2025-11-13,SKU003,16.29
2025-11-13,SKU004,17.12
2025-11-13,SKU005,16.66
2025-11-13,SKU006,16.05
2025-11-13,SKU007,18.06
2025-11-13,SKU008,19.21
2025-11-13,SKU009,19.39
2025-11-13,SKU010,17.51
2025-11-13,SKU011,17.1
2025-11-13,SKU012,16.25
2025-11-13,SKU013,16.61
2025-11-13,SKU014,16.65
2025-11-13,SKU015,18.32
2025-11-13,SKU016,18.07
2025-11-13,SKU017,16.57
2025-11-13,SKU018,16.91
2025-11-13,SKU019,16.29
2025-11-13,SKU020,17.03
2025-11-13,SKU021,16.53
2025-11-13,SKU022,17.61
2025-11-13,SKU023,16.97
2025-11-13,SKU024,16.2
2025-11-13,SKU025,16.44
2025-11-13,SKU026,16.08
2025-11-13,SKU027,16.36
2025-11-13,SKU028,16.32
2025-11-13,SKU029,17.27
2025-11-13,SKU030,17.59
2025-11-13,SKU031,15.41
2025-11-13,SKU032,16.19
2025-11-13,SKU033,16.4
2025-11-13,SKU034,16.94
2025-11-13,SKU035,16.19
2025-11-13,SKU036,18.58
2025-11-13,SKU037,18.97
2025-11-13,SKU038,16.03
2025-11-13,SKU039,15.8
2025-11-13,SKU040,15.65
2025-11-13,SKU041,16.28
2025-11-13,SKU042,16.07
2025-11-13,SKU043,17.48
2025-11-13,SKU044,16.72
2025-11-13,SKU045,16.19
2025-11-13,SKU046,16.42
2025-11-13,SKU047,15.62
2025-11-13,SKU048,16.09
2025-11-13,SKU049,16.81
2025-11-13,SKU050,17.83
2025-11-14,SKU001,18.71
2025-11-14,SKU002,15.2
2025-11-14,SKU003,15.5
2025-11-14,SKU004,15.13
2025-11-14,SKU005,15.5
2025-11-14,SKU006,15.4
2025-11-14,SKU007,18.5
2025-11-14,SKU008,18.42
2025-11-14,SKU009,15.76
2025-11-14,SKU010,14.89
2025-11-14,SKU011,15.35
2025-11-14,SKU012,15.61
2025-11-14,SKU013,16.28
2025-11-14,SKU014,19.96
2025-11-14,SKU015,19.88
2025-11-14,SKU016,14.2
2025-11-14,SKU017,13.92
2025-11-14,SKU018,14.26
2025-11-14,SKU019,13.97
2025-11-14,SKU020,14.88
2025-11-14,SKU021,20.56
2025-11-14,SKU022,20.27
2025-11-14,SKU023,14.33
2025-11-14,SKU024,13.65
2025-11-14,SKU025,13.88
2025-11-14,SKU026,14.16
2025-11-14,SKU027,13.93
2025-11-14,SKU028,19.72
2025-11-14,SKU029,20.79
2025-11-14,SKU030,13.84
2025-11-14,SKU031,13.96
2025-11-14,SKU032,14.25
2025-11-14,SKU033,15.58
2025-11-14,SKU034,14.62
2025-11-14,SKU035,19.18
2025-11-14,SKU036,22.1
2025-11-14,SKU037,16.64
2025-11-14,SKU038,16.45
2025-11-14,SKU039,15.77
2025-11-14,SKU040,15.87
2025-11-14,SKU041,16.28
2025-11-14,SKU042,24.0
2025-11-14,SKU043,25.4
2025-11-14,SKU044,15.85
2025-11-14,SKU045,16.24
2025-11-14,SKU046,16.18
2025-11-14,SKU047,15.69
2025-11-14,SKU048,15.5
2025-11-14,SKU049,18.4
2025-11-14,SKU050,19.53
2025-11-15,SKU001,14.93
2025-11-15,SKU002,15.49
2025-11-15,SKU003,14.89
2025-11-15,SKU004,15.3
2025-11-15,SKU005,15.53
2025-11-15,SKU006,15.76
2025-11-15,SKU007,16.48
2025-11-15,SKU008,14.61
2025-11-15,SKU009,14.39
2025-11-15,SKU010,13.71
2025-11-15,SKU011,13.84
2025-11-15,SKU012,14.16
2025-11-15,SKU013,17.88
2025-11-15,SKU014,16.61
2025-11-15,SKU015,14.92
2025-11-15,SKU016,13.49
2025-11-15,SKU017,13.69
2025-11-15,SKU018,13.41
2025-11-15,SKU019,13.97
2025-11-15,SKU020,16.55
2025-11-15,SKU021,15.91
2025-11-15,SKU022,13.96
2025-11-15,SKU023,14.3
2025-11-15,SKU024,14.47
2025-11-15,SKU025,14.7
2025-11-15,SKU026,16.82
2025-11-15,SKU027,17.12
2025-11-15,SKU028,17.68
2025-11-15,SKU029,16.56
2025-11-15,SKU030,16.23
2025-11-15,SKU031,16.79
2025-11-15,SKU032,17.05
2025-11-15,SKU033,15.95
2025-11-15,SKU034,16.33
2025-11-15,SKU035,15.86
2025-11-15,SKU036,16.56
2025-11-15,SKU037,15.88
2025-11-15,SKU038,13.85
2025-11-15,SKU039,13.98
2025-11-15,SKU040,13.8
2025-11-15,SKU041,15.68
2025-11-15,SKU042,16.4
2025-11-15,SKU043,13.65
2025-11-15,SKU044,13.31
2025-11-15,SKU045,14.14
2025-11-15,SKU046,13.45
2025-11-15,SKU047,14.04
2025-11-15,SKU048,16.05
2025-11-15,SKU049,17.62
2025-11-15,SKU050,13.9
2025-11-16,SKU001,13.33
2025-11-16,SKU002,13.09
2025-11-16,SKU003,12.29
2025-11-16,SKU004,13.06
2025-11-16,SKU005,15.49
2025-11-16,SKU006,15.97
2025-11-16,SKU007,12.59
2025-11-16,SKU008,12.69
2025-11-16,SKU009,12.45
2025-11-16,SKU010,12.45
2025-11-16,SKU011,12.2
2025-11-16,SKU012,15.77
2025-11-16,SKU013,16.16
2025-11-16,SKU014,11.87
2025-11-16,SKU015,12.87
2025-11-16,SKU016,12.44
2025-11-16,SKU017,12.33
2025-11-16,SKU018,12.45
2025-11-16,SKU019,16.55
2025-11-16,SKU020,17.31
2025-11-16,SKU021,12.02
2025-11-16,SKU022,12.18
2025-11-16,SKU023,11.93
2025-11-16,SKU024,11.97
2025-11-16,SKU025,12.52
2025-11-16,SKU026,17.08
2025-11-16,SKU027,15.87
2025-11-16,SKU028,11.84
2025-11-16,SKU029,12.35
2025-11-16,SKU030,12.63
2025-11-16,SKU031,12.68
2025-11-16,SKU032,12.63
2025-11-16,SKU033,16.52
2025-11-16,SKU034,16.5
2025-11-16,SKU035,12.45
2025-11-16,SKU036,12.19
2025-11-16,SKU037,12.18
2025-11-16,SKU038,12.2
2025-11-16,SKU039,11.87
2025-11-16,SKU040,14.89
2025-11-16,SKU041,15.9
2025-11-16,SKU042,11.7
2025-11-16,SKU043,11.4
2025-11-16,SKU044,12.08
2025-11-16,SKU045,11.67
2025-11-16,SKU046,12.7
2025-11-16,SKU047,14.29
2025-11-16,SKU048,14.27
2025-11-16,SKU049,11.78
2025-11-16,SKU050,11.85
2025-11-17,SKU001,11.69
2025-11-17,SKU002,11.49
2025-11-17,SKU003,11.35
2025-11-17,SKU004,14.17
2025-11-17,SKU005,13.65
2025-11-17,SKU006,11.8
2025-11-17,SKU007,11.88
2025-11-17,SKU008,11.75
2025-11-17,SKU009,11.79
2025-11-17,SKU010,9.88
2025-11-17,SKU011,13.66
2025-11-17,SKU012,13.97
2025-11-17,SKU013,11.13
2025-11-17,SKU014,11.03
2025-11-17,SKU015,10.95
2025-11-17,SKU016,10.45
2025-11-17,SKU017,10.4
2025-11-17,SKU018,15.24
2025-11-17,SKU019,16.03
2025-11-17,SKU020,11.08
2025-11-17,SKU021,11.36
2025-11-17,SKU022,10.69
2025-11-17,SKU023,10.85
2025-11-17,SKU024,11.01
2025-11-17,SKU025,17.2
2025-11-17,SKU026,17.48
2025-11-17,SKU027,12.51
2025-11-17,SKU028,11.77
2025-11-17,SKU029,11.57
2025-11-17,SKU030,12.22
2025-11-17,SKU031,12.01
2025-11-17,SKU032,18.24
2025-11-17,SKU033,18.69
2025-11-17,SKU034,12.53
2025-11-17,SKU035,11.71
2025-11-17,SKU036,12.29
2025-11-17,SKU037,11.84
2025-11-17,SKU038,12.11
2025-11-17,SKU039,17.42
2025-11-17,SKU040,17.96
2025-11-17,SKU041,12.91
2025-11-17,SKU042,11.67
2025-11-17,SKU043,12.28
2025-11-17,SKU044,12.06
2025-11-17,SKU045,13.25
2025-11-17,SKU046,16.75
2025-11-17,SKU047,16.25
2025-11-17,SKU048,12.35
2025-11-17,SKU049,13.01
2025-11-17,SKU050,12.19
2025-11-18,SKU001,12.82
2025-11-18,SKU002,13.4
2025-11-18,SKU003,15.41
2025-11-18,SKU004,15.51
2025-11-18,SKU005,14.14
2025-11-18,SKU006,13.07
2025-11-18,SKU007,13.01
2025-11-18,SKU008,14.16
2025-11-18,SKU009,14.2
2025-11-18,SKU010,15.42
2025-11-18,SKU011,15.68
2025-11-18,SKU012,13.45
2025-11-18,SKU013,12.44
2025-11-18,SKU014,12.01
2025-11-18,SKU015,12.0
2025-11-18,SKU016,12.82
2025-11-18,SKU017,15.69
2025-11-18,SKU018,15.26
2025-11-18,SKU019,12.56
2025-11-18,SKU020,12.88
2025-11-18,SKU021,11.97
2025-11-18,SKU022,12.11
2025-11-18,SKU023,11.83
2025-11-18,SKU024,14.94
2025-11-18,SKU025,16.4
2025-11-18,SKU026,12.68
2025-11-18,SKU027,11.61
2025-11-18,SKU028,13.24
2025-11-18,SKU029,15.18
2025-11-18,SKU030,11.2
2025-11-18,SKU031,12.09
2025-11-18,SKU032,11.31
2025-11-18,SKU033,11.73
2025-11-18,SKU034,13.12
2025-11-18,SKU035,13.08
2025-11-18,SKU036,10.69
2025-11-18,SKU037,9.79
2025-11-18,SKU038,10.54
2025-11-18,SKU039,9.73
2025-11-18,SKU040,9.93
2025-11-18,SKU041,12.58
2025-11-18,SKU042,11.0
2025-11-18,SKU043,10.16
2025-11-18,SKU044,9.6
2025-11-18,SKU045,10.22
2025-11-18,SKU046,10.4
2025-11-18,SKU047,10.24
2025-11-18,SKU048,10.09
2025-11-18,SKU049,9.73
2025-11-18,SKU050,9.63
2025-11-19,SKU001,9.87
2025-11-19,SKU002,10.07
2025-11-19,SKU003,9.92
2025-11-19,SKU004,10.24
2025-11-19,SKU005,10.14
2025-11-19,SKU006,8.85
2025-11-19,SKU007,8.27
2025-11-19,SKU008,8.02
2025-11-19,SKU009,7.63
2025-11-19,SKU010,7.69
2025-11-19,SKU011,8.08
2025-11-19,SKU012,8.78
2025-11-19,SKU013,8.88
2025-11-19,SKU014,7.34
2025-11-19,SKU015,7.55
2025-11-19,SKU016,6.87
2025-11-19,SKU017,6.76
2025-11-19,SKU018,6.99
2025-11-19,SKU019,8.85
2025-11-19,SKU020,9.67
2025-11-19,SKU021,7.55
2025-11-19,SKU022,7.22
2025-11-19,SKU023,7.85
2025-11-19,SKU024,8.34
2025-11-19,SKU025,7.58
2025-11-19,SKU026,9.27
2025-11-19,SKU027,7.79
2025-11-19,SKU028,6.96
2025-11-19,SKU029,7.22
2025-11-19,SKU030,7.05
2025-11-19,SKU031,7.26
2025-11-19,SKU032,7.13
2025-11-19,SKU033,10.1
2025-11-19,SKU034,10.55
2025-11-19,SKU035,9.61
2025-11-19,SKU036,9.51
2025-11-19,SKU037,9.76
2025-11-19,SKU038,9.46
2025-11-19,SKU039,10.47
2025-11-19,SKU040,12.15
2025-11-19,SKU041,11.34
2025-11-19,SKU042,10.81
2025-11-19,SKU043,10.81
2025-11-19,SKU044,10.56
2025-11-19,SKU045,10.54
2025-11-19,SKU046,9.99
2025-11-19,SKU047,12.09
2025-11-19,SKU048,12.46
2025-11-19,SKU049,9.68
2025-11-19,SKU050,9.85
2025-11-20,SKU001,10.07
2025-11-20,SKU002,10.43
2025-11-20,SKU003,9.94
2025-11-20,SKU004,12.24
2025-11-20,SKU005,14.38
2025-11-20,SKU006,9.67
2025-11-20,SKU007,9.09
2025-11-20,SKU008,10.12
2025-11-20,SKU009,10.49
2025-11-20,SKU010,10.47
2025-11-20,SKU011,14.55
2025-11-20,SKU012,14.4
2025-11-20,SKU013,10.08
2025-11-20,SKU014,10.75
2025-11-20,SKU015,10.05
2025-11-20,SKU016,10.88
2025-11-20,SKU017,10.95
2025-11-20,SKU018,13.93
2025-11-20,SKU019,13.56
2025-11-20,SKU020,10.65
2025-11-20,SKU021,10.45
2025-11-20,SKU022,10.31
2025-11-20,SKU023,11.08
2025-11-20,SKU024,10.7
2025-11-20,SKU025,14.58
2025-11-20,SKU026,13.37
2025-11-20,SKU027,10.02
2025-11-20,SKU028,9.71
2025-11-20,SKU029,10.25
2025-11-20,SKU030,10.65
2025-11-20,SKU031,10.06
2025-11-20,SKU032,13.38
2025-11-20,SKU033,13.08
2025-11-20,SKU034,9.73
2025-11-20,SKU035,9.21
2025-11-20,SKU036,9.5
2025-11-20,SKU037,9.86
2025-11-20,SKU038,9.56
2025-11-20,SKU039,14.03
2025-11-20,SKU040,14.52
2025-11-20,SKU041,9.62
2025-11-20,SKU042,10.12
2025-11-20,SKU043,9.85
2025-11-20,SKU044,10.79
2025-11-20,SKU045,10.18
2025-11-20,SKU046,11.78
2025-11-20,SKU047,10.99
2025-11-20,SKU048,9.08
2025-11-20,SKU049,9.97
2025-11-20,SKU050,10.8
2025-11-21,SKU001,11.04
2025-11-21,SKU002,10.93
2025-11-21,SKU003,11.78
2025-11-21,SKU004,10.43
2025-11-21,SKU005,9.84
2025-11-21,SKU006,9.99
2025-11-21,SKU007,10.3
2025-11-21,SKU008,9.41
2025-11-21,SKU009,9.66
2025-11-21,SKU010,10.14
2025-11-21,SKU011,12.19
2025-11-21,SKU012,9.64
2025-11-21,SKU013,10.04
2025-11-21,SKU014,9.74
2025-11-21,SKU015,10.08
2025-11-21,SKU016,9.91
2025-11-21,SKU017,12.36
2025-11-21,SKU018,11.16
2025-11-21,SKU019,9.38
2025-11-21,SKU020,9.69
2025-11-21,SKU021,9.46
2025-11-21,SKU022,9.65
2025-11-21,SKU023,9.53
2025-11-21,SKU024,12.47
2025-11-21,SKU025,12.66
2025-11-21,SKU026,9.57
2025-11-21,SKU027,9.85
2025-11-21,SKU028,10.03
2025-11-21,SKU029,10.21
2025-11-21,SKU030,10.4
2025-11-21,SKU031,14.17
2025-11-21,SKU032,14.63
2025-11-21,SKU033,9.93
2025-11-21,SKU034,10.32
2025-11-21,SKU035,10.17
2025-11-21,SKU036,10.03
2025-11-21,SKU037,9.68
2025-11-21,SKU038,13.81
2025-11-21,SKU039,14.25
2025-11-21,SKU040,9.9
2025-11-21,SKU041,10.13
2025-11-21,SKU042,10.3
2025-11-21,SKU043,9.56
2025-11-21,SKU044,9.37
2025-11-21,SKU045,14.18
2025-11-21,SKU046,13.83
2025-11-21,SKU047,9.68
2025-11-21,SKU048,9.79
2025-11-21,SKU049,9.78
2025-11-21,SKU050,10.74
2025-11-22,SKU001,10.54
2025-11-22,SKU002,13.19
2025-11-22,SKU003,14.78
2025-11-22,SKU004,10.06
2025-11-22,SKU005,9.97
2025-11-22,SKU006,9.78
2025-11-22,SKU007,9.76
2025-11-22,SKU008,9.61
2025-11-22,SKU009,12.58
2025-11-22,SKU010,12.05
2025-11-22,SKU011,9.51
2025-11-22,SKU012,9.89
2025-11-22,SKU013,10.0
2025-11-22,SKU014,10.48
2025-11-22,SKU015,9.6
2025-11-22,SKU016,10.87
2025-11-22,SKU017,11.38
2025-11-22,SKU018,9.14
2025-11-22,SKU019,9.38
2025-11-22,SKU020,9.5
2025-11-22,SKU021,9.29
2025-11-22,SKU022,9.62
2025-11-22,SKU023,12.86
2025-11-22,SKU024,12.64
2025-11-22,SKU025,9.06
2025-11-22,SKU026,9.94
2025-11-22,SKU027,9.59
2025-11-22,SKU028,9.43
2025-11-22,SKU029,9.57
2025-11-22,SKU030,11.64
2025-11-22,SKU031,10.17
2025-11-22,SKU032,9.49
2025-11-22,SKU033,9.49
2025-11-22,SKU034,8.94
2025-11-22,SKU035,10.14
2025-11-22,SKU036,8.97
2025-11-22,SKU037,10.77
2025-11-22,SKU038,9.71
2025-11-22,SKU039,8.83
2025-11-22,SKU040,9.13
2025-11-22,SKU041,9.08
2025-11-22,SKU042,9.75
2025-11-22,SKU043,9.52
2025-11-22,SKU044,9.54
2025-11-22,SKU045,9.44
2025-11-22,SKU046,9.49
2025-11-22,SKU047,9.42
2025-11-22,SKU048,9.42
2025-11-22,SKU049,8.96
2025-11-22,SKU050,8.61
2025-11-23,SKU001,9.8
2025-11-23,SKU002,10.09
2025-11-23,SKU003,8.53
2025-11-23,SKU004,8.67
2025-11-23,SKU005,7.88
2025-11-23,SKU006,8.58
2025-11-23,SKU007,8.01
2025-11-23,SKU008,9.96
2025-11-23,SKU009,9.44
2025-11-23,SKU010,7.31
2025-11-23,SKU011,8.94
2025-11-23,SKU012,9.38
2025-11-23,SKU013,9.23
2025-11-23,SKU014,9.25
2025-11-23,SKU015,9.38
2025-11-23,SKU016,10.31
2025-11-23,SKU017,8.85
2025-11-23,SKU018,8.77
2025-11-23,SKU019,8.76
2025-11-23,SKU020,9.02
2025-11-23,SKU021,8.8
2025-11-23,SKU022,10.55
2025-11-23,SKU023,10.42
2025-11-23,SKU024,9.38
2025-11-23,SKU025,10.07
2025-11-23,SKU026,9.34
2025-11-23,SKU027,9.69
2025-11-23,SKU028,9.93
2025-11-23,SKU029,10.11
2025-11-23,SKU030,9.75
2025-11-23,SKU031,9.16
2025-11-23,SKU032,7.83
2025-11-23,SKU033,7.8
2025-11-23,SKU034,7.54
2025-11-23,SKU035,7.85
2025-11-23,SKU036,8.75
2025-11-23,SKU037,9.54
2025-11-23,SKU038,8.98
2025-11-23,SKU039,7.56
2025-11-23,SKU040,8.02
2025-11-23,SKU041,9.06
2025-11-23,SKU042,8.85
2025-11-23,SKU043,9.54
2025-11-23,SKU044,10.16
2025-11-23,SKU045,8.25
2025-11-23,SKU046,7.49
2025-11-23,SKU047,6.76
2025-11-23,SKU048,6.8
2025-11-23,SKU049,7.45
2025-11-23,SKU050,7.35
2025-11-24,SKU001,8.25
2025-11-24,SKU002,7.32
2025-11-24,SKU003,6.96
2025-11-24,SKU004,6.63
2025-11-24,SKU005,7.29
2025-11-24,SKU006,6.91
2025-11-24,SKU007,8.86
2025-11-24,SKU008,7.98
2025-11-24,SKU009,7.56
2025-11-24,SKU010,8.68
2025-11-24,SKU011,8.29
2025-11-24,SKU012,8.6
2025-11-24,SKU013,7.7
2025-11-24,SKU014,8.48
2025-11-24,SKU015,8.44
2025-11-24,SKU016,7.26
2025-11-24,SKU017,7.01
2025-11-24,SKU018,7.37
2025-11-24,SKU019,6.25
2025-11-24,SKU020,7.5
2025-11-24,SKU021,8.61
2025-11-24,SKU022,9.13
2025-11-24,SKU023,7.57
2025-11-24,SKU024,7.43
2025-11-24,SKU025,7.68
2025-11-24,SKU026,7.63
2025-11-24,SKU027,7.62
2025-11-24,SKU028,9.03
2025-11-24,SKU029,8.96
2025-11-24,SKU030,7.72
2025-11-24,SKU031,7.56
2025-11-24,SKU032,7.57
2025-11-24,SKU033,8.03
2025-11-24,SKU034,7.73
2025-11-24,SKU035,9.38
2025-11-24,SKU036,8.51
2025-11-24,SKU037,8.39
2025-11-24,SKU038,7.85
2025-11-24,SKU039,7.33
2025-11-24,SKU040,7.15
2025-11-24,SKU041,8.15
2025-11-24,SKU042,8.39
2025-11-24,SKU043,8.82
2025-11-24,SKU044,7.25
2025-11-24,SKU045,7.52
2025-11-24,SKU046,7.01
2025-11-24,SKU047,8.8
2025-11-24,SKU048,7.87
2025-11-24,SKU049,8.63
2025-11-24,SKU050,8.76
2025-11-25,SKU001,6.78
2025-11-25,SKU002,7.04
2025-11-25,SKU003,7.6
2025-11-25,SKU004,6.93
2025-11-25,SKU005,7.5
2025-11-25,SKU006,8.34
2025-11-25,SKU007,8.84
2025-11-25,SKU008,8.25
2025-11-25,SKU009,9.22
2025-11-25,SKU010,8.82
2025-11-25,SKU011,9.03
2025-11-25,SKU012,8.74
2025-11-25,SKU013,8.65
2025-11-25,SKU014,8.52
2025-11-25,SKU015,7.45
2025-11-25,SKU016,7.35
2025-11-25,SKU017,8.23
2025-11-25,SKU018,9.0
2025-11-25,SKU019,9.12
2025-11-25,SKU020,8.37
2025-11-25,SKU021,8.62
2025-11-25,SKU022,9.12
2025-11-25,SKU023,7.83
2025-11-25,SKU024,7.98
2025-11-25,SKU025,7.87
2025-11-25,SKU026,8.5
2025-11-25,SKU027,8.58
2025-11-25,SKU028,9.0
2025-11-25,SKU029,9.16
2025-11-25,SKU030,9.44
2025-11-25,SKU031,8.86
2025-11-25,SKU032,8.89
2025-11-25,SKU033,8.01
2025-11-25,SKU034,8.0
2025-11-25,SKU035,8.88
2025-11-25,SKU036,6.99
2025-11-25,SKU037,7.48
2025-11-25,SKU038,7.64
2025-11-25,SKU039,7.23
2025-11-25,SKU040,8.37
2025-11-25,SKU041,8.12
2025-11-25,SKU042,7.39
2025-11-25,SKU043,8.07
2025-11-25,SKU044,7.56
2025-11-25,SKU045,6.67
2025-11-25,SKU046,6.55
2025-11-25,SKU047,6.59
2025-11-25,SKU048,8.48
2025-11-25,SKU049,9.51
2025-11-25,SKU050,7.51
2025-11-26,SKU001,8.05
2025-11-26,SKU002,7.08
2025-11-26,SKU003,7.82
2025-11-26,SKU004,7.91
2025-11-26,SKU005,9.03
2025-11-26,SKU006,8.7
2025-11-26,SKU007,8.1
2025-11-26,SKU008,8.16
2025-11-26,SKU009,7.39
2025-11-26,SKU010,7.39
2025-11-26,SKU011,8.15
2025-11-26,SKU012,10.96
2025-11-26,SKU013,10.58
2025-11-26,SKU014,9.78
2025-11-26,SKU015,9.49
2025-11-26,SKU016,9.71
2025-11-26,SKU017,9.37
2025-11-26,SKU018,10.02
2025-11-26,SKU019,11.17
2025-11-26,SKU020,12.18
2025-11-26,SKU021,9.87
2025-11-26,SKU022,10.2
2025-11-26,SKU023,10.39
2025-11-26,SKU024,10.93
2025-11-26,SKU025,11.26
2025-11-26,SKU026,11.41
2025-11-26,SKU027,11.65
2025-11-26,SKU028,10.2
2025-11-26,SKU029,10.62
2025-11-26,SKU030,10.46
2025-11-26,SKU031,10.5
2025-11-26,SKU032,10.11
2025-11-26,SKU033,10.91
2025-11-26,SKU034,11.02
2025-11-26,SKU035,9.68
2025-11-26,SKU036,9.41
2025-11-26,SKU037,9.14
2025-11-26,SKU038,9.44
2025-11-26,SKU039,9.47
2025-11-26,SKU040,9.94
2025-11-26,SKU041,11.0
2025-11-26,SKU042,8.92
2025-11-26,SKU043,9.13
2025-11-26,SKU044,9.32
2025-11-26,SKU045,9.41
2025-11-26,SKU046,9.35
2025-11-26,SKU047,10.27
2025-11-26,SKU048,9.09
2025-11-26,SKU049,7.79
2025-11-26,SKU050,8.73
2025-11-27,SKU001,7.77
2025-11-27,SKU002,8.57
2025-11-27,SKU003,8.69
2025-11-27,SKU004,10.82
2025-11-27,SKU005,11.99
2025-11-27,SKU006,9.49
2025-11-27,SKU007,9.95
2025-11-27,SKU008,10.67
2025-11-27,SKU009,9.61
2025-11-27,SKU010,10.53
2025-11-27,SKU011,11.94
2025-11-27,SKU012,11.53
2025-11-27,SKU013,9.79
2025-11-27,SKU014,9.84
2025-11-27,SKU015,9.57
2025-11-27,SKU016,10.03
2025-11-27,SKU017,9.68
2025-11-27,SKU018,12.71
2025-11-27,SKU019,13.31
2025-11-27,SKU020,9.93
2025-11-27,SKU021,9.56
2025-11-27,SKU022,9.86
2025-11-27,SKU023,10.07
2025-11-27,SKU024,10.05
2025-11-27,SKU025,13.87
2025-11-27,SKU026,14.26
2025-11-27,SKU027,9.93
2025-11-27,SKU028,9.83
2025-11-27,SKU029,9.89
2025-11-27,SKU030,9.53
2025-11-27,SKU031,10.07
2025-11-27,SKU032,13.17
2025-11-27,SKU033,13.43
2025-11-27,SKU034,10.04
2025-11-27,SKU035,10.88
2025-11-27,SKU036,10.89
2025-11-27,SKU037,10.57
2025-11-27,SKU038,10.55
2025-11-27,SKU039,13.98
2025-11-27,SKU040,13.49
2025-11-27,SKU041,10.01
2025-11-27,SKU042,10.15
2025-11-27,SKU043,10.38
2025-11-27,SKU044,10.59
2025-11-27,SKU045,10.02
2025-11-27,SKU046,14.12
2025-11-27,SKU047,14.34
2025-11-27,SKU048,10.43
2025-11-27,SKU049,10.44
2025-11-27,SKU050,11.01
2025-11-28,SKU001,11.55
2025-11-28,SKU002,11.45
2025-11-28,SKU003,14.31
2025-11-28,SKU004,14.12
2025-11-28,SKU005,10.69
2025-11-28,SKU006,10.1
2025-11-28,SKU007,10.52
2025-11-28,SKU008,10.74
2025-11-28,SKU009,10.49
2025-11-28,SKU010,14.08
2025-11-28,SKU011,14.68
2025-11-28,SKU012,10.28
2025-11-28,SKU013,10.1
2025-11-28,SKU014,10.27
2025-11-28,SKU015,11.07
2025-11-28,SKU016,10.87
2025-11-28,SKU017,12.25
2025-11-28,SKU018,13.61
2025-11-28,SKU019,10.37
2025-11-28,SKU020,10.83
2025-11-28,SKU021,10.4
2025-11-28,SKU022,10.52
2025-11-28,SKU023,10.81
2025-11-28,SKU024,14.06
2025-11-28,SKU025,14.33
2025-11-28,SKU026,9.93
2025-11-28,SKU027,10.79
2025-11-28,SKU028,10.59
2025-11-28,SKU029,10.78
2025-11-28,SKU030,10.1
2025-11-28,SKU031,12.81
2025-11-28,SKU032,14.4
2025-11-28,SKU033,9.66
2025-11-28,SKU034,9.88
2025-11-28,SKU035,10.27
2025-11-28,SKU036,10.64
2025-11-28,SKU037,10.06
2025-11-28,SKU038,13.99
2025-11-28,SKU039,14.14
2025-11-28,SKU040,10.06
2025-11-28,SKU041,10.09
2025-11-28,SKU042,9.71
2025-11-28,SKU043,9.67
2025-11-28,SKU044,9.84
2025-11-28,SKU045,13.35
2025-11-28,SKU046,13.64
2025-11-28,SKU047,9.68
2025-11-28,SKU048,10.19
2025-11-28,SKU049,10.53
2025-11-28,SKU050,10.09
2025-11-29,SKU001,9.97
2025-11-29,SKU002,13.5
2025-11-29,SKU003,13.99
2025-11-29,SKU004,9.87
2025-11-29,SKU005,9.39
2025-11-29,SKU006,8.86
2025-11-29,SKU007,9.37
2025-11-29,SKU008,8.69
2025-11-29,SKU009,13.19
2025-11-29,SKU010,11.96
2025-11-29,SKU011,9.57
2025-11-29,SKU012,9.63
2025-11-29,SKU013,8.93
2025-11-29,SKU014,9.61
2025-11-29,SKU015,9.32
2025-11-29,SKU016,13.5
2025-11-29,SKU017,14.2
2025-11-29,SKU018,9.75
2025-11-29,SKU019,9.7
2025-11-29,SKU020,10.15
2025-11-29,SKU021,10.12
2025-11-29,SKU022,9.71
2025-11-29,SKU023,14.12
2025-11-29,SKU024,13.11
2025-11-29,SKU025,9.7
2025-11-29,SKU026,9.94
2025-11-29,SKU027,9.27
2025-11-29,SKU028,10.1
2025-11-29,SKU029,10.09
2025-11-29,SKU030,11.07
2025-11-29,SKU031,11.31
2025-11-29,SKU032,9.18
2025-11-29,SKU033,9.38
2025-11-29,SKU034,9.44
2025-11-29,SKU035,9.47
2025-11-29,SKU036,9.3
2025-11-29,SKU037,9.59
2025-11-29,SKU038,10.06
2025-11-29,SKU039,9.06
2025-11-29,SKU040,9.3
2025-11-29,SKU041,8.98
2025-11-29,SKU042,9.02
2025-11-29,SKU043,9.22
2025-11-29,SKU044,10.7
2025-11-29,SKU045,9.62
2025-11-29,SKU046,9.01
2025-11-29,SKU047,7.53
2025-11-29,SKU048,7.46
2025-11-29,SKU049,8.09
2025-11-29,SKU050,7.86
2025-11-30,SKU001,8.74
2025-11-30,SKU002,8.63
2025-11-30,SKU003,7.0
2025-11-30,SKU004,7.09
2025-11-30,SKU005,6.93
2025-11-30,SKU006,7.13
2025-11-30,SKU007,7.04
2025-11-30,SKU008,9.2
2025-11-30,SKU009,8.81
2025-11-30,SKU010,6.99
2025-11-30,SKU011,6.44
2025-11-30,SKU012,7.01
2025-11-30,SKU013,7.3
2025-11-30,SKU014,7.78
2025-11-30,SKU015,7.49
2025-11-30,SKU016,7.96
2025-11-30,SKU017,7.24
2025-11-30,SKU018,7.87
2025-11-30,SKU019,6.83
2025-11-30,SKU020,7.75
2025-11-30,SKU021,6.51
2025-11-30,SKU022,7.82
2025-11-30,SKU023,7.96
2025-11-30,SKU024,6.6
2025-11-30,SKU025,6.32
2025-11-30,SKU026,7.11
2025-11-30,SKU027,6.75
2025-11-30,SKU028,7.03
2025-11-30,SKU029,7.96
2025-11-30,SKU030,7.73
2025-11-30,SKU031,6.71
2025-11-30,SKU032,6.66
2025-11-30,SKU033,6.29
2025-11-30,SKU034,6.86
2025-11-30,SKU035,6.68
2025-11-30,SKU036,8.25
2025-11-30,SKU037,8.49
2025-11-30,SKU038,6.32
2025-11-30,SKU039,6.57
2025-11-30,SKU040,6.76
2025-11-30,SKU041,6.58
2025-11-30,SKU042,7.03
2025-11-30,SKU043,9.0
2025-11-30,SKU044,8.83
2025-11-30,SKU045,6.92
2025-11-30,SKU046,6.97
2025-11-30,SKU047,7.13
2025-11-30,SKU048,7.63
2025-11-30,SKU049,7.51
2025-11-30,SKU050,9.51
2025-12-01,SKU001,8.88
2025-12-01,SKU002,7.33
2025-12-01,SKU003,7.87
2025-12-01,SKU004,7.35
2025-12-01,SKU005,8.94
2025-12-01,SKU006,8.83
2025-12-01,SKU007,9.92
2025-12-01,SKU008,10.59
2025-12-01,SKU009,8.99
2025-12-01,SKU010,8.74
2025-12-01,SKU011,9.03
2025-12-01,SKU012,8.73
2025-12-01,SKU013,8.05
2025-12-01,SKU014,8.78
2025-12-01,SKU015,8.16
2025-12-01,SKU016,7.8
2025-12-01,SKU017,7.2
2025-12-01,SKU018,7.84
2025-12-01,SKU019,8.17
2025-12-01,SKU020,8.19
2025-12-01,SKU021,7.72
2025-12-01,SKU022,8.48
2025-12-01,SKU023,7.47
2025-12-01,SKU024,6.93
2025-12-01,SKU025,8.06
2025-12-01,SKU026,7.46
2025-12-01,SKU027,7.66
2025-12-01,SKU028,8.59
2025-12-01,SKU029,7.94
2025-12-01,SKU030,7.13
2025-12-01,SKU031,7.43
2025-12-01,SKU032,7.26
2025-12-01,SKU033,7.26
2025-12-01,SKU034,7.33
2025-12-01,SKU035,9.14
2025-12-01,SKU036,8.99
2025-12-01,SKU037,7.4
2025-12-01,SKU038,7.77
2025-12-01,SKU039,7.11
2025-12-01,SKU040,6.6
2025-12-01,SKU041,6.69
2025-12-01,SKU042,8.37
2025-12-01,SKU043,8.44
2025-12-01,SKU044,6.01
2025-12-01,SKU045,6.01
2025-12-01,SKU046,6.71
2025-12-01,SKU047,6.48
2025-12-01,SKU048,6.52
2025-12-01,SKU049,9.09
2025-12-01,SKU050,7.83
2025-12-02,SKU001,7.5
2025-12-02,SKU002,7.73
2025-12-02,SKU003,7.64
2025-12-02,SKU004,7.31
2025-12-02,SKU005,7.29
2025-12-02,SKU006,8.57
2025-12-02,SKU007,8.21
2025-12-02,SKU008,6.93
2025-12-02,SKU009,6.8
2025-12-02,SKU010,6.85
2025-12-02,SKU011,6.75
2025-12-02,SKU012,6.8
2025-12-02,SKU013,8.68
2025-12-02,SKU014,8.52
2025-12-02,SKU015,7.65
2025-12-02,SKU016,7.27
2025-12-02,SKU017,7.75
2025-12-02,SKU018,8.39
2025-12-02,SKU019,8.75
2025-12-02,SKU020,9.84
2025-12-02,SKU021,9.99
2025-12-02,SKU022,8.95
2025-12-02,SKU023,9.06
2025-12-02,SKU024,9.21
2025-12-02,SKU025,7.73
2025-12-02,SKU026,7.49
2025-12-02,SKU027,8.69
2025-12-02,SKU028,7.89
2025-12-02,SKU029,7.45
2025-12-02,SKU030,6.85
2025-12-02,SKU031,7.01
2025-12-02,SKU032,6.92
2025-12-02,SKU033,7.43
2025-12-02,SKU034,7.8
2025-12-02,SKU035,7.88
2025-12-02,SKU036,7.53
2025-12-02,SKU037,7.06
2025-12-02,SKU038,6.9
2025-12-02,SKU039,7.6
2025-12-02,SKU040,7.18
2025-12-02,SKU041,8.41
2025-12-02,SKU042,8.14
2025-12-02,SKU043,7.66
2025-12-02,SKU044,8.34
2025-12-02,SKU045,7.65
2025-12-02,SKU046,7.64
2025-12-02,SKU047,8.05
2025-12-02,SKU048,8.57
2025-12-02,SKU049,8.95
2025-12-02,SKU050,7.54
2025-12-03,SKU001,8.17
2025-12-03,SKU002,9.03
2025-12-03,SKU003,21.74
2025-12-03,SKU004,25.57
2025-12-03,SKU005,27.04
2025-12-03,SKU006,23.36
2025-12-03,SKU007,23.22
2025-12-03,SKU008,25.35
2025-12-03,SKU009,26.79
2025-12-03,SKU010,23.29
2025-12-03,SKU011,23.68
2025-12-03,SKU012,23.72
2025-12-03,SKU013,22.37
2025-12-03,SKU014,22.67
2025-12-03,SKU015,27.39
2025-12-03,SKU016,26.2
2025-12-03,SKU017,23.13
2025-12-03,SKU018,23.91
2025-12-03,SKU019,23.21
2025-12-03,SKU020,23.54
2025-12-03,SKU021,22.61
2025-12-03,SKU022,27.56
2025-12-03,SKU023,26.97
2025-12-03,SKU024,24.05
2025-12-03,SKU025,24.29
2025-12-03,SKU026,23.39
2025-12-03,SKU027,24.37
2025-12-03,SKU028,23.87
2025-12-03,SKU029,28.07
2025-12-03,SKU030,28.18
2025-12-03,SKU031,23.91
2025-12-03,SKU032,23.83
2025-12-03,SKU033,24.86
2025-12-03,SKU034,24.42
2025-12-03,SKU035,24.28
2025-12-03,SKU036,29.9
2025-12-03,SKU037,28.79
2025-12-03,SKU038,22.87
2025-12-03,SKU039,23.1
2025-12-03,SKU040,23.87
2025-12-03,SKU041,24.95
2025-12-03,SKU042,26.2
2025-12-03,SKU043,28.2
2025-12-03,SKU044,30.11
2025-12-03,SKU045,25.15
2025-12-03,SKU046,25.25
2025-12-03,SKU047,25.0
2025-12-03,SKU048,25.76
2025-12-03,SKU049,25.89
2025-12-03,SKU050,30.53
2025-12-04,SKU001,31.3
2025-12-04,SKU002,26.14
2025-12-04,SKU003,25.73
2025-12-04,SKU004,26.99
2025-12-04,SKU005,27.14
2025-12-04,SKU006,27.14
2025-12-04,SKU007,33.17
2025-12-04,SKU008,33.68
2025-12-04,SKU009,26.57
2025-12-04,SKU010,25.21
2025-12-04,SKU011,25.6
2025-12-04,SKU012,25.27
2025-12-04,SKU013,24.78
2025-12-04,SKU014,35.73
2025-12-04,SKU015,37.07
2025-12-04,SKU016,26.95
2025-12-04,SKU017,26.9
2025-12-04,SKU018,26.75
2025-12-04,SKU019,27.6
2025-12-04,SKU020,26.98
2025-12-04,SKU021,36.86
2025-12-04,SKU022,35.01
2025-12-04,SKU023,27.48
2025-12-04,SKU024,26.23
2025-12-04,SKU025,26.99
2025-12-04,SKU026,27.4
2025-12-04,SKU027,27.04
2025-12-04,SKU028,34.2
2025-12-04,SKU029,35.75
2025-12-04,SKU030,26.55
2025-12-04,SKU031,27.41
2025-12-04,SKU032,27.59
2025-12-04,SKU033,27.71
2025-12-04,SKU034,26.05
2025-12-04,SKU035,37.26
2025-12-04,SKU036,34.07
2025-12-04,SKU037,26.47
2025-12-04,SKU038,26.88
2025-12-04,SKU039,27.05
2025-12-04,SKU040,26.66
2025-12-04,SKU041,25.86
2025-12-04,SKU042,35.78
2025-12-04,SKU043,35.17
2025-12-04,SKU044,28.2
2025-12-04,SKU045,28.08
2025-12-04,SKU046,27.98
2025-12-04,SKU047,26.92
2025-12-04,SKU048,26.49
2025-12-04,SKU049,32.79
2025-12-04,SKU050,32.65
2025-12-05,SKU001,28.51
2025-12-05,SKU002,28.54
2025-12-05,SKU003,28.43
2025-12-05,SKU004,27.76
2025-12-05,SKU005,27.89
2025-12-05,SKU006,31.58
2025-12-05,SKU007,31.55
2025-12-05,SKU008,26.96
2025-12-05,SKU009,27.18
2025-12-05,SKU010,26.18
2025-12-05,SKU011,26.45
2025-12-05,SKU012,27.0
2025-12-05,SKU013,31.63
2025-12-05,SKU014,32.2
2025-12-05,SKU015,27.0
2025-12-05,SKU016,27.5
2025-12-05,SKU017,26.85
2025-12-05,SKU018,27.21
2025-12-05,SKU019,26.23
2025-12-05,SKU020,32.29
2025-12-05,SKU021,33.25
2025-12-05,SKU022,26.88
2025-12-05,SKU023,26.91
2025-12-05,SKU024,27.96
2025-12-05,SKU025,27.61
2025-12-05,SKU026,26.54
2025-12-05,SKU027,32.53
2025-12-05,SKU028,32.1
2025-12-05,SKU029,28.41
2025-12-05,SKU030,27.86
2025-12-05,SKU031,27.89
2025-12-05,SKU032,27.54
2025-12-05,SKU033,27.68
2025-12-05,SKU034,31.62
2025-12-05,SKU035,31.57
2025-12-05,SKU036,27.14
2025-12-05,SKU037,27.4
2025-12-05,SKU038,28.02
2025-12-05,SKU039,26.74
2025-12-05,SKU040,26.65
2025-12-05,SKU041,33.03
2025-12-05,SKU042,33.53
2025-12-05,SKU043,26.64
2025-12-05,SKU044,26.39
2025-12-05,SKU045,27.45
2025-12-05,SKU046,26.51
2025-12-05,SKU047,26.29
2025-12-05,SKU048,33.24
2025-12-05,SKU049,34.07
2025-12-05,SKU050,25.22
2025-12-06,SKU001,24.59
2025-12-06,SKU002,25.91
2025-12-06,SKU003,25.21
2025-12-06,SKU004,25.05
2025-12-06,SKU005,33.9
2025-12-06,SKU006,35.14
2025-12-06,SKU007,23.07
2025-12-06,SKU008,23.26
2025-12-06,SKU009,25.36
2025-12-06,SKU010,23.59
2025-12-06,SKU011,24.46
2025-12-06,SKU012,35.81
2025-12-06,SKU013,35.93
2025-12-06,SKU014,23.38
2025-12-06,SKU015,23.78
2025-12-06,SKU016,23.58
2025-12-06,SKU017,23.83
2025-12-06,SKU018,23.48
2025-12-06,SKU019,35.22
2025-12-06,SKU020,35.72
2025-12-06,SKU021,22.66
2025-12-06,SKU022,22.37
2025-12-06,SKU023,23.24
2025-12-06,SKU024,22.87
2025-12-06,SKU025,23.03
2025-12-06,SKU026,35.84
2025-12-06,SKU027,35.43
2025-12-06,SKU028,21.05
2025-12-06,SKU029,21.37
2025-12-06,SKU030,21.98
2025-12-06,SKU031,22.52
2025-12-06,SKU032,21.57
2025-12-06,SKU033,29.07
2025-12-06,SKU034,28.63
2025-12-06,SKU035,21.68
2025-12-06,SKU036,21.86
2025-12-06,SKU037,21.8
2025-12-06,SKU038,22.02
2025-12-06,SKU039,21.63
2025-12-06,SKU040,29.98
2025-12-06,SKU041,27.81
2025-12-06,SKU042,22.73
2025-12-06,SKU043,22.48
2025-12-06,SKU044,22.5
2025-12-06,SKU045,22.97
2025-12-06,SKU046,22.53
2025-12-06,SKU047,24.63
2025-12-06,SKU048,24.7
2025-12-06,SKU049,21.26
2025-12-06,SKU050,21.7
2025-12-07,SKU001,22.65
2025-12-07,SKU002,22.43
2025-12-07,SKU003,22.41
2025-12-07,SKU004,25.51
2025-12-07,SKU005,24.99
2025-12-07,SKU006,22.43
2025-12-07,SKU007,22.09
2025-12-07,SKU008,20.69
2025-12-07,SKU009,21.14
2025-12-07,SKU010,20.69
2025-12-07,SKU011,24.78
2025-12-07,SKU012,24.77
2025-12-07,SKU013,20.08
2025-12-07,SKU014,20.13
2025-12-07,SKU015,21.42
2025-12-07,SKU016,20.38
2025-12-07,SKU017,20.45
2025-12-07,SKU018,25.35
2025-12-07,SKU019,25.4
2025-12-07,SKU020,20.05
2025-12-07,SKU021,20.95
2025-12-07,SKU022,21.24
2025-12-07,SKU023,20.8
2025-12-07,SKU024,21.21
2025-12-07,SKU025,24.68
2025-12-07,SKU026,24.68
2025-12-07,SKU027,21.29
2025-12-07,SKU028,19.87
2025-12-07,SKU029,21.83
2025-12-07,SKU030,21.56
2025-12-07,SKU031,20.83
2025-12-07,SKU032,24.95
2025-12-07,SKU033,24.95
2025-12-07,SKU034,20.61
2025-12-07,SKU035,20.03
2025-12-07,SKU036,20.92
2025-12-07,SKU037,20.18
2025-12-07,SKU038,21.25
2025-12-07,SKU039,24.51
2025-12-07,SKU040,23.91
2025-12-07,SKU041,20.82
2025-12-07,SKU042,21.08
2025-12-07,SKU043,21.4
2025-12-07,SKU044,19.74
2025-12-07,SKU045,19.77
2025-12-07,SKU046,25.68
2025-12-07,SKU047,26.24
2025-12-07,SKU048,19.84
2025-12-07,SKU049,19.6
2025-12-07,SKU050,20.1
2025-12-08,SKU001,19.37
2025-12-08,SKU002,19.65
2025-12-08,SKU003,27.04
2025-12-08,SKU004,26.94
2025-12-08,SKU005,20.17
2025-12-08,SKU006,20.21
2025-12-08,SKU007,19.44
2025-12-08,SKU008,19.6
2025-12-08,SKU009,19.7
2025-12-08,SKU010,27.03
2025-12-08,SKU011,27.54
2025-12-08,SKU012,20.52
2025-12-08,SKU013,19.81
2025-12-08,SKU014,18.88
2025-12-08,SKU015,19.5
2025-12-08,SKU016,19.69
2025-12-08,SKU017,25.89
2025-12-08,SKU018,27.15
2025-12-08,SKU019,21.81
2025-12-08,SKU020,20.41
2025-12-08,SKU021,20.45
2025-12-08,SKU022,19.73
2025-12-08,SKU023,19.99
2025-12-08,SKU024,23.51
2025-12-08,SKU025,23.23
2025-12-08,SKU026,19.74
2025-12-08,SKU027,20.45
2025-12-08,SKU028,20.72
2025-12-08,SKU029,20.23
2025-12-08,SKU030,20.52
2025-12-08,SKU031,25.08
2025-12-08,SKU032,26.42
2025-12-08,SKU033,19.27
2025-12-08,SKU034,20.18
2025-12-08,SKU035,20.23
2025-12-08,SKU036,20.04
2025-12-08,SKU037,20.12
2025-12-08,SKU038,22.26
2025-12-08,SKU039,22.42
2025-12-08,SKU040,21.87
2025-12-08,SKU041,22.48
2025-12-08,SKU042,21.09
2025-12-08,SKU043,20.27
2025-12-08,SKU044,20.24
2025-12-08,SKU045,22.82
2025-12-08,SKU046,21.79
2025-12-08,SKU047,20.07
2025-12-08,SKU048,20.12
2025-12-08,SKU049,20.13
2025-12-08,SKU050,20.32
2025-12-09,SKU001,20.85
2025-12-09,SKU002,24.13
2025-12-09,SKU003,24.22
2025-12-09,SKU004,20.36
2025-12-09,SKU005,19.75
2025-12-09,SKU006,20.41
2025-12-09,SKU007,18.41
2025-12-09,SKU008,18.26
2025-12-09,SKU009,27.38
2025-12-09,SKU010,26.8
2025-12-09,SKU011,19.87
2025-12-09,SKU012,20.19
2025-12-09,SKU013,19.75
2025-12-09,SKU014,19.54
2025-12-09,SKU015,19.88
2025-12-09,SKU016,26.79
2025-12-09,SKU017,26.17
2025-12-09,SKU018,20.49
2025-12-09,SKU019,20.02
2025-12-09,SKU020,19.7
2025-12-09,SKU021,19.48
2025-12-09,SKU022,19.63
2025-12-09,SKU023,27.05
2025-12-09,SKU024,26.99
2025-12-09,SKU025,20.53
2025-12-09,SKU026,20.57
2025-12-09,SKU027,21.03
2025-12-09,SKU028,20.09
2025-12-09,SKU029,19.95
2025-12-09,SKU030,27.14
2025-12-09,SKU031,24.5
2025-12-09,SKU032,19.41
2025-12-09,SKU033,20.24
2025-12-09,SKU034,19.5
2025-12-09,SKU035,20.03
2025-12-09,SKU036,19.83
2025-12-09,SKU037,26.01
2025-12-09,SKU038,23.62
2025-12-09,SKU039,22.21
2025-12-09,SKU040,22.3
2025-12-09,SKU041,22.84
2025-12-09,SKU042,22.56
2025-12-09,SKU043,23.07
2025-12-09,SKU044,23.59
2025-12-09,SKU045,24.13
2025-12-09,SKU046,20.82
2025-12-09,SKU047,21.7
2025-12-09,SKU048,21.96
2025-12-09,SKU049,22.01
2025-12-09,SKU050,21.7
2025-12-10,SKU001,23.37
2025-12-10,SKU002,23.62
2025-12-10,SKU003,21.96
2025-12-10,SKU004,22.49
2025-12-10,SKU005,21.75
2025-12-10,SKU006,21.76
2025-12-10,SKU007,21.67
2025-12-10,SKU008,23.82
2025-12-10,SKU009,23.51
2025-12-10,SKU010,22.0
2025-12-10,SKU011,23.18
2025-12-10,SKU012,20.71
2025-12-10,SKU013,21.23
2025-12-10,SKU014,21.79
2025-12-10,SKU015,25.14
2025-12-10,SKU016,25.81
2025-12-10,SKU017,21.71
2025-12-10,SKU018,22.58
2025-12-10,SKU019,21.87
2025-12-10,SKU020,21.81
2025-12-10,SKU021,22.52
2025-12-10,SKU022,25.96
2025-12-10,SKU023,26.55
2025-12-10,SKU024,21.96
2025-12-10,SKU025,23.35
2025-12-10,SKU026,22.84
2025-12-10,SKU027,23.15
2025-12-10,SKU028,22.59
2025-12-10,SKU029,26.3
2025-12-10,SKU030,28.42
2025-12-10,SKU031,24.05
2025-12-10,SKU032,23.91
2025-12-10,SKU033,24.38
2025-12-10,SKU034,24.09
2025-12-10,SKU035,23.65
2025-12-10,SKU036,27.32
2025-12-10,SKU037,26.46
2025-12-10,SKU038,25.14
2025-12-10,SKU039,23.81
2025-12-10,SKU040,23.74
2025-12-10,SKU041,23.74
2025-12-10,SKU042,23.67
2025-12-10,SKU043,30.25
2025-12-10,SKU044,30.55
2025-12-10,SKU045,23.78
2025-12-10,SKU046,24.6
2025-12-10,SKU047,23.87
2025-12-10,SKU048,24.05
2025-12-10,SKU049,23.94
2025-12-10,SKU050,28.6
2025-12-11,SKU001,26.52
2025-12-11,SKU002,24.12
2025-12-11,SKU003,23.63
2025-12-11,SKU004,23.13
2025-12-11,SKU005,24.11
2025-12-11,SKU006,24.33
2025-12-11,SKU007,28.5
2025-12-11,SKU008,28.88
2025-12-11,SKU009,23.98
2025-12-11,SKU010,24.32
2025-12-11,SKU011,24.16
2025-12-11,SKU012,23.94
2025-12-11,SKU013,23.2
2025-12-11,SKU014,30.43
2025-12-11,SKU015,30.45
2025-12-11,SKU016,23.17
2025-12-11,SKU017,23.61
2025-12-11,SKU018,23.54
2025-12-11,SKU019,23.45
2025-12-11,SKU020,23.44
2025-12-11,SKU021,32.36
2025-12-11,SKU022,33.15
2025-12-11,SKU023,24.82
2025-12-11,SKU024,25.74
2025-12-11,SKU025,26.02
2025-12-11,SKU026,27.29
2025-12-11,SKU027,26.75
2025-12-11,SKU028,36.63
2025-12-11,SKU029,37.61
2025-12-11,SKU030,27.26
2025-12-11,SKU031,27.23
2025-12-11,SKU032,27.85
2025-12-11,SKU033,27.47
2025-12-11,SKU034,27.14
2025-12-11,SKU035,37.84
2025-12-11,SKU036,38.32
2025-12-11,SKU037,27.19
2025-12-11,SKU038,27.34
2025-12-11,SKU039,27.24
2025-12-11,SKU040,27.08
2025-12-11,SKU041,26.08
2025-12-11,SKU042,34.87
2025-12-11,SKU043,34.68
2025-12-11,SKU044,26.95
2025-12-11,SKU045,27.22
2025-12-11,SKU046,26.77
2025-12-11,SKU047,26.95
2025-12-11,SKU048,25.84
2025-12-11,SKU049,36.3
2025-12-11,SKU050,34.77
2025-12-12,SKU001,27.74
2025-12-12,SKU002,27.74
2025-12-12,SKU003,26.74
2025-12-12,SKU004,26.74
2025-12-12,SKU005,25.97
2025-12-12,SKU006,36.0
2025-12-12,SKU007,35.92
2025-12-12,SKU008,26.94
2025-12-12,SKU009,27.19
2025-12-12,SKU010,28.76
2025-12-12,SKU011,27.54
2025-12-12,SKU012,27.43
2025-12-12,SKU013,30.96
2025-12-12,SKU014,31.26
2025-12-12,SKU015,28.09
2025-12-12,SKU016,29.1
2025-12-12,SKU017,28.79
2025-12-12,SKU018,27.84
2025-12-12,SKU019,28.08
2025-12-12,SKU020,31.59
2025-12-12,SKU021,33.26
2025-12-12,SKU022,27.0
2025-12-12,SKU023,27.93
2025-12-12,SKU024,27.44
2025-12-12,SKU025,25.97
2025-12-12,SKU026,26.94
2025-12-12,SKU027,33.05
2025-12-12,SKU028,31.25
2025-12-12,SKU029,26.62
2025-12-12,SKU030,27.61
2025-12-12,SKU031,27.8
2025-12-12,SKU032,26.7
2025-12-12,SKU033,27.84
2025-12-12,SKU034,32.28
2025-12-12,SKU035,32.39
2025-12-12,SKU036,26.82
2025-12-12,SKU037,26.76
2025-12-12,SKU038,27.11
2025-12-12,SKU039,27.13
2025-12-12,SKU040,26.22
2025-12-12,SKU041,32.18
2025-12-12,SKU042,31.47
2025-12-12,SKU043,26.97
2025-12-12,SKU044,27.79
2025-12-12,SKU045,27.06
2025-12-12,SKU046,27.16
2025-12-12,SKU047,27.46
2025-12-12,SKU048,33.58
2025-12-12,SKU049,32.95
2025-12-12,SKU050,27.16
2025-12-13,SKU001,26.64
2025-12-13,SKU002,27.24
2025-12-13,SKU003,26.19
2025-12-13,SKU004,26.87
2025-12-13,SKU005,32.59
2025-12-13,SKU006,32.93
2025-12-13,SKU007,27.28
2025-12-13,SKU008,26.62
2025-12-13,SKU009,26.41
2025-12-13,SKU010,27.07
2025-12-13,SKU011,26.56
2025-12-13,SKU012,33.84
2025-12-13,SKU013,34.3
2025-12-13,SKU014,26.25
2025-12-13,SKU015,24.49
2025-12-13,SKU016,25.3
2025-12-13,SKU017,24.3
2025-12-13,SKU018,26.03
2025-12-13,SKU019,35.49
2025-12-13,SKU020,34.89
2025-12-13,SKU021,25.48
2025-12-13,SKU022,25.32
2025-12-13,SKU023,26.19
2025-12-13,SKU024,25.89
2025-12-13,SKU025,24.64
2025-12-13,SKU026,34.51
2025-12-13,SKU027,34.01
2025-12-13,SKU028,24.03
2025-12-13,SKU029,23.86
2025-12-13,SKU030,25.83
2025-12-13,SKU031,24.76
2025-12-13,SKU032,24.25
2025-12-13,SKU033,35.22
2025-12-13,SKU034,36.52
2025-12-13,SKU035,24.19
2025-12-13,SKU036,23.25
2025-12-13,SKU037,23.48
2025-12-13,SKU038,23.76
2025-12-13,SKU039,22.56
2025-12-13,SKU040,33.95
2025-12-13,SKU041,35.48
2025-12-13,SKU042,24.65
2025-12-13,SKU043,23.3
2025-12-13,SKU044,24.67
2025-12-13,SKU045,23.85
2025-12-13,SKU046,24.07
2025-12-13,SKU047,27.93
2025-12-13,SKU048,27.19
2025-12-13,SKU049,23.04
2025-12-13,SKU050,23.38
2025-12-14,SKU001,23.93
2025-12-14,SKU002,23.85
2025-12-14,SKU003,23.18
2025-12-14,SKU004,29.81
2025-12-14,SKU005,28.83
2025-12-14,SKU006,22.84
2025-12-14,SKU007,22.27
2025-12-14,SKU008,22.06
2025-12-14,SKU009,22.51
2025-12-14,SKU010,21.84
2025-12-14,SKU011,26.42
2025-12-14,SKU012,26.56
2025-12-14,SKU013,21.85
2025-12-14,SKU014,22.27
2025-12-14,SKU015,22.91
2025-12-14,SKU016,23.09
2025-12-14,SKU017,23.37
2025-12-14,SKU018,24.78
2025-12-14,SKU019,24.72
2025-12-14,SKU020,22.96
2025-12-14,SKU021,22.06
2025-12-14,SKU022,21.98
2025-12-14,SKU023,21.26
2025-12-14,SKU024,21.47
2025-12-14,SKU025,25.32
2025-12-14,SKU026,26.67
2025-12-14,SKU027,20.36
2025-12-14,SKU028,20.58
2025-12-14,SKU029,21.95
2025-12-14,SKU030,19.32
2025-12-14,SKU031,20.31
2025-12-14,SKU032,25.11
2025-12-14,SKU033,25.43
2025-12-14,SKU034,19.66
2025-12-14,SKU035,20.47
2025-12-14,SKU036,21.45
2025-12-14,SKU037,20.4
2025-12-14,SKU038,20.97
2025-12-14,SKU039,25.64
2025-12-14,SKU040,25.22
2025-12-14,SKU041,20.56
2025-12-14,SKU042,19.78
2025-12-14,SKU043,20.5
2025-12-14,SKU044,19.71
2025-12-14,SKU045,20.52
2025-12-14,SKU046,25.23
2025-12-14,SKU047,25.51
2025-12-14,SKU048,20.5
2025-12-14,SKU049,20.98
2025-12-14,SKU050,21.26
2025-12-15,SKU001,21.14
2025-12-15,SKU002,20.27
2025-12-15,SKU003,24.42
2025-12-15,SKU004,25.64
2025-12-15,SKU005,20.45
2025-12-15,SKU006,19.61
2025-12-15,SKU007,19.56
2025-12-15,SKU008,21.48
2025-12-15,SKU009,21.49
2025-12-15,SKU010,25.08
2025-12-15,SKU011,27.03
2025-12-15,SKU012,21.1
2025-12-15,SKU013,21.2
2025-12-15,SKU014,20.78
2025-12-15,SKU015,20.86
2025-12-15,SKU016,19.82
2025-12-15,SKU017,27.26
2025-12-15,SKU018,26.4
2025-12-15,SKU019,20.13
2025-12-15,SKU020,20.83
2025-12-15,SKU021,20.67
2025-12-15,SKU022,19.52
2025-12-15,SKU023,19.91
2025-12-15,SKU024,27.08
2025-12-15,SKU025,26.25
2025-12-15,SKU026,21.09
2025-12-15,SKU027,20.85
2025-12-15,SKU028,20.63
2025-12-15,SKU029,19.97
2025-12-15,SKU030,20.53
2025-12-15,SKU031,26.99
2025-12-15,SKU032,27.93
2025-12-15,SKU033,20.43
2025-12-15,SKU034,20.1
2025-12-15,SKU035,19.93
2025-12-15,SKU036,19.92
2025-12-15,SKU037,19.86
2025-12-15,SKU038,23.31
2025-12-15,SKU039,23.52
2025-12-15,SKU040,20.49
2025-12-15,SKU041,20.2
2025-12-15,SKU042,21.06
2025-12-15,SKU043,21.37
2025-12-15,SKU044,20.32
2025-12-15,SKU045,24.14
2025-12-15,SKU046,23.32
2025-12-15,SKU047,21.3
2025-12-15,SKU048,21.27
2025-12-15,SKU049,21.39
2025-12-15,SKU050,21.11
2025-12-16,SKU001,21.82
2025-12-16,SKU002,20.98
2025-12-16,SKU003,22.13
2025-12-16,SKU004,20.46
2025-12-16,SKU005,21.09
2025-12-16,SKU006,21.37
2025-12-16,SKU007,20.37
2025-12-16,SKU008,21.47
2025-12-16,SKU009,23.26
2025-12-16,SKU010,22.38
2025-12-16,SKU011,20.21
2025-12-16,SKU012,19.64
2025-12-16,SKU013,19.07
2025-12-16,SKU014,18.84
2025-12-16,SKU015,19.19
2025-12-16,SKU016,23.85
2025-12-16,SKU017,24.07
2025-12-16,SKU018,18.38
2025-12-16,SKU019,17.86
2025-12-16,SKU020,18.83
2025-12-16,SKU021,18.25
2025-12-16,SKU022,18.93
2025-12-16,SKU023,25.68
2025-12-16,SKU024,27.12
2025-12-16,SKU025,19.86
2025-12-16,SKU026,20.1
2025-12-16,SKU027,19.58
2025-12-16,SKU028,19.61
2025-12-16,SKU029,19.64
2025-12-16,SKU030,26.65
2025-12-16,SKU031,27.6
2025-12-16,SKU032,20.32
2025-12-16,SKU033,19.84
2025-12-16,SKU034,19.69
2025-12-16,SKU035,19.75
2025-12-16,SKU036,20.15
2025-12-16,SKU037,26.53
2025-12-16,SKU038,26.85
2025-12-16,SKU039,19.86
2025-12-16,SKU040,20.04
2025-12-16,SKU041,20.32
2025-12-16,SKU042,19.9
2025-12-16,SKU043,19.97
2025-12-16,SKU044,24.89
2025-12-16,SKU045,26.31
2025-12-16,SKU046,21.54
2025-12-16,SKU047,20.6
2025-12-16,SKU048,20.17
2025-12-16,SKU049,20.02
2025-12-16,SKU050,20.9
2025-12-17,SKU001,26.51
2025-12-17,SKU002,24.56
2025-12-17,SKU003,21.63
2025-12-17,SKU004,21.83
2025-12-17,SKU005,21.91
2025-12-17,SKU006,22.15
2025-12-17,SKU007,21.94
2025-12-17,SKU008,23.81
2025-12-17,SKU009,24.31
2025-12-17,SKU010,21.32
2025-12-17,SKU011,22.16
2025-12-17,SKU012,21.8
2025-12-17,SKU013,21.38
2025-12-17,SKU014,20.77
2025-12-17,SKU015,25.31
2025-12-17,SKU016,25.98
2025-12-17,SKU017,22.11
2025-12-17,SKU018,22.61
2025-12-17,SKU019,21.72
2025-12-17,SKU020,21.92
2025-12-17,SKU021,21.38
2025-12-17,SKU022,25.17
2025-12-17,SKU023,25.02
2025-12-17,SKU024,22.14
2025-12-17,SKU025,22.45
2025-12-17,SKU026,22.57
2025-12-17,SKU027,2.66
2025-12-17,SKU028,6.71
2025-12-17,SKU029,7.52
2025-12-17,SKU030,5.92
2025-12-17,SKU031,7.52
2025-12-17,SKU032,7.27
2025-12-17,SKU033,7.71
2025-12-17,SKU034,7.23
2025-12-17,SKU035,7.12
2025-12-17,SKU036,7.6
2025-12-17,SKU037,7.31
2025-12-17,SKU038,7.31
2025-12-17,SKU039,7.62
2025-12-17,SKU040,6.63
2025-12-17,SKU041,6.52
2025-12-17,SKU042,6.79
2025-12-17,SKU043,6.25
2025-12-17,SKU044,6.19
2025-12-17,SKU045,5.85
2025-12-17,SKU046,6.26
2025-12-17,SKU047,6.44
2025-12-17,SKU048,5.53
2025-12-17,SKU049,5.51
2025-12-17,SKU050,5.51
2025-12-18,SKU001,5.59
2025-12-18,SKU002,6.31
2025-12-18,SKU003,6.51
2025-12-18,SKU004,6.71
2025-12-18,SKU005,6.2
2025-12-18,SKU006,5.51
2025-12-18,SKU007,5.93
2025-12-18,SKU008,6.41
2025-12-18,SKU009,6.34
2025-12-18,SKU010,6.56
2025-12-18,SKU011,6.89
2025-12-18,SKU012,5.67
2025-12-18,SKU013,6.08
2025-12-18,SKU014,6.31
2025-12-18,SKU015,6.31
2025-12-18,SKU016,6.25
2025-12-18,SKU017,6.21
2025-12-18,SKU018,5.87
2025-12-18,SKU019,5.42
2025-12-18,SKU020,5.86
2025-12-18,SKU021,5.91
2025-12-18,SKU022,5.33
2025-12-18,SKU023,6.13
2025-12-18,SKU024,5.96
2025-12-18,SKU025,6.32
2025-12-18,SKU026,5.39
2025-12-18,SKU027,6.22
2025-12-18,SKU028,5.81
2025-12-18,SKU029,6.04
2025-12-18,SKU030,6.3
2025-12-18,SKU031,7.26
2025-12-18,SKU032,7.59
2025-12-18,SKU033,6.32
2025-12-18,SKU034,5.69
2025-12-18,SKU035,5.61
2025-12-18,SKU036,6.25
2025-12-18,SKU037,6.47
2025-12-18,SKU038,7.53
2025-12-18,SKU039,8.48
2025-12-18,SKU040,6.69
2025-12-18,SKU041,6.77
2025-12-18,SKU042,6.56
2025-12-18,SKU043,6.8
2025-12-18,SKU044,6.45
2025-12-18,SKU045,7.74
2025-12-18,SKU046,8.34
2025-12-18,SKU047,6.61
2025-12-18,SKU048,6.81
2025-12-18,SKU049,6.41
2025-12-18,SKU050,6.62
2025-12-19,SKU001,6.46
2025-12-19,SKU002,9.98
2025-12-19,SKU003,9.82
2025-12-19,SKU004,7.21
2025-12-19,SKU005,7.04
2025-12-19,SKU006,6.35
2025-12-19,SKU007,6.69
2025-12-19,SKU008,6.65
2025-12-19,SKU009,8.91
2025-12-19,SKU010,9.59
2025-12-19,SKU011,8.0
2025-12-19,SKU012,7.57
2025-12-19,SKU013,7.18
2025-12-19,SKU014,7.75
2025-12-19,SKU015,7.83
2025-12-19,SKU016,9.49
2025-12-19,SKU017,9.22
2025-12-19,SKU018,7.26
2025-12-19,SKU019,6.93
2025-12-19,SKU020,7.06
2025-12-19,SKU021,7.19
2025-12-19,SKU022,7.45
2025-12-19,SKU023,8.53
2025-12-19,SKU024,7.54
2025-12-19,SKU025,7.32
2025-12-19,SKU026,6.86
2025-12-19,SKU027,6.51
2025-12-19,SKU028,6.66
2025-12-19,SKU029,7.37
2025-12-19,SKU030,7.06
2025-12-19,SKU031,7.35
2025-12-19,SKU032,5.98
2025-12-19,SKU033,6.18
2025-12-19,SKU034,6.9
2025-12-19,SKU035,7.38
2025-12-19,SKU036,5.81
2025-12-19,SKU037,7.24
2025-12-19,SKU038,7.55
2025-12-19,SKU039,6.11
2025-12-19,SKU040,6.22
2025-12-19,SKU041,5.73
2025-12-19,SKU042,6.14
2025-12-19,SKU043,5.75
2025-12-19,SKU044,8.65
2025-12-19,SKU045,8.26
2025-12-19,SKU046,5.52
2025-12-19,SKU047,5.89
2025-12-19,SKU048,5.95
2025-12-19,SKU049,6.31
2025-12-19,SKU050,6.43
2025-12-20,SKU001,8.73
2025-12-20,SKU002,8.0
2025-12-20,SKU003,6.56
2025-12-20,SKU004,6.35
2025-12-20,SKU005,6.08
2025-12-20,SKU006,6.88
2025-12-20,SKU007,6.26
2025-12-20,SKU008,6.77
2025-12-20,SKU009,6.92
2025-12-20,SKU010,6.71
2025-12-20,SKU011,7.04
2025-12-20,SKU012,6.95
2025-12-20,SKU013,7.94
2025-12-20,SKU014,6.8
2025-12-20,SKU015,8.84
2025-12-20,SKU016,8.74
2025-12-20,SKU017,6.88
2025-12-20,SKU018,6.32
2025-12-20,SKU019,6.44
2025-12-20,SKU020,7.03
2025-12-20,SKU021,6.85
2025-12-20,SKU022,7.46
2025-12-20,SKU023,7.11
2025-12-20,SKU024,6.38
2025-12-20,SKU025,5.55
2025-12-20,SKU026,5.83
2025-12-20,SKU027,6.38
2025-12-20,SKU028,6.31
2025-12-20,SKU029,7.89
2025-12-20,SKU030,8.34
2025-12-20,SKU031,5.82
2025-12-20,SKU032,6.08
2025-12-20,SKU033,6.07
2025-12-20,SKU034,6.65
2025-12-20,SKU035,6.46
2025-12-20,SKU036,9.1
2025-12-20,SKU037,9.02
2025-12-20,SKU038,6.13
2025-12-20,SKU039,6.05
2025-12-20,SKU040,6.47
2025-12-20,SKU041,6.81
2025-12-20,SKU042,5.86
2025-12-20,SKU043,7.33
2025-12-20,SKU044,7.99
2025-12-20,SKU045,5.96
2025-12-20,SKU046,6.18
2025-12-20,SKU047,5.94
2025-12-20,SKU048,6.48
2025-12-20,SKU049,6.12
2025-12-20,SKU050,8.73
2025-12-21,SKU001,8.48
2025-12-21,SKU002,6.95
2025-12-21,SKU003,6.81
2025-12-21,SKU004,6.8
2025-12-21,SKU005,6.68
2025-12-21,SKU006,6.96
2025-12-21,SKU007,7.42
2025-12-21,SKU008,7.98
2025-12-21,SKU009,6.3
2025-12-21,SKU010,6.83
2025-12-21,SKU011,6.29
2025-12-21,SKU012,6.27
2025-12-21,SKU013,6.18
2025-12-21,SKU014,7.1
2025-12-21,SKU015,6.66
2025-12-21,SKU016,6.69
2025-12-21,SKU017,5.66
2025-12-21,SKU018,5.89
2025-12-21,SKU019,6.66
2025-12-21,SKU020,5.96
2025-12-21,SKU021,6.71
2025-12-21,SKU022,6.7
2025-12-21,SKU023,5.84
2025-12-21,SKU024,6.26
2025-12-21,SKU025,6.04
2025-12-21,SKU026,6.37
2025-12-21,SKU027,6.49
2025-12-21,SKU028,8.18
2025-12-21,SKU029,7.51
2025-12-21,SKU030,6.8
2025-12-21,SKU031,6.43
2025-12-21,SKU032,6.48
2025-12-21,SKU033,6.67
2025-12-21,SKU034,6.08
2025-12-21,SKU035,6.57
2025-12-21,SKU036,6.52
2025-12-21,SKU037,5.41
2025-12-21,SKU038,5.1
2025-12-21,SKU039,5.87
2025-12-21,SKU040,5.73
2025-12-21,SKU041,5.95
2025-12-21,SKU042,6.89
2025-12-21,SKU043,7.01
2025-12-21,SKU044,4.92
2025-12-21,SKU045,5.04
2025-12-21,SKU046,5.44
2025-12-21,SKU047,5.02
2025-12-21,SKU048,5.33
2025-12-21,SKU049,6.32
2025-12-21,SKU050,6.35
2025-12-22,SKU001,5.65
2025-12-22,SKU002,5.66
2025-12-22,SKU003,5.34
2025-12-22,SKU004,5.49
2025-12-22,SKU005,5.58
2025-12-22,SKU006,7.32
2025-12-22,SKU007,6.97
2025-12-22,SKU008,5.76
2025-12-22,SKU009,5.59
2025-12-22,SKU010,5.33
2025-12-22,SKU011,5.49
2025-12-22,SKU012,5.69
2025-12-22,SKU013,7.22
2025-12-22,SKU014,7.3
2025-12-22,SKU015,5.67
2025-12-22,SKU016,5.06
2025-12-22,SKU017,5.27
2025-12-22,SKU018,5.45
2025-12-22,SKU019,5.46
2025-12-22,SKU020,7.27
2025-12-22,SKU021,7.27
2025-12-22,SKU022,5.25
2025-12-22,SKU023,4.81
2025-12-22,SKU024,4.57
2025-12-22,SKU025,5.17
2025-12-22,SKU026,5.28
2025-12-22,SKU027,7.18
2025-12-22,SKU028,7.19
2025-12-22,SKU029,5.06
2025-12-22,SKU030,5.94
2025-12-22,SKU031,5.56
2025-12-22,SKU032,5.66
2025-12-22,SKU033,6.05
2025-12-22,SKU034,7.26
2025-12-22,SKU035,7.27
2025-12-22,SKU036,5.68
2025-12-22,SKU037,5.14
2025-12-22,SKU038,5.26
2025-12-22,SKU039,5.61
2025-12-22,SKU040,5.59
2025-12-22,SKU041,6.65
2025-12-22,SKU042,6.61
2025-12-22,SKU043,4.75
2025-12-22,SKU044,4.97
2025-12-22,SKU045,4.48
2025-12-22,SKU046,4.62
2025-12-22,SKU047,5.37
2025-12-22,SKU048,5.52
2025-12-22,SKU049,6.16
2025-12-22,SKU050,5.29
2025-12-23,SKU001,4.86
2025-12-23,SKU002,4.73
2025-12-23,SKU003,5.03
2025-12-23,SKU004,5.3
2025-12-23,SKU005,5.85
2025-12-23,SKU006,6.08
2025-12-23,SKU007,4.9
2025-12-23,SKU008,4.9
2025-12-23,SKU009,4.25
2025-12-23,SKU010,4.47
2025-12-23,SKU011,4.67
2025-12-23,SKU012,5.67
2025-12-23,SKU013,5.66
2025-12-23,SKU014,4.33
2025-12-23,SKU015,4.39
2025-12-23,SKU016,4.25
2025-12-23,SKU017,4.07
2025-12-23,SKU018,4.14
2025-12-23,SKU019,5.84
2025-12-23,SKU020,5.96
2025-12-23,SKU021,4.24
2025-12-23,SKU022,4.56
2025-12-23,SKU023,4.68
2025-12-23,SKU024,4.34
2025-12-23,SKU025,5.57
2025-12-23,SKU026,7.24
2025-12-23,SKU027,7.1
2025-12-23,SKU028,5.53
2025-12-23,SKU029,5.26
2025-12-23,SKU030,5.26
2025-12-23,SKU031,5.54
2025-12-23,SKU032,5.95
2025-12-23,SKU033,6.41
2025-12-23,SKU034,6.83
2025-12-23,SKU035,5.32
2025-12-23,SKU036,5.28
2025-12-23,SKU037,5.35
2025-12-23,SKU038,5.81
2025-12-23,SKU039,5.64
2025-12-23,SKU040,7.59
2025-12-23,SKU041,7.27
2025-12-23,SKU042,5.76
2025-12-23,SKU043,5.9
2025-12-23,SKU044,6.24
2025-12-23,SKU045,6.36
2025-12-23,SKU046,6.39
2025-12-23,SKU047,8.26
2025-12-23,SKU048,8.73
2025-12-23,SKU049,6.23
2025-12-23,SKU050,6.65
2025-12-24,SKU001,6.62
2025-12-24,SKU002,6.82
2025-12-24,SKU003,6.69
2025-12-24,SKU004,8.51
2025-12-24,SKU005,7.27
2025-12-24,SKU006,6.41
2025-12-24,SKU007,6.07
2025-12-24,SKU008,6.32
2025-12-24,SKU009,6.38
2025-12-24,SKU010,6.19
2025-12-24,SKU011,7.08
2025-12-24,SKU012,6.29
2025-12-24,SKU013,6.73
2025-12-24,SKU014,6.41
2025-12-24,SKU015,6.73
2025-12-24,SKU016,6.3
2025-12-24,SKU017,6.23
2025-12-24,SKU018,6.12
2025-12-24,SKU019,6.36
2025-12-24,SKU020,5.7
2025-12-24,SKU021,5.07
2025-12-24,SKU022,5.56
2025-12-24,SKU023,5.47
2025-12-24,SKU024,5.7
2025-12-24,SKU025,6.16
2025-12-24,SKU026,6.71
2025-12-24,SKU027,5.28
2025-12-24,SKU028,5.34
2025-12-24,SKU029,5.22
2025-12-24,SKU030,4.9
2025-12-24,SKU031,5.91
2025-12-24,SKU032,6.45
2025-12-24,SKU033,6.4
2025-12-24,SKU034,6.01
2025-12-24,SKU035,5.72
2025-12-24,SKU036,5.58
2025-12-24,SKU037,5.76
2025-12-24,SKU038,6.33
2025-12-24,SKU039,7.15
2025-12-24,SKU040,6.34
2025-12-24,SKU041,6.75
2025-12-24,SKU042,7.19
2025-12-24,SKU043,7.29
2025-12-24,SKU044,6.85
2025-12-24,SKU045,7.57
2025-12-24,SKU046,7.27
2025-12-24,SKU047,7.42
2025-12-24,SKU048,7.06
2025-12-24,SKU049,6.96
2025-12-24,SKU050,6.49
2025-12-25,SKU001,6.65
2025-12-25,SKU002,6.56
2025-12-25,SKU003,7.35
2025-12-25,SKU004,6.79
2025-12-25,SKU005,6.79
2025-12-25,SKU006,6.49
2025-12-25,SKU007,6.69
2025-12-25,SKU008,6.55
2025-12-25,SKU009,6.53
2025-12-25,SKU010,7.54
2025-12-25,SKU011,7.13
2025-12-25,SKU012,6.5
2025-12-25,SKU013,6.77
2025-12-25,SKU014,6.16
2025-12-25,SKU015,6.6
2025-12-25,SKU016,6.5
2025-12-25,SKU017,7.79
2025-12-25,SKU018,7.44
2025-12-25,SKU019,6.4
2025-12-25,SKU020,6.68
2025-12-25,SKU021,6.11
2025-12-25,SKU022,6.17
2025-12-25,SKU023,6.11
2025-12-25,SKU024,6.27
2025-12-25,SKU025,6.69
2025-12-25,SKU026,6.31
2025-12-25,SKU027,6.67
2025-12-25,SKU028,6.04
2025-12-25,SKU029,6.87
2025-12-25,SKU030,6.83
2025-12-25,SKU031,6.59
2025-12-25,SKU032,6.85
2025-12-25,SKU033,6.14
2025-12-25,SKU034,6.44
2025-12-25,SKU035,6.6
2025-12-25,SKU036,6.7
2025-12-25,SKU037,6.7
2025-12-25,SKU038,7.53
2025-12-25,SKU039,7.77
2025-12-25,SKU040,6.53
2025-12-25,SKU041,6.9
2025-12-25,SKU042,7.19
2025-12-25,SKU043,6.88
2025-12-25,SKU044,7.1
2025-12-25,SKU045,7.36
2025-12-25,SKU046,7.7
2025-12-25,SKU047,6.72
2025-12-25,SKU048,7.05
2025-12-25,SKU049,7.28
2025-12-25,SKU050,7.14
2025-12-26,SKU001,7.19
2025-12-26,SKU002,8.83
2025-12-26,SKU003,9.33
2025-12-26,SKU004,6.85
2025-12-26,SKU005,6.82
2025-12-26,SKU006,6.79
2025-12-26,SKU007,7.22
2025-12-26,SKU008,6.76
2025-12-26,SKU009,10.41
2025-12-26,SKU010,10.24
2025-12-26,SKU011,7.17
2025-12-26,SKU012,6.83
2025-12-26,SKU013,6.64
2025-12-26,SKU014,6.72
2025-12-26,SKU015,6.6
2025-12-26,SKU016,9.58
2025-12-26,SKU017,9.29
2025-12-26,SKU018,7.69
2025-12-26,SKU019,7.92
2025-12-26,SKU020,8.09
2025-12-26,SKU021,8.33
2025-12-26,SKU022,8.23
2025-12-26,SKU023,11.22
2025-12-26,SKU024,9.55
2025-12-26,SKU025,8.18
2025-12-26,SKU026,8.02
2025-12-26,SKU027,8.25
2025-12-26,SKU028,8.76
2025-12-26,SKU029,8.51
2025-12-26,SKU030,9.8
2025-12-26,SKU031,9.42
2025-12-26,SKU032,7.99
2025-12-26,SKU033,8.08
2025-12-26,SKU034,8.44
2025-12-26,SKU035,8.34
2025-12-26,SKU036,7.89
2025-12-26,SKU037,10.06
2025-12-26,SKU038,9.69
2025-12-26,SKU039,7.97
2025-12-26,SKU040,8.14
2025-12-26,SKU041,8.01
2025-12-26,SKU042,8.24
2025-12-26,SKU043,8.2
2025-12-26,SKU044,9.06
2025-12-26,SKU045,8.77
2025-12-26,SKU046,7.68
2025-12-26,SKU047,7.44
2025-12-26,SKU048,7.42
2025-12-26,SKU049,7.55
2025-12-26,SKU050,7.47
2025-12-27,SKU001,7.01
2025-12-27,SKU002,7.24
2025-12-27,SKU003,7.8
2025-12-27,SKU004,7.82
2025-12-27,SKU005,7.94
2025-12-27,SKU006,8.2
2025-12-27,SKU007,7.7
2025-12-27,SKU008,7.25
2025-12-27,SKU009,7.5
2025-12-27,SKU010,7.98
2025-12-27,SKU011,6.7
2025-12-27,SKU012,7.12
2025-12-27,SKU013,6.11
2025-12-27,SKU014,6.2
2025-12-27,SKU015,6.76
2025-12-27,SKU016,6.88
2025-12-27,SKU017,5.87
2025-12-27,SKU018,6.23
2025-12-27,SKU019,6.78
2025-12-27,SKU020,6.63
2025-12-27,SKU021,5.88
2025-12-27,SKU022,8.18
2025-12-27,SKU023,8.68
2025-12-27,SKU024,5.78
2025-12-27,SKU025,5.92
2025-12-27,SKU026,6.29
2025-12-27,SKU027,6.05
2025-12-27,SKU028,5.72
2025-12-27,SKU029,9.19
2025-12-27,SKU030,8.41
2025-12-27,SKU031,6.38
2025-12-27,SKU032,6.67
2025-12-27,SKU033,6.52
2025-12-27,SKU034,6.83
2025-12-27,SKU035,7.05
2025-12-27,SKU036,9.28
2025-12-27,SKU037,9.39
2025-12-27,SKU038,7.34
2025-12-27,SKU039,7.18
2025-12-27,SKU040,7.34
2025-12-27,SKU041,7.87
2025-12-27,SKU042,7.9
2025-12-27,SKU043,10.03
2025-12-27,SKU044,11.15
2025-12-27,SKU045,7.98
2025-12-27,SKU046,7.38
2025-12-27,SKU047,7.94
2025-12-27,SKU048,7.72
2025-12-27,SKU049,7.9
2025-12-27,SKU050,10.25
2025-12-28,SKU001,10.02
2025-12-28,SKU002,7.63
2025-12-28,SKU003,7.75
2025-12-28,SKU004,7.64
2025-12-28,SKU005,7.26
2025-12-28,SKU006,7.16
2025-12-28,SKU007,8.99
2025-12-28,SKU008,9.84
2025-12-28,SKU009,7.28
2025-12-28,SKU010,7.02
2025-12-28,SKU011,6.92
2025-12-28,SKU012,6.69
2025-12-28,SKU013,6.73
2025-12-28,SKU014,9.82
2025-12-28,SKU015,9.01
2025-12-28,SKU016,6.74
2025-12-28,SKU017,6.95
2025-12-28,SKU018,6.18
2025-12-28,SKU019,6.12
2025-12-28,SKU020,6.21
2025-12-28,SKU021,9.27
2025-12-28,SKU022,8.99
2025-12-28,SKU023,6.74
2025-12-28,SKU024,6.97
2025-12-28,SKU025,6.51
2025-12-28,SKU026,6.33
2025-12-28,SKU027,7.15
2025-12-28,SKU028,6.57
2025-12-28,SKU029,6.8
2025-12-28,SKU030,7.33
2025-12-28,SKU031,7.17
2025-12-28,SKU032,7.61
2025-12-28,SKU033,7.18
2025-12-28,SKU034,7.42
2025-12-28,SKU035,7.62
2025-12-28,SKU036,6.76
2025-12-28,SKU037,7.17
2025-12-28,SKU038,6.95
2025-12-28,SKU039,6.85
2025-12-28,SKU040,6.76
2025-12-28,SKU041,6.83
2025-12-28,SKU042,7.9
2025-12-28,SKU043,8.18
2025-12-28,SKU044,7.35
2025-12-28,SKU045,6.55
2025-12-28,SKU046,7.01
2025-12-28,SKU047,6.46
2025-12-28,SKU048,6.23
2025-12-28,SKU049,7.27
2025-12-28,SKU050,7.12
2025-12-29,SKU001,5.98
2025-12-29,SKU002,6.19
2025-12-29,SKU003,6.25
2025-12-29,SKU004,6.05
2025-12-29,SKU005,6.05
2025-12-29,SKU006,6.38
2025-12-29,SKU007,6.21
2025-12-29,SKU008,6.39
2025-12-29,SKU009,5.91
2025-12-29,SKU010,5.82
2025-12-29,SKU011,6.14
2025-12-29,SKU012,5.85
2025-12-29,SKU013,6.09
2025-12-29,SKU014,6.32
2025-12-29,SKU015,5.63
2025-12-29,SKU016,4.87
2025-12-29,SKU017,5.11
2025-12-29,SKU018,5.28
2025-12-29,SKU019,5.55
2025-12-29,SKU020,6.86
2025-12-29,SKU021,7.65
2025-12-29,SKU022,5.22
2025-12-29,SKU023,5.67
2025-12-29,SKU024,5.13
2025-12-29,SKU025,5.15
2025-12-29,SKU026,5.57
2025-12-29,SKU027,7.12
2025-12-29,SKU028,7.78
2025-12-29,SKU029,5.22
2025-12-29,SKU030,5.23
2025-12-29,SKU031,5.08
2025-12-29,SKU032,5.28
2025-12-29,SKU033,5.5
2025-12-29,SKU034,7.4
2025-12-29,SKU035,7.33
2025-12-29,SKU036,4.84
2025-12-29,SKU037,5.12
2025-12-29,SKU038,4.88
2025-12-29,SKU039,5.16
2025-12-29,SKU040,4.96
2025-12-29,SKU041,6.72
2025-12-29,SKU042,6.92
2025-12-29,SKU043,4.67
2025-12-29,SKU044,4.34
2025-12-29,SKU045,4.41
2025-12-29,SKU046,4.55
2025-12-29,SKU047,4.6
2025-12-29,SKU048,5.52
2025-12-29,SKU049,5.74
2025-12-29,SKU050,4.65
2025-12-30,SKU001,5.02
2025-12-30,SKU002,4.48
2025-12-30,SKU003,4.19
2025-12-30,SKU004,4.07
2025-12-30,SKU005,6.22
2025-12-30,SKU006,5.88
2025-12-30,SKU007,4.68
2025-12-30,SKU008,4.57
2025-12-30,SKU009,4.2
2025-12-30,SKU010,4.58
2025-12-30,SKU011,4.64
2025-12-30,SKU012,5.1
2025-12-30,SKU013,5.03
2025-12-30,SKU014,4.1
2025-12-30,SKU015,4.47
2025-12-30,SKU016,4.15
2025-12-30,SKU017,4.3
2025-12-30,SKU018,4.43
2025-12-30,SKU019,5.29
2025-12-30,SKU020,6.02
2025-12-30,SKU021,4.65
2025-12-30,SKU022,4.93
2025-12-30,SKU023,4.97
2025-12-30,SKU024,5.24
2025-12-30,SKU025,5.39
2025-12-30,SKU026,6.42
2025-12-30,SKU027,6.77
2025-12-30,SKU028,5.28
2025-12-30,SKU029,4.49
2025-12-30,SKU030,4.45
2025-12-30,SKU031,5.34
2025-12-30,SKU032,5.59
2025-12-30,SKU033,6.06
2025-12-30,SKU034,6.28
2025-12-30,SKU035,5.62
2025-12-30,SKU036,5.39
2025-12-30,SKU037,5.25
2025-12-30,SKU038,5.36
2025-12-30,SKU039,5.29
2025-12-30,SKU040,6.81
2025-12-30,SKU041,6.79
2025-12-30,SKU042,4.87
2025-12-30,SKU043,4.41
2025-12-30,SKU044,4.43
2025-12-30,SKU045,4.76
2025-12-30,SKU046,4.94
2025-12-30,SKU047,6.09
2025-12-30,SKU048,6.64
2025-12-30,SKU049,4.6
2025-12-30,SKU050,4.4
2025-12-31,SKU001,4.34
2025-12-31,SKU002,4.65
2025-12-31,SKU003,4.85
2025-12-31,SKU004,6.28
2025-12-31,SKU005,7.0
2025-12-31,SKU006,5.84
2025-12-31,SKU007,5.77
2025-12-31,SKU008,5.14
2025-12-31,SKU009,5.35
2025-12-31,SKU010,5.59
2025-12-31,SKU011,6.77
2025-12-31,SKU012,6.91
2025-12-31,SKU013,5.62
2025-12-31,SKU014,5.7
2025-12-31,SKU015,5.79
2025-12-31,SKU016,5.89
2025-12-31,SKU017,5.87
2025-12-31,SKU018,7.03
2025-12-31,SKU019,7.5
2025-12-31,SKU020,5.64
2025-12-31,SKU021,5.24
2025-12-31,SKU022,5.38
2025-12-31,SKU023,5.64
2025-12-31,SKU024,5.63
2025-12-31,SKU025,6.09
2025-12-31,SKU026,6.28
2025-12-31,SKU027,5.31
2025-12-31,SKU028,5.5
2025-12-31,SKU029,5.35
2025-12-31,SKU030,5.54
2025-12-31,SKU031,5.76
2025-12-31,SKU032,6.0
2025-12-31,SKU033,6.76
2025-12-31,SKU034,5.73
2025-12-31,SKU035,5.67
2025-12-31,SKU036,4.92
2025-12-31,SKU037,5.29
2025-12-31,SKU038,5.88
2025-12-31,SKU039,6.3
2025-12-31,SKU040,6.47
2025-12-31,SKU041,5.09
2025-12-31,SKU042,4.96
2025-12-31,SKU043,4.74
2025-12-31,SKU044,4.7
2025-12-31,SKU045,4.95
2025-12-31,SKU046,6.55
2025-12-31,SKU047,6.42
2025-12-31,SKU048,5.2
2025-12-31,SKU049,5.44
2025-12-31,SKU050,5.29
